customerID,gender,SeniorCitizen,Partner,Dependents,tenure,Contract,InternetService,MonthlyCharges,TotalCharges,PaymentMethod,churnProbabilityPrecent,RiskScore,RiskLevel
7590-VHVEG,Female,0,Yes,No,1,Month-to-month,DSL,29.85,29.85,Electronic check,80.18,80.18,High
5575-GNVDE,Male,0,No,No,34,One year,DSL,56.95,1889.5,Mailed check,7.21,7.21,Low
3668-QPYBK,Male,0,No,No,2,Month-to-month,DSL,53.85,108.15,Mailed check,54.33,54.33,Medium
7795-CFOCW,Male,0,No,No,45,One year,DSL,42.3,1840.75,Bank transfer (automatic),1.92,1.92,Low
9237-HQITU,Female,0,No,No,2,Month-to-month,Fiber optic,70.7,151.65,Electronic check,80.97,80.97,High
9305-CDSKC,Female,0,No,No,8,Month-to-month,Fiber optic,99.65,820.5,Electronic check,91.43,91.43,High
1452-KIOVK,Male,0,No,Yes,22,Month-to-month,Fiber optic,89.1,1949.4,Credit card (automatic),72.22,72.22,High
6713-OKOMC,Female,0,No,No,10,Month-to-month,DSL,29.75,301.9,Mailed check,44.22,44.22,Medium
7892-POOKP,Female,0,Yes,No,28,Month-to-month,Fiber optic,104.8,3046.05,Electronic check,76.47,76.47,High
6388-TABGU,Male,0,No,Yes,62,One year,DSL,56.15,3487.95,Bank transfer (automatic),7.67,7.67,Low
9763-GRSKD,Male,0,Yes,Yes,13,Month-to-month,DSL,49.95,587.45,Mailed check,41.96,41.96,Medium
7469-LKBCI,Male,0,No,No,16,Two year,No,18.95,326.8,Credit card (automatic),6.73,6.73,Low
8091-TTVAX,Male,0,Yes,No,58,One year,Fiber optic,100.35,5681.1,Credit card (automatic),29.26,29.26,Low
0280-XJGEX,Male,0,No,No,49,Month-to-month,Fiber optic,103.7,5036.3,Bank transfer (automatic),65.12,65.12,High
5129-JLPIS,Male,0,No,No,25,Month-to-month,Fiber optic,105.5,2686.05,Electronic check,65.34,65.34,High
3655-SNQYZ,Female,0,Yes,Yes,69,Two year,Fiber optic,113.25,7895.15,Credit card (automatic),13.34,13.34,Low
8191-XWSZG,Female,0,No,No,52,One year,No,20.65,1022.95,Mailed check,6.62,6.62,Low
9959-WOFKT,Male,0,No,Yes,71,Two year,Fiber optic,106.7,7382.25,Bank transfer (automatic),4.53,4.53,Low
4190-MFLUW,Female,0,Yes,Yes,10,Month-to-month,DSL,55.2,528.35,Credit card (automatic),44.42,44.42,Medium
4183-MYFRB,Female,0,No,No,21,Month-to-month,Fiber optic,90.05,1862.9,Electronic check,71.05,71.05,High
8779-QRDMV,Male,1,No,No,1,Month-to-month,DSL,39.65,39.65,Electronic check,89.75,89.75,High
1680-VDCWW,Male,0,Yes,No,12,One year,No,19.8,202.25,Bank transfer (automatic),11.65,11.65,Low
1066-JKSGK,Male,0,No,No,1,Month-to-month,No,20.15,20.15,Mailed check,46.21,46.21,Medium
3638-WEABW,Female,0,Yes,No,58,Two year,DSL,59.9,3505.1,Credit card (automatic),3.4,3.4,Low
6322-HRPFA,Male,0,Yes,Yes,49,Month-to-month,DSL,59.6,2970.3,Credit card (automatic),40.11,40.11,Medium
6865-JZNKO,Female,0,No,No,30,Month-to-month,DSL,55.3,1530.6,Bank transfer (automatic),46.66,46.66,Medium
6467-CHFZW,Male,0,Yes,Yes,47,Month-to-month,Fiber optic,99.35,4749.15,Electronic check,67.98,67.98,High
8665-UTDHZ,Male,0,Yes,Yes,1,Month-to-month,DSL,30.2,30.2,Electronic check,60.83,60.83,High
5248-YGIJN,Male,0,Yes,No,72,Two year,DSL,90.25,6369.45,Credit card (automatic),5.5,5.5,Low
8773-HHUOZ,Female,0,No,Yes,17,Month-to-month,DSL,64.7,1093.1,Mailed check,49.73,49.73,Medium
3841-NFECX,Female,1,Yes,No,71,Two year,Fiber optic,96.35,6766.95,Credit card (automatic),3.14,3.14,Low
4929-XIHVW,Male,1,Yes,No,2,Month-to-month,Fiber optic,95.5,181.65,Credit card (automatic),86.97,86.97,High
6827-IEAUQ,Female,0,Yes,Yes,27,One year,DSL,66.15,1874.45,Mailed check,6.87,6.87,Low
7310-EGVHZ,Male,0,No,No,1,Month-to-month,No,20.2,20.2,Bank transfer (automatic),46.28,46.28,Medium
3413-BMNZE,Male,1,No,No,1,Month-to-month,DSL,45.25,45.25,Bank transfer (automatic),64.2,64.2,High
6234-RAAPL,Female,0,Yes,Yes,72,Two year,Fiber optic,99.9,7251.7,Bank transfer (automatic),1.0,1.0,Low
6047-YHPVI,Male,0,No,No,5,Month-to-month,Fiber optic,69.7,316.9,Electronic check,77.96,77.96,High
6572-ADKRS,Female,0,No,No,46,Month-to-month,Fiber optic,74.8,3548.3,Credit card (automatic),45.09,45.09,Medium
5380-WJKOV,Male,0,No,No,34,Month-to-month,Fiber optic,106.35,3549.25,Electronic check,76.63,76.63,High
8168-UQWWF,Female,0,No,No,11,Month-to-month,Fiber optic,97.85,1105.4,Bank transfer (automatic),88.3,88.3,High
8865-TNMNX,Male,0,Yes,Yes,10,One year,DSL,49.55,475.7,Mailed check,22.53,22.53,Low
9489-DEDVP,Female,0,Yes,Yes,70,Two year,DSL,69.2,4872.35,Credit card (automatic),5.89,5.89,Low
9867-JCZSP,Female,0,Yes,Yes,17,One year,No,20.75,418.25,Mailed check,11.35,11.35,Low
4671-VJLCL,Female,0,No,No,63,Two year,DSL,79.85,4861.45,Credit card (automatic),4.88,4.88,Low
4080-IIARD,Female,0,Yes,No,13,Month-to-month,DSL,76.2,981.45,Electronic check,49.51,49.51,Medium
3714-NTNFO,Female,0,No,No,49,Month-to-month,Fiber optic,84.5,3906.7,Electronic check,57.89,57.89,Medium
5948-UJZLF,Male,0,No,No,2,Month-to-month,DSL,49.25,97.0,Mailed check,52.22,52.22,Medium
7760-OYPDY,Female,0,No,No,2,Month-to-month,Fiber optic,80.65,144.15,Electronic check,84.72,84.72,High
7639-LIAYI,Male,0,No,No,52,Two year,DSL,79.75,4217.8,Credit card (automatic),10.04,10.04,Low
2954-PIBKO,Female,0,Yes,Yes,69,Two year,DSL,64.15,4254.1,Credit card (automatic),2.75,2.75,Low
8012-SOUDQ,Female,1,No,No,43,Month-to-month,Fiber optic,90.25,3838.75,Electronic check,67.73,67.73,High
9420-LOJKX,Female,0,No,No,15,Month-to-month,Fiber optic,99.1,1426.4,Credit card (automatic),69.62,69.62,High
6575-SUVOI,Female,1,Yes,No,25,Month-to-month,DSL,69.5,1752.65,Credit card (automatic),53.56,53.56,Medium
7495-OOKFY,Female,1,Yes,No,8,Month-to-month,Fiber optic,80.65,633.3,Credit card (automatic),77.75,77.75,High
4667-QONEA,Female,1,Yes,Yes,60,One year,DSL,74.85,4456.35,Credit card (automatic),26.43,26.43,Low
1658-BYGOY,Male,1,No,No,18,Month-to-month,Fiber optic,95.45,1752.55,Electronic check,86.88,86.88,High
8769-KKTPH,Female,0,Yes,Yes,63,One year,Fiber optic,99.65,6311.2,Credit card (automatic),30.93,30.93,Medium
5067-XJQFU,Male,1,Yes,Yes,66,One year,Fiber optic,108.45,7076.35,Electronic check,42.28,42.28,Medium
3957-SQXML,Female,0,Yes,Yes,34,Two year,No,24.95,894.3,Credit card (automatic),4.84,4.84,Low
5954-BDFSG,Female,0,No,No,72,Two year,Fiber optic,107.5,7853.7,Credit card (automatic),27.38,27.38,Low
0434-CSFON,Female,0,Yes,No,47,Month-to-month,Fiber optic,100.5,4707.1,Electronic check,68.31,68.31,High
1215-FIGMP,Male,0,No,No,60,Month-to-month,Fiber optic,89.9,5450.7,Bank transfer (automatic),54.33,54.33,Medium
0526-SXDJP,Male,0,Yes,No,72,Two year,DSL,42.1,2962.0,Bank transfer (automatic),0.73,0.73,Low
0557-ASKVU,Female,0,Yes,Yes,18,One year,DSL,54.4,957.1,Credit card (automatic),22.68,22.68,Low
5698-BQJOH,Female,0,No,No,9,Month-to-month,Fiber optic,94.4,857.25,Electronic check,86.68,86.68,High
5122-CYFXA,Female,0,No,No,3,Month-to-month,DSL,75.3,244.1,Electronic check,56.67,56.67,Medium
8627-ZYGSZ,Male,0,Yes,No,47,One year,Fiber optic,78.9,3650.35,Electronic check,36.01,36.01,Medium
3410-YOQBQ,Female,0,No,No,31,Two year,DSL,79.2,2497.2,Mailed check,13.5,13.5,Low
3170-NMYVV,Female,0,Yes,Yes,50,Two year,No,20.15,930.9,Bank transfer (automatic),3.07,3.07,Low
7410-OIEDU,Male,0,No,No,10,Month-to-month,Fiber optic,79.85,887.35,Mailed check,59.66,59.66,Medium
2273-QCKXA,Male,0,No,No,1,Month-to-month,DSL,49.05,49.05,Mailed check,49.35,49.35,Medium
0731-EBJQB,Female,0,Yes,Yes,52,One year,No,20.4,1090.65,Electronic check,10.52,10.52,Low
1891-QRQSA,Male,1,Yes,Yes,64,Two year,Fiber optic,111.6,7099.0,Bank transfer (automatic),3.71,3.71,Low
8028-PNXHQ,Male,0,Yes,Yes,62,Two year,No,24.25,1424.6,Bank transfer (automatic),1.61,1.61,Low
5630-AHZIL,Female,0,No,Yes,3,Month-to-month,DSL,64.5,177.4,Bank transfer (automatic),43.71,43.71,Medium
2673-CXQEU,Female,1,No,No,56,One year,Fiber optic,110.5,6139.5,Electronic check,27.84,27.84,Low
6416-JNVRK,Female,0,No,No,46,One year,DSL,55.65,2688.85,Credit card (automatic),13.56,13.56,Low
5590-ZSKRV,Female,0,Yes,Yes,8,Month-to-month,DSL,54.65,482.25,Mailed check,46.21,46.21,Medium
0191-ZHSKZ,Male,1,No,No,30,Month-to-month,DSL,74.75,2111.3,Electronic check,56.08,56.08,Medium
3887-PBQAO,Female,0,Yes,Yes,45,One year,No,25.9,1216.6,Credit card (automatic),9.34,9.34,Low
5919-TMRGD,Female,0,No,Yes,1,Month-to-month,Fiber optic,79.35,79.35,Electronic check,83.49,83.49,High
8108-UXRQN,Female,0,Yes,Yes,11,Month-to-month,DSL,50.55,565.35,Electronic check,50.71,50.71,Medium
9191-MYQKX,Female,0,Yes,No,7,Month-to-month,Fiber optic,75.15,496.9,Bank transfer (automatic),74.04,74.04,High
9919-YLNNG,Female,0,No,No,42,Month-to-month,Fiber optic,103.8,4327.5,Bank transfer (automatic),39.69,39.69,Medium
0318-ZOPWS,Female,0,Yes,No,49,Two year,No,20.15,973.35,Bank transfer (automatic),2.85,2.85,Low
4445-ZJNMU,Male,0,No,No,9,Month-to-month,Fiber optic,99.3,918.75,Credit card (automatic),82.63,82.63,High
4808-YNLEU,Female,0,Yes,No,35,One year,DSL,62.15,2215.45,Bank transfer (automatic),13.09,13.09,Low
1862-QRWPE,Female,0,Yes,Yes,48,Two year,No,20.65,1057.0,Bank transfer (automatic),3.16,3.16,Low
2796-NNUFI,Female,0,Yes,Yes,46,Two year,No,19.95,927.1,Mailed check,2.73,2.73,Low
3016-KSVCP,Male,0,Yes,No,29,Month-to-month,DSL,33.75,1009.25,Mailed check,69.02,69.02,High
4767-HZZHQ,Male,0,Yes,Yes,30,Month-to-month,Fiber optic,82.05,2570.2,Bank transfer (automatic),46.0,46.0,Medium
2424-WVHPL,Male,1,No,No,1,Month-to-month,Fiber optic,74.7,74.7,Electronic check,66.95,66.95,High
7233-PAHHL,Male,0,Yes,Yes,66,Two year,DSL,84.0,5714.25,Mailed check,1.76,1.76,Low
6067-NGCEU,Female,0,No,No,65,Month-to-month,Fiber optic,111.05,7107.0,Credit card (automatic),43.7,43.7,Medium
9848-JQJTX,Male,0,No,No,72,Two year,Fiber optic,100.9,7459.05,Bank transfer (automatic),30.99,30.99,Medium
8637-XJIVR,Female,0,No,No,12,Month-to-month,Fiber optic,78.95,927.35,Electronic check,74.07,74.07,High
9803-FTJCG,Male,0,Yes,Yes,71,One year,DSL,66.85,4748.7,Credit card (automatic),8.98,8.98,Low
0278-YXOOG,Male,0,No,No,5,Month-to-month,No,21.05,113.85,Mailed check,46.26,46.26,Medium
3212-KXOCR,Male,0,No,No,52,Two year,No,21.0,1107.2,Bank transfer (automatic),4.19,4.19,Low
4598-XLKNJ,Female,1,Yes,No,25,Month-to-month,Fiber optic,98.5,2514.5,Electronic check,78.45,78.45,High
6380-ARCEH,Male,0,No,No,1,Month-to-month,No,20.2,20.2,Mailed check,46.22,46.22,Medium
3679-XASPY,Female,0,Yes,Yes,1,Month-to-month,No,19.45,19.45,Electronic check,41.44,41.44,Medium
7123-WQUHX,Male,0,No,No,38,One year,Fiber optic,95.0,3605.6,Bank transfer (automatic),17.27,17.27,Low
5386-THSLQ,Female,1,Yes,No,66,One year,DSL,45.55,3027.25,Bank transfer (automatic),14.22,14.22,Low
3192-NQECA,Male,0,Yes,No,68,Two year,Fiber optic,110.0,7611.85,Bank transfer (automatic),13.11,13.11,Low
6180-YBIQI,Male,0,No,No,5,Month-to-month,DSL,24.3,100.2,Mailed check,75.04,75.04,High
6728-DKUCO,Female,0,Yes,Yes,72,One year,Fiber optic,104.15,7303.05,Electronic check,31.65,31.65,Medium
9750-BOOHV,Female,0,No,No,32,One year,DSL,30.15,927.65,Mailed check,4.74,4.74,Low
8597-CWYHH,Male,0,No,No,43,One year,Fiber optic,94.35,3921.3,Mailed check,49.03,49.03,Medium
2848-YXSMW,Male,0,Yes,Yes,72,Two year,No,19.4,1363.25,Credit card (automatic),1.57,1.57,Low
0486-HECZI,Male,0,Yes,No,55,Month-to-month,Fiber optic,96.75,5238.9,Electronic check,56.18,56.18,Medium
4549-ZDQYY,Female,0,No,No,52,One year,DSL,57.95,3042.25,Credit card (automatic),16.34,16.34,Low
5712-AHQNN,Female,0,No,No,43,Month-to-month,Fiber optic,91.65,3954.1,Electronic check,56.34,56.34,Medium
4846-WHAFZ,Female,1,Yes,No,37,Month-to-month,Fiber optic,76.5,2868.15,Electronic check,67.22,67.22,High
5256-SKJGO,Female,0,Yes,Yes,64,Two year,DSL,54.6,3423.5,Electronic check,12.86,12.86,Low
3071-VBYPO,Male,0,Yes,Yes,3,Month-to-month,Fiber optic,89.85,248.4,Electronic check,70.4,70.4,High
9560-BBZXK,Female,0,No,No,36,Two year,DSL,31.05,1126.35,Bank transfer (automatic),1.28,1.28,Low
5299-RULOA,Female,0,Yes,Yes,10,Month-to-month,Fiber optic,100.25,1064.65,Electronic check,82.51,82.51,High
8402-OOOHJ,Female,0,No,No,41,Two year,No,20.65,835.15,Mailed check,4.44,4.44,Low
9445-ZUEQE,Male,0,Yes,Yes,27,Month-to-month,Fiber optic,85.2,2151.6,Credit card (automatic),57.17,57.17,Medium
1091-SOZGA,Female,0,Yes,Yes,56,One year,Fiber optic,99.8,5515.45,Credit card (automatic),36.35,36.35,Medium
2928-HLDBA,Female,0,No,No,6,Month-to-month,No,20.7,112.75,Mailed check,48.11,48.11,Medium
0404-SWRVG,Male,0,No,No,3,Month-to-month,Fiber optic,74.4,229.55,Electronic check,82.79,82.79,High
6497-TILVL,Female,0,Yes,Yes,7,Month-to-month,DSL,50.7,350.35,Mailed check,43.99,43.99,Medium
7219-TLZHO,Female,0,Yes,Yes,4,Month-to-month,No,20.85,62.9,Mailed check,41.76,41.76,Medium
4622-YNKIJ,Male,0,No,No,33,Two year,Fiber optic,88.95,3027.65,Electronic check,6.03,6.03,Low
4412-YLTKF,Female,1,No,No,27,Month-to-month,Fiber optic,78.05,2135.5,Electronic check,75.97,75.97,High
6734-PSBAW,Male,0,Yes,No,72,Two year,No,23.55,1723.95,Bank transfer (automatic),1.55,1.55,Low
3930-ZGWVE,Male,0,No,No,1,Month-to-month,No,19.75,19.75,Mailed check,46.16,46.16,Medium
2639-UGMAZ,Male,1,No,No,71,One year,DSL,56.45,3985.35,Electronic check,18.16,18.16,Low
2876-GZYZC,Female,0,No,No,13,Month-to-month,Fiber optic,85.95,1215.65,Electronic check,86.14,86.14,High
6207-WIOLX,Female,0,Yes,Yes,25,Month-to-month,DSL,58.6,1502.65,Credit card (automatic),47.23,47.23,Medium
8587-XYZSF,Male,0,No,No,67,Two year,DSL,50.55,3260.1,Bank transfer (automatic),1.75,1.75,Low
3091-FYHKI,Male,0,No,No,1,Month-to-month,DSL,35.45,35.45,Electronic check,87.89,87.89,High
2372-HWUHI,Male,0,No,No,2,Month-to-month,DSL,44.35,81.25,Electronic check,68.12,68.12,High
7799-LGRDP,Female,0,No,No,43,Two year,No,25.7,1188.2,Credit card (automatic),6.52,6.52,Low
7850-VWJUU,Female,0,No,No,23,Month-to-month,Fiber optic,75.0,1778.5,Bank transfer (automatic),56.03,56.03,Medium
3774-VBNXY,Female,0,Yes,Yes,64,Two year,No,20.2,1277.75,Mailed check,2.28,2.28,Low
6217-KDYWC,Male,0,No,Yes,57,Two year,No,19.6,1170.55,Mailed check,3.85,3.85,Low
0390-DCFDQ,Female,1,Yes,No,1,Month-to-month,Fiber optic,70.45,70.45,Mailed check,86.2,86.2,High
3146-MSEGF,Female,1,Yes,Yes,72,Two year,DSL,88.05,6425.65,Credit card (automatic),6.92,6.92,Low
4080-OGPJL,Female,0,No,No,8,Month-to-month,DSL,71.15,563.65,Electronic check,50.64,50.64,Medium
1095-WGNGG,Female,0,Yes,No,61,Two year,Fiber optic,101.05,5971.25,Bank transfer (automatic),23.71,23.71,Low
2636-SJDOU,Male,0,No,No,64,One year,Fiber optic,84.3,5289.05,Credit card (automatic),16.24,16.24,Low
1131-QQZEB,Male,1,Yes,No,71,Two year,No,23.95,1756.2,Bank transfer (automatic),1.25,1.25,Low
5716-EZXZN,Female,0,Yes,Yes,65,Two year,Fiber optic,99.05,6416.7,Credit card (automatic),5.09,5.09,Low
6837-BJYDQ,Male,0,No,No,3,One year,No,19.6,61.35,Mailed check,13.88,13.88,Low
2135-RXIHG,Male,0,No,No,1,Month-to-month,DSL,45.65,45.65,Electronic check,70.78,70.78,High
6440-DKQGE,Male,0,No,Yes,30,One year,DSL,64.5,1929.95,Credit card (automatic),18.5,18.5,Low
3466-BYAVD,Male,0,Yes,Yes,15,Month-to-month,DSL,69.5,1071.4,Mailed check,42.11,42.11,Medium
3780-YVMFA,Female,0,Yes,Yes,8,Month-to-month,DSL,68.55,564.35,Electronic check,57.45,57.45,Medium
3874-EQOEP,Male,0,No,No,7,Month-to-month,Fiber optic,95.0,655.5,Mailed check,86.29,86.29,High
1679-JRFBR,Female,0,Yes,Yes,70,One year,Fiber optic,108.15,7930.55,Credit card (automatic),38.6,38.6,Medium
9073-ZZIAY,Male,0,Yes,Yes,62,Two year,DSL,86.1,5215.25,Electronic check,2.14,2.14,Low
3077-RSNTJ,Female,0,Yes,Yes,6,Month-to-month,No,19.7,113.5,Mailed check,41.25,41.25,Medium
6551-GNYDG,Female,0,Yes,Yes,14,Month-to-month,Fiber optic,80.9,1152.8,Bank transfer (automatic),68.61,68.61,High
9167-APMXZ,Female,0,No,No,22,Month-to-month,Fiber optic,84.15,1821.95,Bank transfer (automatic),77.67,77.67,High
2749-CTKAJ,Male,0,Yes,Yes,22,One year,No,20.15,419.9,Mailed check,7.34,7.34,Low
6371-NZYEG,Male,0,Yes,Yes,16,Two year,DSL,64.25,1024.0,Mailed check,1.63,1.63,Low
7554-NEWDD,Male,0,No,No,10,Two year,No,25.7,251.6,Bank transfer (automatic),3.97,3.97,Low
8992-VONJD,Female,0,No,Yes,13,Month-to-month,DSL,56.0,764.55,Electronic check,52.89,52.89,Medium
0867-MKZVY,Female,0,Yes,No,20,Month-to-month,Fiber optic,82.4,1592.35,Electronic check,58.01,58.01,Medium
4482-EWFMI,Female,0,No,No,2,Month-to-month,Fiber optic,69.7,135.2,Electronic check,80.96,80.96,High
4648-YPBTM,Male,0,No,No,53,Two year,DSL,73.9,3958.25,Bank transfer (automatic),5.67,5.67,Low
2907-ILJBN,Female,0,Yes,Yes,11,One year,No,20.6,233.9,Mailed check,12.77,12.77,Low
6345-FZOQH,Male,0,Yes,No,69,Two year,No,19.9,1363.45,Mailed check,1.77,1.77,Low
3376-BMGFE,Female,0,No,No,4,Month-to-month,Fiber optic,70.9,273.0,Bank transfer (automatic),76.06,76.06,High
5997-OPVFA,Male,0,Yes,No,72,Two year,DSL,89.05,6254.45,Bank transfer (automatic),1.57,1.57,Low
3445-HXXGF,Male,1,Yes,No,58,Month-to-month,DSL,45.3,2651.2,Electronic check,53.12,53.12,Medium
1159-WFSGR,Female,0,Yes,Yes,16,Month-to-month,No,20.4,321.4,Electronic check,39.43,39.43,Medium
7654-YWJUF,Male,0,Yes,No,43,One year,Fiber optic,84.25,3539.25,Bank transfer (automatic),6.02,6.02,Low
1875-QIVME,Female,0,Yes,No,2,Month-to-month,Fiber optic,104.4,242.8,Electronic check,90.3,90.3,High
6727-IOTLZ,Male,0,Yes,No,14,Two year,DSL,81.95,1181.75,Mailed check,8.93,8.93,Low
0691-JVSYA,Female,0,Yes,No,53,One year,Fiber optic,94.85,5000.2,Bank transfer (automatic),37.06,37.06,Medium
5918-VUKWP,Female,0,No,No,32,One year,No,20.55,654.55,Bank transfer (automatic),11.22,11.22,Low
1744-JHKYS,Female,0,Yes,No,34,Month-to-month,No,24.7,780.2,Electronic check,36.69,36.69,Medium
2656-FMOKZ,Female,1,No,No,15,Month-to-month,Fiber optic,74.45,1145.7,Mailed check,83.35,83.35,High
2070-FNEXE,Female,1,No,No,7,Month-to-month,Fiber optic,76.45,503.6,Bank transfer (automatic),66.2,66.2,High
5947-SGKCL,Female,0,Yes,Yes,15,Month-to-month,Fiber optic,105.35,1559.25,Bank transfer (automatic),81.44,81.44,High
3712-PKXZA,Male,0,Yes,No,61,One year,No,20.55,1252.0,Credit card (automatic),6.36,6.36,Low
6317-YPKDH,Female,0,No,No,1,Month-to-month,DSL,29.95,29.95,Bank transfer (automatic),65.16,65.16,High
6582-OIVSP,Female,0,No,No,1,Month-to-month,DSL,45.3,45.3,Mailed check,65.07,65.07,High
9367-WXLCH,Male,0,No,No,8,Month-to-month,Fiber optic,84.5,662.65,Bank transfer (automatic),78.91,78.91,High
5524-KHNJP,Male,0,Yes,Yes,33,One year,DSL,74.75,2453.3,Credit card (automatic),17.59,17.59,Low
1918-ZBFQJ,Female,0,No,No,13,Month-to-month,Fiber optic,79.25,1111.65,Electronic check,75.12,75.12,High
1024-GUALD,Female,0,Yes,No,1,Month-to-month,DSL,24.8,24.8,Electronic check,81.62,81.62,High
4827-USJHP,Male,0,No,No,20,Month-to-month,DSL,51.8,1023.85,Mailed check,51.38,51.38,Medium
8167-GJLRN,Male,0,No,No,3,Month-to-month,DSL,30.4,82.15,Electronic check,63.7,63.7,High
0956-SYCWG,Female,0,No,No,13,One year,No,19.65,244.8,Electronic check,15.79,15.79,Low
8017-UVSZU,Female,0,Yes,No,40,Month-to-month,DSL,56.6,2379.1,Credit card (automatic),44.44,44.44,Medium
7100-FQPRV,Male,0,Yes,Yes,43,One year,DSL,71.9,3173.35,Credit card (automatic),22.0,22.0,Low
2472-OVKUP,Male,0,Yes,No,6,Month-to-month,Fiber optic,91.0,531.0,Electronic check,83.59,83.59,High
2984-RGEYA,Female,0,Yes,Yes,69,Two year,No,19.75,1375.4,Bank transfer (automatic),2.48,2.48,Low
9680-NIAUV,Female,0,Yes,Yes,72,Two year,Fiber optic,109.7,8129.3,Credit card (automatic),11.09,11.09,Low
2146-EGVDT,Male,0,Yes,Yes,59,Two year,No,19.3,1192.7,Credit card (automatic),1.72,1.72,Low
2604-IJPDU,Female,0,Yes,No,20,Month-to-month,Fiber optic,96.55,1901.65,Electronic check,61.08,61.08,High
9178-JHUVJ,Male,0,Yes,Yes,24,Two year,No,24.1,587.4,Bank transfer (automatic),2.26,2.26,Low
6168-YBYNP,Male,0,No,No,59,Month-to-month,Fiber optic,111.35,6519.75,Electronic check,59.93,59.93,Medium
7255-SSFBC,Male,0,Yes,Yes,72,Two year,Fiber optic,112.25,8041.65,Bank transfer (automatic),12.33,12.33,Low
3645-DEYGF,Male,0,No,Yes,1,Month-to-month,No,20.75,20.75,Mailed check,44.99,44.99,Medium
9323-HGFWY,Female,0,Yes,No,27,One year,Fiber optic,101.9,2681.15,Credit card (automatic),53.31,53.31,Medium
8544-GOQSH,Female,0,No,No,14,Month-to-month,Fiber optic,80.05,1112.3,Credit card (automatic),59.22,59.22,Medium
3363-DTIVD,Male,0,Yes,Yes,71,Two year,Fiber optic,105.55,7405.5,Electronic check,6.29,6.29,Low
7018-WBJNK,Male,0,No,Yes,13,Month-to-month,Fiber optic,78.3,1033.95,Credit card (automatic),72.63,72.63,High
9142-KZXOP,Male,0,No,No,44,Month-to-month,Fiber optic,68.85,2958.95,Credit card (automatic),42.75,42.75,Medium
7674-YTAFD,Female,0,No,No,33,One year,Fiber optic,79.95,2684.85,Bank transfer (automatic),20.15,20.15,Low
6348-SNFUS,Male,0,Yes,Yes,72,Two year,DSL,55.45,4179.2,Credit card (automatic),3.77,3.77,Low
1285-OKIPP,Male,0,No,No,1,Month-to-month,Fiber optic,79.9,79.9,Electronic check,83.79,83.79,High
7825-ECJRF,Female,0,No,No,19,Month-to-month,Fiber optic,106.6,1934.45,Electronic check,72.96,72.96,High
1347-KTTTA,Male,0,Yes,No,64,One year,Fiber optic,102.45,6654.1,Credit card (automatic),25.64,25.64,Low
7841-TZDMQ,Male,0,No,No,2,Month-to-month,DSL,46.0,84.5,Credit card (automatic),55.98,55.98,Medium
4195-NZGTA,Female,0,No,No,1,Month-to-month,DSL,25.25,25.25,Electronic check,76.03,76.03,High
7157-SMCFK,Male,0,No,Yes,61,Two year,No,19.75,1124.2,Mailed check,2.89,2.89,Low
4709-LKHYG,Female,0,Yes,Yes,29,One year,No,20.0,540.05,Electronic check,10.44,10.44,Low
2504-DSHIH,Male,1,Yes,No,23,Month-to-month,Fiber optic,86.8,1975.85,Electronic check,76.16,76.16,High
0699-NDKJM,Female,0,Yes,No,57,Month-to-month,DSL,58.75,3437.45,Bank transfer (automatic),35.51,35.51,Medium
9286-BHDQG,Male,0,Yes,Yes,72,Two year,DSL,45.25,3139.8,Credit card (automatic),1.58,1.58,Low
0230-WEQUW,Male,0,Yes,No,66,Two year,DSL,56.6,3789.2,Bank transfer (automatic),0.38,0.38,Low
2040-LDIWQ,Male,0,Yes,Yes,65,Two year,DSL,84.2,5324.5,Bank transfer (automatic),5.97,5.97,Low
6496-JDSSB,Female,0,No,No,8,Month-to-month,Fiber optic,80.0,624.6,Bank transfer (automatic),78.79,78.79,High
9408-SSNVZ,Female,0,No,No,4,Month-to-month,Fiber optic,70.15,268.35,Electronic check,80.21,80.21,High
4443-EMBNA,Female,0,Yes,No,71,Two year,No,24.75,1836.9,Bank transfer (automatic),1.45,1.45,Low
6469-MRVET,Male,0,Yes,Yes,1,One year,No,20.2,20.2,Electronic check,21.39,21.39,Low
0742-MOABM,Male,0,Yes,No,4,Month-to-month,DSL,50.05,179.35,Mailed check,41.27,41.27,Medium
5961-VUSRV,Female,0,No,No,12,One year,No,19.35,219.35,Bank transfer (automatic),18.64,18.64,Low
6778-JFCMK,Male,0,No,No,24,One year,DSL,50.6,1288.75,Mailed check,41.57,41.57,Medium
6341-JVQGF,Female,0,Yes,Yes,31,One year,DSL,81.15,2545.75,Mailed check,16.38,16.38,Low
2232-DMLXU,Female,0,Yes,No,1,Month-to-month,DSL,55.2,55.2,Mailed check,66.71,66.71,High
4811-JBUVU,Male,0,No,No,30,Month-to-month,Fiber optic,89.9,2723.15,Credit card (automatic),50.37,50.37,Medium
0945-TSONX,Female,0,Yes,Yes,47,Two year,DSL,85.3,4107.25,Credit card (automatic),6.84,6.84,Low
2651-ZCBXV,Male,0,No,No,54,Two year,Fiber optic,108.0,5760.65,Credit card (automatic),20.44,20.44,Low
3316-UWXUY,Male,0,No,No,50,Month-to-month,Fiber optic,93.5,4747.5,Credit card (automatic),37.55,37.55,Medium
8937-RDTHP,Male,0,No,No,1,Month-to-month,Fiber optic,84.6,84.6,Mailed check,80.78,80.78,High
7083-MIOPC,Female,0,No,No,72,Two year,No,20.25,1566.9,Credit card (automatic),2.16,2.16,Low
1984-GPTEH,Female,0,No,No,29,Month-to-month,No,25.15,702.0,Electronic check,38.48,38.48,Medium
1251-KRREG,Male,0,No,No,2,Month-to-month,DSL,54.4,114.1,Mailed check,69.37,69.37,High
0621-JFHOL,Female,0,No,No,10,Two year,DSL,29.6,299.05,Mailed check,2.74,2.74,Low
9903-LYSAB,Male,0,Yes,No,18,Month-to-month,Fiber optic,73.15,1305.95,Electronic check,75.48,75.48,High
0094-OIFMO,Female,1,No,No,11,Month-to-month,Fiber optic,95.0,1120.3,Electronic check,85.55,85.55,High
9227-UAQFT,Male,0,No,No,16,Two year,No,19.75,284.35,Mailed check,5.49,5.49,Low
7301-ABVAD,Female,0,No,No,72,Two year,DSL,86.6,6350.5,Bank transfer (automatic),10.5,10.5,Low
6614-FHDBO,Male,0,No,No,72,Two year,Fiber optic,109.2,7878.3,Bank transfer (automatic),13.22,13.22,Low
7576-ASEJU,Female,0,Yes,Yes,41,One year,DSL,74.7,3187.65,Credit card (automatic),26.57,26.57,Low
9058-HRZSV,Female,1,Yes,No,65,Month-to-month,Fiber optic,94.4,6126.15,Electronic check,12.13,12.13,Low
4522-AKYLR,Female,1,No,No,13,Month-to-month,DSL,54.8,731.3,Electronic check,62.34,62.34,High
0221-WMXNQ,Male,1,No,No,4,Month-to-month,Fiber optic,75.35,273.4,Electronic check,67.07,67.07,High
0303-UNCIP,Male,0,No,No,41,One year,DSL,65.0,2531.8,Mailed check,26.05,26.05,Low
9947-OTFQU,Male,1,No,No,15,Month-to-month,Fiber optic,74.4,1074.3,Electronic check,69.68,69.68,High
0322-YINQP,Male,0,No,No,1,Month-to-month,DSL,48.55,48.55,Mailed check,54.19,54.19,Medium
0959-WHOKV,Male,0,No,No,42,One year,Fiber optic,99.0,4298.45,Electronic check,49.25,49.25,Medium
4075-JFPGR,Female,0,Yes,No,51,One year,Fiber optic,93.5,4619.55,Electronic check,32.97,32.97,Medium
4629-NRXKX,Female,0,Yes,Yes,2,Month-to-month,Fiber optic,70.4,147.15,Electronic check,73.6,73.6,High
9514-JDSKI,Male,1,Yes,No,1,Month-to-month,DSL,40.2,40.2,Electronic check,82.44,82.44,High
3282-ZISZV,Male,0,No,Yes,32,One year,DSL,83.7,2633.3,Credit card (automatic),29.48,29.48,Low
3675-YDUPJ,Male,0,No,No,10,Month-to-month,No,19.85,193.05,Mailed check,51.48,51.48,Medium
4111-BNXIF,Female,0,Yes,Yes,67,Two year,DSL,59.55,4103.9,Electronic check,14.99,14.99,Low
7017-VFHAY,Female,0,Yes,Yes,61,Two year,Fiber optic,115.1,7008.15,Credit card (automatic),13.97,13.97,Low
6655-LHBYW,Male,0,No,No,50,One year,Fiber optic,114.35,5791.1,Credit card (automatic),50.62,50.62,Medium
4959-JOSRX,Female,0,Yes,No,2,Month-to-month,DSL,44.6,80.55,Credit card (automatic),61.3,61.3,High
5046-NUHWD,Female,1,Yes,No,29,Month-to-month,DSL,45.0,1228.65,Electronic check,66.58,66.58,High
7273-TEFQD,Male,1,No,No,3,Month-to-month,DSL,41.15,132.2,Electronic check,89.17,89.17,High
3606-TWKGI,Male,1,No,No,13,Month-to-month,Fiber optic,106.9,1364.3,Electronic check,88.68,88.68,High
7529-ZDFXI,Male,1,Yes,No,57,Month-to-month,Fiber optic,89.85,4925.35,Electronic check,55.04,55.04,Medium
7605-BDWDC,Female,0,No,No,31,Two year,DSL,49.85,1520.1,Bank transfer (automatic),1.52,1.52,Low
1950-KSVVJ,Female,0,Yes,No,45,One year,Fiber optic,113.3,5032.25,Mailed check,26.12,26.12,Low
0123-CRBRT,Female,0,Yes,Yes,61,Two year,DSL,88.1,5526.75,Mailed check,3.12,3.12,Low
6292-TOSSS,Male,0,No,No,50,Two year,No,24.9,1195.25,Bank transfer (automatic),2.95,2.95,Low
3197-ARFOY,Female,1,No,No,19,Month-to-month,Fiber optic,105.0,2007.25,Mailed check,58.37,58.37,Medium
6323-AYBRX,Male,0,No,No,59,Two year,No,19.35,1099.6,Mailed check,3.41,3.41,Low
7014-ZZXAW,Female,0,Yes,No,71,Two year,No,24.25,1732.95,Credit card (automatic),3.77,3.77,Low
4385-GZQXV,Female,1,No,No,16,Month-to-month,Fiber optic,94.45,1511.2,Electronic check,75.6,75.6,High
7633-MVPUY,Male,0,Yes,No,57,Two year,DSL,59.75,3450.15,Electronic check,1.07,1.07,Low
6366-ZGQGL,Male,0,No,No,1,Month-to-month,DSL,24.8,24.8,Bank transfer (automatic),74.97,74.97,High
4716-HHKQH,Male,1,Yes,No,20,Month-to-month,Fiber optic,107.05,2172.05,Electronic check,72.69,72.69,High
5940-AHUHD,Male,0,No,No,1,Month-to-month,Fiber optic,70.6,70.6,Mailed check,75.7,75.7,High
6432-TWQLB,Male,0,Yes,No,5,Month-to-month,Fiber optic,85.4,401.1,Electronic check,78.6,78.6,High
4484-GLZOU,Female,0,Yes,No,52,Month-to-month,Fiber optic,105.05,5624.85,Electronic check,64.96,64.96,High
3179-GBRWV,Male,1,Yes,No,21,Month-to-month,DSL,64.95,1339.8,Bank transfer (automatic),44.18,44.18,Medium
8645-KWHJO,Male,0,No,No,14,Month-to-month,DSL,55.0,771.95,Electronic check,77.06,77.06,High
4130-MZLCC,Female,0,No,No,5,Month-to-month,DSL,50.55,244.75,Bank transfer (automatic),51.25,51.25,Medium
0314-TKOSI,Female,0,No,No,6,Month-to-month,DSL,55.15,322.9,Mailed check,50.31,50.31,Medium
8229-MYEJZ,Female,0,No,No,10,Month-to-month,DSL,51.2,498.25,Electronic check,55.17,55.17,Medium
2080-SRCDE,Female,0,No,Yes,1,Month-to-month,No,25.4,25.4,Mailed check,44.75,44.75,Medium
9577-WJVCQ,Female,0,No,No,68,Month-to-month,DSL,54.45,3687.75,Mailed check,9.14,9.14,Low
9512-UIBFX,Male,0,Yes,Yes,18,Month-to-month,Fiber optic,95.15,1779.95,Mailed check,69.91,69.91,High
6202-DYYFX,Female,0,No,No,22,One year,Fiber optic,76.0,1783.6,Credit card (automatic),43.38,43.38,Medium
3808-HFKDE,Female,0,No,No,20,Month-to-month,DSL,44.35,927.15,Electronic check,56.42,56.42,Medium
5583-SXDAG,Male,0,Yes,No,1,Month-to-month,Fiber optic,70.0,70.0,Electronic check,80.45,80.45,High
3488-PGMQJ,Male,1,No,No,8,Month-to-month,Fiber optic,74.5,606.55,Electronic check,74.53,74.53,High
3580-REOAC,Male,0,No,No,10,Month-to-month,DSL,44.85,435.4,Credit card (automatic),50.74,50.74,Medium
7534-BFESC,Male,1,No,No,24,Month-to-month,Fiber optic,76.1,1712.7,Electronic check,74.17,74.17,High
3727-OWVYD,Male,0,No,No,35,One year,DSL,61.2,2021.2,Mailed check,14.36,14.36,Low
2294-SALNE,Male,0,Yes,Yes,23,One year,Fiber optic,86.8,1940.8,Mailed check,10.3,10.3,Low
4847-TAJYI,Female,1,No,No,6,Month-to-month,Fiber optic,89.35,567.8,Electronic check,89.96,89.96,High
1563-IWQEX,Female,0,No,No,12,Month-to-month,No,19.7,220.35,Mailed check,46.56,46.56,Medium
8203-XJZRC,Male,0,No,No,1,Month-to-month,No,20.25,20.25,Mailed check,46.22,46.22,Medium
6556-DBKZF,Female,0,Yes,Yes,71,Two year,Fiber optic,76.05,5436.45,Electronic check,7.33,7.33,Low
6851-WEFYX,Male,1,Yes,No,35,Month-to-month,Fiber optic,100.8,3437.5,Electronic check,80.5,80.5,High
2985-JUUBZ,Male,0,Yes,Yes,40,Month-to-month,DSL,74.55,3015.75,Electronic check,52.11,52.11,Medium
6390-DSAZX,Female,0,No,Yes,1,Month-to-month,Fiber optic,73.6,73.6,Mailed check,71.51,71.51,High
0895-LMRSF,Male,0,No,No,23,One year,DSL,64.9,1509.8,Bank transfer (automatic),42.69,42.69,Medium
8098-LLAZX,Female,1,No,No,4,Month-to-month,Fiber optic,95.45,396.1,Electronic check,93.64,93.64,High
8266-VBFQL,Male,0,No,No,4,Month-to-month,Fiber optic,90.4,356.65,Electronic check,78.4,78.4,High
8181-YHCMF,Female,0,Yes,Yes,68,Two year,DSL,60.3,4109.0,Credit card (automatic),6.93,6.93,Low
2240-HSJQD,Male,0,No,Yes,38,Month-to-month,Fiber optic,81.85,3141.7,Mailed check,58.68,58.68,Medium
1248-DYXUB,Male,0,Yes,Yes,52,Two year,No,24.8,1229.1,Mailed check,1.24,1.24,Low
0265-EDXBD,Male,1,Yes,No,32,Month-to-month,Fiber optic,74.9,2303.35,Electronic check,68.06,68.06,High
4115-BNPJY,Male,0,Yes,Yes,29,Two year,DSL,75.55,2054.4,Mailed check,4.85,4.85,Low
3167-SNQPL,Male,1,Yes,Yes,38,Month-to-month,Fiber optic,101.15,3741.85,Electronic check,66.63,66.63,High
4091-TVOCN,Male,0,No,Yes,48,One year,DSL,78.75,3682.45,Credit card (automatic),26.2,26.2,Low
1098-TDVUQ,Female,0,No,No,1,Month-to-month,No,19.25,19.25,Bank transfer (automatic),52.8,52.8,Medium
7277-OZCGZ,Female,0,No,No,22,Month-to-month,Fiber optic,89.05,1886.25,Electronic check,61.74,61.74,High
1557-EMYVT,Female,0,No,No,43,Two year,Fiber optic,115.05,4895.1,Credit card (automatic),18.87,18.87,Low
2799-ARNLO,Female,1,Yes,No,5,Month-to-month,Fiber optic,69.35,341.6,Electronic check,81.73,81.73,High
7563-BIUPC,Male,0,No,No,5,Month-to-month,Fiber optic,80.6,415.55,Electronic check,83.23,83.23,High
5027-YOCXN,Male,0,Yes,Yes,51,One year,Fiber optic,110.05,5686.4,Credit card (automatic),43.44,43.44,Medium
3973-SKMLN,Male,0,No,No,71,Two year,No,19.9,1355.1,Credit card (automatic),3.6,3.6,Low
2321-OMBXY,Female,0,Yes,Yes,38,One year,DSL,80.3,3058.65,Credit card (automatic),33.34,33.34,Medium
2840-XANRC,Male,1,Yes,No,24,Month-to-month,Fiber optic,93.15,2231.05,Electronic check,81.8,81.8,High
6745-JEFZB,Male,0,Yes,No,35,Month-to-month,Fiber optic,91.5,3236.35,Credit card (automatic),51.43,51.43,Medium
5020-ZSTTY,Female,1,No,No,54,One year,DSL,82.45,4350.1,Bank transfer (automatic),8.43,8.43,Low
9880-TDQAC,Female,0,Yes,Yes,72,Two year,DSL,60.0,4264.0,Electronic check,14.88,14.88,Low
8705-WZCYL,Male,0,No,No,1,Month-to-month,DSL,44.8,44.8,Electronic check,70.72,70.72,High
7102-JJVTX,Female,0,Yes,Yes,9,One year,DSL,48.6,422.3,Mailed check,11.48,11.48,Low
8626-PTQGE,Male,0,No,No,69,Two year,DSL,60.05,4176.7,Bank transfer (automatic),2.07,2.07,Low
4983-CLMLV,Female,0,Yes,No,52,Month-to-month,Fiber optic,102.7,5138.1,Credit card (automatic),52.14,52.14,Medium
5701-YVSVF,Female,1,Yes,No,11,Month-to-month,Fiber optic,82.9,880.05,Electronic check,76.87,76.87,High
5804-LEPIM,Female,1,No,No,2,Month-to-month,Fiber optic,70.35,139.05,Electronic check,83.89,83.89,High
5697-GOMBF,Female,1,Yes,Yes,28,Month-to-month,DSL,35.9,973.65,Electronic check,70.04,70.04,High
2739-CACDQ,Female,1,No,No,17,Month-to-month,Fiber optic,82.65,1470.05,Credit card (automatic),72.4,72.4,High
9385-EHGDO,Female,0,Yes,Yes,35,Two year,No,19.85,739.35,Mailed check,2.93,2.93,Low
9498-FIMXL,Female,0,No,No,8,One year,No,19.2,161.95,Mailed check,18.84,18.84,Low
2379-GYFLQ,Male,0,No,No,46,One year,Fiber optic,94.9,4422.95,Credit card (automatic),40.38,40.38,Medium
0122-OAHPZ,Female,0,No,No,7,Month-to-month,Fiber optic,73.85,511.25,Electronic check,84.04,84.04,High
2868-SNELZ,Female,0,No,No,2,Month-to-month,Fiber optic,80.6,155.8,Mailed check,85.28,85.28,High
4322-RCYMT,Male,0,Yes,Yes,68,One year,DSL,75.8,5293.95,Bank transfer (automatic),22.19,22.19,Low
6680-NENYN,Female,0,No,No,43,Two year,Fiber optic,104.6,4759.85,Electronic check,54.5,54.5,Medium
2088-IEBAU,Female,0,No,No,68,Two year,DSL,88.15,6148.45,Electronic check,6.87,6.87,Low
7982-VCELR,Female,0,No,No,36,Month-to-month,Fiber optic,94.8,3565.65,Credit card (automatic),53.65,53.65,Medium
1343-EHPYB,Male,0,Yes,No,63,Month-to-month,Fiber optic,103.4,6603.0,Electronic check,72.19,72.19,High
6035-BXTTY,Female,1,No,No,32,Month-to-month,DSL,54.65,1830.1,Bank transfer (automatic),31.71,31.71,Medium
6885-PKOAM,Female,0,Yes,No,71,Two year,DSL,85.75,6223.8,Credit card (automatic),6.1,6.1,Low
7520-HQWJU,Female,0,Yes,Yes,66,Month-to-month,DSL,67.45,4508.65,Bank transfer (automatic),15.05,15.05,Low
9639-BUJXT,Male,0,No,No,63,One year,No,20.5,1328.15,Mailed check,7.41,7.41,Low
5924-SNGKP,Female,0,No,Yes,41,One year,No,20.25,865.0,Credit card (automatic),9.72,9.72,Low
0021-IKXGC,Female,1,No,No,1,Month-to-month,Fiber optic,72.1,72.1,Electronic check,89.02,89.02,High
2034-GDRCN,Female,0,No,No,2,Month-to-month,Fiber optic,90.4,168.2,Electronic check,89.92,89.92,High
8966-SNIZF,Female,0,Yes,No,70,Two year,No,19.45,1303.5,Bank transfer (automatic),2.36,2.36,Low
6243-OZGFH,Female,0,No,No,23,Month-to-month,DSL,44.95,996.85,Electronic check,77.53,77.53,High
4654-DLAMQ,Female,1,Yes,No,64,One year,Fiber optic,97.0,6430.9,Bank transfer (automatic),8.93,8.93,Low
0513-RBGPE,Male,0,Yes,Yes,37,Two year,DSL,62.8,2278.75,Credit card (automatic),2.34,2.34,Low
5160-UXJED,Male,0,No,Yes,17,One year,DSL,44.6,681.4,Mailed check,19.48,19.48,Low
4115-NZRKS,Female,1,No,No,7,Month-to-month,Fiber optic,89.15,574.35,Electronic check,89.73,89.73,High
0219-YTZUE,Male,0,Yes,Yes,4,Month-to-month,Fiber optic,84.8,371.9,Bank transfer (automatic),82.25,82.25,High
0623-IIHUG,Female,1,No,No,21,Month-to-month,DSL,41.9,840.1,Electronic check,66.79,66.79,High
4572-DVCGN,Female,0,No,No,10,Month-to-month,Fiber optic,80.25,846.0,Bank transfer (automatic),77.59,77.59,High
3351-NGXYI,Female,1,No,No,16,Month-to-month,DSL,54.1,889.0,Electronic check,56.88,56.88,Medium
8984-EYLLL,Male,0,Yes,No,64,Two year,Fiber optic,105.25,6823.4,Electronic check,21.28,21.28,Low
9057-MSWCO,Male,1,Yes,No,27,Month-to-month,DSL,30.75,805.1,Credit card (automatic),51.14,51.14,Medium
9833-TGFHX,Male,0,Yes,Yes,42,One year,Fiber optic,97.1,4016.75,Electronic check,32.34,32.34,Medium
9294-TDIPC,Male,0,No,Yes,5,Month-to-month,No,20.2,83.75,Mailed check,44.81,44.81,Medium
5229-DTFYB,Female,0,No,No,41,Two year,Fiber optic,98.8,3959.15,Bank transfer (automatic),23.46,23.46,Low
0104-PPXDV,Male,0,Yes,No,58,One year,DSL,50.3,2878.55,Credit card (automatic),11.01,11.01,Low
5176-LMJXE,Female,0,No,No,47,Two year,No,20.55,945.7,Mailed check,4.06,4.06,Low
3583-KRKMD,Male,0,No,No,18,Month-to-month,Fiber optic,75.9,1373.05,Bank transfer (automatic),47.98,47.98,Medium
1010-DIAUQ,Male,0,No,No,5,Month-to-month,Fiber optic,96.5,492.55,Bank transfer (automatic),77.81,77.81,High
9069-LGEUL,Male,0,Yes,No,23,Month-to-month,DSL,59.95,1406.0,Bank transfer (automatic),31.21,31.21,Medium
7302-ZHMHP,Female,0,No,No,1,Month-to-month,No,19.15,19.15,Mailed check,48.59,48.59,Medium
9571-EDEBV,Male,0,Yes,No,71,One year,Fiber optic,98.65,6962.85,Credit card (automatic),35.53,35.53,Medium
3520-FJGCV,Male,0,Yes,Yes,72,Two year,Fiber optic,112.6,8126.65,Credit card (automatic),11.17,11.17,Low
6563-VRERX,Male,0,Yes,Yes,33,One year,No,20.6,690.25,Mailed check,6.6,6.6,Low
0259-GBZSH,Male,0,No,No,2,Month-to-month,Fiber optic,85.65,181.5,Electronic check,87.68,87.68,High
6122-EFVKN,Male,0,No,Yes,24,Two year,DSL,35.75,830.8,Mailed check,0.28,0.28,Low
2805-EDJPQ,Female,0,Yes,Yes,56,One year,Fiber optic,99.75,5608.4,Credit card (automatic),32.95,32.95,Medium
6862-CQUMB,Male,0,No,No,37,Month-to-month,Fiber optic,96.1,3646.8,Credit card (automatic),54.73,54.73,Medium
7156-MXBJE,Female,0,No,No,43,One year,DSL,85.1,3662.25,Credit card (automatic),37.7,37.7,Medium
6158-HDPXZ,Male,0,No,No,1,Month-to-month,DSL,25.35,25.35,Mailed check,77.26,77.26,High
9601-BRXPO,Female,0,Yes,No,25,Month-to-month,Fiber optic,104.95,2566.5,Bank transfer (automatic),72.25,72.25,High
2863-IMQDR,Female,0,No,No,61,Two year,DSL,89.65,5308.7,Electronic check,7.4,7.4,Low
5686-CMAWK,Male,0,No,No,17,One year,Fiber optic,86.75,1410.25,Electronic check,38.33,38.33,Medium
5651-CRHKQ,Female,0,Yes,No,41,One year,Fiber optic,86.2,3339.05,Bank transfer (automatic),11.71,11.71,Low
6905-NIQIN,Male,0,No,No,1,Month-to-month,DSL,50.65,50.65,Mailed check,52.94,52.94,Medium
8204-YJCLA,Male,1,Yes,Yes,72,Two year,DSL,64.8,4732.35,Bank transfer (automatic),1.24,1.24,Low
5167-ZFFMM,Male,0,No,No,1,Month-to-month,Fiber optic,90.85,90.85,Credit card (automatic),82.28,82.28,High
6583-SZVGP,Male,0,No,No,48,Two year,Fiber optic,108.1,5067.45,Bank transfer (automatic),37.91,37.91,Medium
4895-TMWIR,Male,1,Yes,No,11,Month-to-month,No,19.95,214.75,Mailed check,49.42,49.42,Medium
0533-BNWKF,Female,1,Yes,No,55,Month-to-month,Fiber optic,85.45,4874.7,Electronic check,53.39,53.39,Medium
1708-PBBOA,Female,0,No,No,42,One year,DSL,54.75,2348.45,Electronic check,12.14,12.14,Low
8782-LKFPK,Male,0,No,No,44,Month-to-month,Fiber optic,90.4,4063.0,Mailed check,55.68,55.68,Medium
5522-JBWMO,Male,0,No,Yes,1,Month-to-month,DSL,44.0,44.0,Electronic check,66.49,66.49,High
3597-MVHJT,Female,0,No,No,27,Month-to-month,Fiber optic,95.6,2595.25,Bank transfer (automatic),78.77,78.77,High
9774-NRNAU,Male,1,Yes,No,27,Month-to-month,DSL,84.8,2309.55,Bank transfer (automatic),44.4,44.4,Medium
0224-RLWWD,Female,1,No,No,2,Month-to-month,DSL,44.3,89.3,Electronic check,71.9,71.9,High
9967-ATRFS,Female,0,No,No,19,Month-to-month,No,19.9,367.55,Mailed check,44.03,44.03,Medium
3951-NJCVI,Female,1,Yes,No,42,Month-to-month,Fiber optic,95.05,3944.5,Electronic check,73.08,73.08,High
2977-CEBSX,Female,0,No,No,66,Two year,DSL,90.05,5965.95,Credit card (automatic),9.76,9.76,Low
0177-PXBAT,Male,1,Yes,No,33,Month-to-month,Fiber optic,109.9,3694.7,Bank transfer (automatic),64.03,64.03,High
6599-CEBNN,Female,0,No,No,34,Month-to-month,Fiber optic,73.95,2524.45,Credit card (automatic),53.26,53.26,Medium
2519-ERQOJ,Male,1,No,No,33,Month-to-month,DSL,54.6,1803.7,Electronic check,69.72,69.72,High
5876-QMYLD,Female,0,Yes,Yes,23,One year,No,20.05,415.1,Mailed check,10.06,10.06,Low
2277-AXSDC,Female,0,No,No,32,One year,No,19.75,624.15,Bank transfer (automatic),11.22,11.22,Low
9442-JTWDL,Female,0,No,No,11,One year,No,20.05,237.7,Credit card (automatic),13.53,13.53,Low
0979-PHULV,Male,0,Yes,Yes,69,Month-to-month,Fiber optic,99.45,7007.6,Credit card (automatic),42.83,42.83,Medium
3067-SVMTC,Female,0,Yes,No,68,One year,DSL,55.9,3848.8,Bank transfer (automatic),4.29,4.29,Low
5495-GPSRW,Male,0,No,No,20,Two year,No,19.7,419.4,Mailed check,5.16,5.16,Low
7606-BPHHN,Male,0,No,No,72,Two year,No,19.8,1468.75,Credit card (automatic),3.57,3.57,Low
4742-DRORA,Male,0,Yes,Yes,60,One year,Fiber optic,95.4,5812.0,Bank transfer (automatic),8.91,8.91,Low
0111-KLBQG,Male,1,Yes,Yes,32,Month-to-month,Fiber optic,93.95,2861.45,Mailed check,65.43,65.43,High
4800-VHZKI,Female,0,No,No,1,Month-to-month,No,19.9,19.9,Mailed check,53.62,53.62,Medium
7989-CHGTL,Male,0,No,No,1,Month-to-month,No,19.6,19.6,Mailed check,51.83,51.83,Medium
0334-GDDSO,Male,1,No,No,3,Month-to-month,Fiber optic,81.35,233.7,Electronic check,85.53,85.53,High
4163-NCJAK,Female,0,Yes,No,46,One year,No,24.45,1066.15,Bank transfer (automatic),3.62,3.62,Low
5233-AOZUF,Female,0,Yes,No,29,Month-to-month,Fiber optic,74.95,2149.05,Electronic check,69.92,69.92,High
5973-EJGDP,Male,0,No,No,51,Month-to-month,Fiber optic,87.35,4473.0,Electronic check,51.7,51.7,Medium
1996-DBMUS,Female,1,Yes,No,48,Month-to-month,Fiber optic,70.65,3545.05,Bank transfer (automatic),45.51,45.51,Medium
7916-VCCPB,Female,0,Yes,Yes,16,Month-to-month,Fiber optic,73.25,1195.75,Bank transfer (automatic),56.91,56.91,Medium
4686-GEFRM,Male,0,Yes,No,70,Two year,Fiber optic,98.7,6858.9,Bank transfer (automatic),8.55,8.55,Low
5249-QYHEX,Female,0,Yes,Yes,40,Two year,No,24.8,1024.7,Mailed check,1.86,1.86,Low
0578-SKVMF,Female,0,Yes,Yes,22,Month-to-month,Fiber optic,83.3,1845.9,Electronic check,56.33,56.33,Medium
5564-NEMQO,Female,1,No,No,1,Month-to-month,Fiber optic,75.3,75.3,Bank transfer (automatic),82.24,82.24,High
2233-FAGXV,Female,0,Yes,Yes,5,Month-to-month,No,24.3,132.25,Mailed check,43.92,43.92,Medium
5605-IYGFG,Female,0,No,No,7,Month-to-month,Fiber optic,69.85,515.45,Bank transfer (automatic),73.98,73.98,High
7663-ZTEGJ,Male,0,No,Yes,29,One year,Fiber optic,100.55,2830.45,Credit card (automatic),26.92,26.92,Low
3935-TBRZZ,Male,0,Yes,Yes,44,One year,No,25.7,1110.5,Mailed check,4.19,4.19,Low
8111-BKVDS,Female,0,No,No,10,Month-to-month,DSL,40.7,449.3,Bank transfer (automatic),50.68,50.68,Medium
2055-SIFSS,Female,1,Yes,No,55,Month-to-month,DSL,51.65,2838.55,Bank transfer (automatic),19.09,19.09,Low
2806-MLNTI,Male,1,Yes,No,52,One year,Fiber optic,105.1,5376.4,Bank transfer (automatic),51.74,51.74,Medium
8734-DKSTZ,Female,0,Yes,Yes,10,Month-to-month,Fiber optic,85.95,858.6,Electronic check,76.29,76.29,High
4360-PNRQB,Male,0,No,No,18,Month-to-month,Fiber optic,75.6,1395.05,Bank transfer (automatic),68.28,68.28,High
6152-ONASV,Female,0,Yes,No,68,One year,DSL,58.25,3975.7,Bank transfer (automatic),2.34,2.34,Low
9063-ZGTUY,Female,0,Yes,Yes,61,Month-to-month,No,19.4,1182.55,Mailed check,21.23,21.23,Low
7781-HVGMK,Female,0,Yes,Yes,72,Two year,DSL,65.2,4784.45,Credit card (automatic),5.79,5.79,Low
2181-UAESM,Male,0,No,No,2,Month-to-month,DSL,53.45,119.5,Electronic check,57.13,57.13,Medium
2957-LOLHO,Male,0,No,No,12,Month-to-month,DSL,45.4,518.9,Bank transfer (automatic),55.18,55.18,Medium
6048-NJXHX,Male,0,Yes,No,41,Two year,No,19.75,899.45,Electronic check,4.52,4.52,Low
2320-SLKMB,Female,0,No,No,26,Month-to-month,DSL,44.45,1183.8,Credit card (automatic),43.16,43.16,Medium
4980-URKXC,Male,0,Yes,No,36,One year,No,20.85,720.05,Bank transfer (automatic),9.63,9.63,Low
4376-KFVRS,Male,0,Yes,Yes,72,Two year,Fiber optic,114.05,8468.2,Credit card (automatic),11.25,11.25,Low
5886-VLQVU,Male,0,Yes,No,35,Month-to-month,Fiber optic,89.85,3161.2,Bank transfer (automatic),46.77,46.77,Medium
3577-AMVUX,Male,0,No,No,1,Month-to-month,DSL,55.05,55.05,Mailed check,46.79,46.79,Medium
0771-WLCLA,Female,0,Yes,Yes,16,Month-to-month,Fiber optic,112.95,1882.55,Electronic check,75.2,75.2,High
5628-RKIFK,Female,1,No,No,49,Month-to-month,Fiber optic,101.55,5070.4,Credit card (automatic),43.71,43.71,Medium
0206-TBWLC,Female,0,Yes,No,54,One year,Fiber optic,114.65,6049.5,Mailed check,24.44,24.44,Low
2937-FTHUR,Female,0,No,Yes,18,Month-to-month,DSL,64.8,1166.7,Electronic check,29.79,29.79,Low
1910-FMXJM,Female,0,Yes,No,36,Month-to-month,Fiber optic,80.4,2937.65,Electronic check,33.36,33.36,Medium
7752-XUSCI,Female,0,No,No,60,Month-to-month,Fiber optic,105.9,6396.45,Electronic check,58.42,58.42,Medium
4110-PFEUZ,Female,0,No,No,1,Month-to-month,Fiber optic,69.55,69.55,Mailed check,78.05,78.05,High
0732-OCQOC,Female,0,Yes,Yes,52,Two year,No,25.05,1270.25,Bank transfer (automatic),1.78,1.78,Low
5168-MSWXT,Male,0,Yes,Yes,8,Month-to-month,Fiber optic,94.75,759.55,Electronic check,86.29,86.29,High
1090-ESELR,Male,0,Yes,Yes,72,Two year,Fiber optic,105.5,7611.55,Bank transfer (automatic),1.41,1.41,Low
8592-PLTMQ,Female,0,No,No,64,One year,No,24.7,1642.75,Mailed check,4.17,4.17,Low
5760-WRAHC,Female,1,No,No,22,Month-to-month,DSL,69.75,1545.4,Mailed check,27.14,27.14,Low
8847-GEOOQ,Male,0,Yes,No,60,Month-to-month,DSL,60.2,3582.4,Bank transfer (automatic),44.22,44.22,Medium
0256-LTHVJ,Female,0,Yes,Yes,28,Month-to-month,Fiber optic,81.05,2227.1,Electronic check,56.63,56.63,Medium
4785-FCIFB,Female,0,Yes,No,61,Two year,No,24.4,1417.9,Mailed check,1.43,1.43,Low
8313-NDOIA,Female,0,No,No,24,Month-to-month,Fiber optic,104.15,2494.65,Electronic check,81.19,81.19,High
5149-CUZUJ,Male,0,Yes,Yes,28,One year,Fiber optic,92.9,2768.35,Bank transfer (automatic),14.55,14.55,Low
0942-KOWSM,Female,0,Yes,Yes,30,Two year,DSL,80.8,2369.3,Bank transfer (automatic),9.94,9.94,Low
4237-CLSMM,Male,0,Yes,No,2,Month-to-month,No,20.0,38.0,Mailed check,40.68,40.68,Medium
1452-VOQCH,Male,0,No,No,1,Month-to-month,Fiber optic,75.1,75.1,Electronic check,83.74,83.74,High
4719-UMSIY,Male,0,No,Yes,6,Month-to-month,No,19.65,100.9,Mailed check,44.68,44.68,Medium
6614-VBEGU,Female,0,Yes,No,24,Month-to-month,DSL,69.45,1614.05,Bank transfer (automatic),43.08,43.08,Medium
0880-TKATG,Male,0,Yes,Yes,4,Month-to-month,Fiber optic,101.15,385.9,Electronic check,88.19,88.19,High
3811-VBYBZ,Male,0,No,No,7,Month-to-month,Fiber optic,99.8,673.25,Electronic check,89.04,89.04,High
1480-BKXGA,Male,1,Yes,No,72,Two year,Fiber optic,116.05,8404.9,Bank transfer (automatic),2.53,2.53,Low
2996-XAUVF,Male,0,No,No,70,Two year,DSL,40.05,2799.75,Mailed check,3.5,3.5,Low
9076-AXYIK,Male,1,Yes,No,64,Two year,Fiber optic,102.1,6538.45,Electronic check,7.0,7.0,Low
5968-XQIVE,Male,0,Yes,Yes,72,One year,Fiber optic,89.7,6588.95,Electronic check,51.22,51.22,Medium
8896-RAZCR,Female,0,No,Yes,44,Two year,No,19.9,868.1,Mailed check,4.54,4.54,Low
4640-UHDOS,Female,0,Yes,Yes,13,Month-to-month,DSL,55.95,734.35,Electronic check,52.82,52.82,Medium
4933-IKULF,Female,1,No,No,17,One year,No,20.65,330.6,Mailed check,15.7,15.7,Low
3583-EKAPL,Male,0,No,No,1,Month-to-month,DSL,55.0,55.0,Electronic check,72.75,72.75,High
1304-BCCFO,Male,0,Yes,No,9,Month-to-month,DSL,70.05,564.4,Mailed check,69.26,69.26,High
4104-PVRPS,Male,0,Yes,No,24,Month-to-month,DSL,53.6,1315.35,Mailed check,22.39,22.39,Low
9399-APLBT,Female,0,Yes,Yes,1,Month-to-month,Fiber optic,74.7,74.7,Electronic check,81.98,81.98,High
2359-KMGLI,Male,0,No,No,24,Month-to-month,Fiber optic,80.25,1861.5,Electronic check,72.68,72.68,High
3780-DDGSE,Male,1,Yes,Yes,35,Month-to-month,DSL,76.05,2747.2,Electronic check,35.59,35.59,Medium
4431-EDMIQ,Female,0,Yes,Yes,7,Month-to-month,DSL,75.7,554.05,Electronic check,54.55,54.55,Medium
0306-JAELE,Male,0,No,No,5,Month-to-month,Fiber optic,96.1,453.4,Electronic check,81.77,81.77,High
6227-HWPWX,Female,0,No,Yes,15,Month-to-month,Fiber optic,69.0,994.8,Bank transfer (automatic),56.01,56.01,Medium
0486-LGCCH,Male,0,Yes,Yes,11,Two year,No,19.65,225.75,Mailed check,2.13,2.13,Low
0447-BEMNG,Female,0,Yes,No,48,Month-to-month,DSL,45.3,2145.0,Bank transfer (automatic),31.35,31.35,Medium
4612-SSVHJ,Female,1,No,No,20,Month-to-month,Fiber optic,81.45,1671.6,Electronic check,74.04,74.04,High
5168-MQQCA,Female,0,Yes,No,72,One year,Fiber optic,108.5,8003.8,Bank transfer (automatic),30.71,30.71,Medium
5949-XIKAE,Female,0,Yes,Yes,8,Month-to-month,Fiber optic,83.55,680.05,Electronic check,78.56,78.56,High
7971-HLVXI,Male,0,Yes,Yes,72,Two year,Fiber optic,84.5,6130.85,Credit card (automatic),18.12,18.12,Low
9094-AZPHK,Female,0,No,No,15,Month-to-month,Fiber optic,100.15,1415.0,Electronic check,86.77,86.77,High
3649-JPUGY,Male,0,No,No,72,Two year,DSL,88.6,6201.95,Bank transfer (automatic),7.87,7.87,Low
4472-LVYGI,Female,0,Yes,Yes,0,Two year,DSL,52.55,0.0,Bank transfer (automatic),2.64,2.64,Low
8372-JUXUI,Male,0,No,Yes,1,Month-to-month,Fiber optic,74.35,74.35,Electronic check,84.19,84.19,High
3552-CTCYF,Male,0,Yes,Yes,63,Two year,Fiber optic,104.8,6597.25,Bank transfer (automatic),26.0,26.0,Low
6778-YSNIH,Female,0,No,No,2,Month-to-month,DSL,59.0,114.15,Electronic check,65.47,65.47,High
0388-EOPEX,Female,0,Yes,No,2,Month-to-month,Fiber optic,74.4,139.4,Electronic check,73.98,73.98,High
5756-OZRIO,Male,1,Yes,No,61,One year,DSL,64.05,3902.6,Bank transfer (automatic),11.72,11.72,Low
6579-JPICP,Male,0,No,No,1,Month-to-month,No,20.4,20.4,Mailed check,46.24,46.24,Medium
8205-OTCHB,Male,0,No,No,22,One year,DSL,43.75,903.6,Bank transfer (automatic),50.1,50.1,Medium
4134-BSXLX,Male,0,Yes,No,28,Month-to-month,DSL,60.9,1785.65,Mailed check,27.79,27.79,Low
0505-SPOOW,Female,0,Yes,No,70,Two year,No,19.8,1397.65,Bank transfer (automatic),2.37,2.37,Low
6235-VDHOM,Female,1,No,No,5,Month-to-month,DSL,28.45,131.05,Electronic check,78.85,78.85,High
7783-YKGDV,Female,0,No,No,12,Month-to-month,Fiber optic,99.7,1238.45,Bank transfer (automatic),77.61,77.61,High
4374-YMUSQ,Male,0,No,No,34,One year,Fiber optic,116.25,3899.05,Credit card (automatic),46.16,46.16,Medium
4513-CXYIX,Female,1,Yes,No,71,Two year,Fiber optic,80.7,5676.0,Credit card (automatic),7.34,7.34,Low
3957-HHLMR,Female,0,Yes,Yes,70,One year,DSL,65.2,4543.15,Bank transfer (automatic),6.1,6.1,Low
7803-XOCCZ,Female,0,Yes,Yes,52,Month-to-month,Fiber optic,84.05,4326.8,Bank transfer (automatic),14.29,14.29,Low
5736-YEJAX,Male,0,No,Yes,69,Two year,DSL,79.45,5502.55,Credit card (automatic),3.45,3.45,Low
5609-CEBID,Female,1,No,No,20,Month-to-month,Fiber optic,94.1,1782.4,Electronic check,85.73,85.73,High
8981-FJGLA,Male,0,No,Yes,11,Month-to-month,Fiber optic,78.0,851.8,Mailed check,75.73,75.73,High
7218-HKQFK,Male,0,Yes,No,2,Month-to-month,Fiber optic,94.2,167.5,Electronic check,84.98,84.98,High
4636-QRJKY,Female,0,Yes,Yes,6,Month-to-month,Fiber optic,80.5,502.85,Electronic check,73.38,73.38,High
1135-LMECX,Female,0,No,No,1,Month-to-month,No,19.85,19.85,Mailed check,48.7,48.7,Medium
4332-MUOEZ,Male,1,Yes,Yes,20,One year,Fiber optic,94.3,1818.3,Credit card (automatic),16.4,16.4,Low
8535-SFUTN,Male,0,No,No,61,Month-to-month,Fiber optic,106.45,6300.15,Electronic check,50.16,50.16,Medium
5956-VKDTT,Female,1,Yes,No,5,Month-to-month,Fiber optic,74.35,334.8,Electronic check,87.58,87.58,High
8677-HDZEE,Female,0,No,No,56,Month-to-month,Fiber optic,105.45,5916.95,Bank transfer (automatic),47.32,47.32,Medium
2475-MROZF,Male,0,No,No,30,Month-to-month,Fiber optic,95.0,2852.4,Credit card (automatic),38.59,38.59,Medium
9412-GHEEC,Male,0,No,No,40,Month-to-month,Fiber optic,104.8,4131.95,Bank transfer (automatic),35.43,35.43,Medium
3482-ABPKK,Female,0,No,No,28,One year,DSL,54.3,1546.3,Mailed check,7.67,7.67,Low
6705-LXORM,Female,1,Yes,No,5,Month-to-month,Fiber optic,70.05,302.6,Electronic check,81.66,81.66,High
0257-ZESQC,Female,1,Yes,No,27,Month-to-month,Fiber optic,75.2,1929.35,Bank transfer (automatic),55.03,55.03,Medium
7531-GQHME,Male,0,No,No,12,Month-to-month,No,20.05,265.45,Credit card (automatic),28.18,28.18,Low
5174-ITUMV,Male,0,Yes,Yes,67,One year,Fiber optic,105.4,6989.45,Electronic check,52.54,52.54,Medium
4109-CYRBD,Male,1,Yes,No,29,Month-to-month,DSL,51.6,1442.0,Electronic check,56.73,56.73,Medium
0913-XWSCN,Male,0,Yes,Yes,55,Month-to-month,Fiber optic,85.5,4713.4,Bank transfer (automatic),29.24,29.24,Low
6825-UYPFK,Female,0,No,No,23,Month-to-month,Fiber optic,75.6,1758.6,Bank transfer (automatic),66.71,66.71,High
8397-MVTAZ,Male,0,Yes,No,34,Month-to-month,Fiber optic,100.05,3480.0,Electronic check,79.86,79.86,High
0750-EBAIU,Male,0,No,No,52,One year,Fiber optic,91.25,4738.3,Electronic check,18.95,18.95,Low
8606-CIQUL,Male,1,Yes,Yes,72,Two year,Fiber optic,115.75,8399.15,Credit card (automatic),10.6,10.6,Low
3571-DPYUH,Male,0,Yes,Yes,58,One year,Fiber optic,94.7,5430.35,Credit card (automatic),25.22,25.22,Low
7601-GNDYK,Male,0,Yes,Yes,35,Two year,No,19.6,686.95,Mailed check,1.92,1.92,Low
0356-OBMAC,Female,1,No,No,56,Two year,Fiber optic,99.9,5706.3,Bank transfer (automatic),4.45,4.45,Low
8067-NIOYM,Female,0,Yes,Yes,24,Two year,No,21.1,490.65,Credit card (automatic),5.79,5.79,Low
1403-GYAFU,Male,0,Yes,Yes,70,Two year,No,20.05,1360.25,Credit card (automatic),1.6,1.6,Low
4234-XTNEA,Male,0,No,No,2,Month-to-month,Fiber optic,79.95,174.45,Electronic check,84.23,84.23,High
1297-VQDRP,Male,1,Yes,Yes,68,One year,Fiber optic,107.15,7379.8,Credit card (automatic),39.05,39.05,Medium
9282-IZGQK,Female,0,No,No,1,Month-to-month,Fiber optic,85.0,85.0,Electronic check,91.23,91.23,High
5348-CAGXB,Male,0,No,No,12,Month-to-month,Fiber optic,89.55,1021.75,Electronic check,83.19,83.19,High
0621-HJWXJ,Female,0,Yes,No,63,Month-to-month,Fiber optic,81.55,5029.05,Bank transfer (automatic),37.86,37.86,Medium
5844-QVTAT,Female,0,Yes,Yes,33,One year,DSL,58.45,1955.4,Mailed check,7.85,7.85,Low
8905-IAZPF,Female,0,Yes,No,69,One year,Fiber optic,95.65,6744.2,Credit card (automatic),30.42,30.42,Medium
5394-MEITZ,Female,0,Yes,Yes,60,Two year,DSL,80.6,4946.7,Bank transfer (automatic),7.59,7.59,Low
6859-QNXIQ,Female,0,Yes,Yes,72,Two year,Fiber optic,113.1,8248.5,Bank transfer (automatic),4.36,4.36,Low
2782-LFZVW,Female,0,No,No,11,Month-to-month,DSL,58.95,601.6,Mailed check,68.13,68.13,High
2866-IKBTM,Female,0,No,No,1,Month-to-month,No,19.55,19.55,Mailed check,48.65,48.65,Medium
1342-JPNKI,Male,0,No,No,10,Month-to-month,Fiber optic,86.05,834.1,Bank transfer (automatic),81.42,81.42,High
2817-NTQDO,Male,0,No,No,13,Month-to-month,DSL,45.55,597.0,Credit card (automatic),52.25,52.25,Medium
7129-AZJDE,Male,0,Yes,Yes,34,One year,Fiber optic,78.95,2647.2,Bank transfer (automatic),35.09,35.09,Medium
6986-IJDHX,Male,0,Yes,Yes,39,Month-to-month,Fiber optic,86.3,3266.0,Mailed check,60.65,60.65,High
2560-PPCHE,Female,0,No,No,65,One year,Fiber optic,105.05,6744.25,Bank transfer (automatic),34.69,34.69,Medium
4676-MQUEA,Male,1,Yes,No,50,One year,Fiber optic,101.9,5265.5,Bank transfer (automatic),8.87,8.87,Low
8138-EALND,Male,0,No,No,15,Month-to-month,No,19.75,311.6,Mailed check,44.41,44.41,Medium
3580-HYCSP,Male,0,Yes,Yes,72,Two year,Fiber optic,110.3,7966.9,Bank transfer (automatic),6.37,6.37,Low
1352-HNSAW,Female,0,Yes,Yes,72,Two year,Fiber optic,115.6,8220.4,Bank transfer (automatic),4.42,4.42,Low
2075-PUEPR,Male,0,Yes,Yes,55,Two year,No,19.35,1153.25,Bank transfer (automatic),1.86,1.86,Low
1982-FEBTD,Female,0,Yes,Yes,23,Two year,No,25.6,514.75,Credit card (automatic),8.29,8.29,Low
5301-GAUUY,Male,0,No,No,32,Month-to-month,Fiber optic,80.35,2596.15,Bank transfer (automatic),63.21,63.21,High
5791-KAJFD,Female,0,Yes,Yes,56,One year,DSL,68.75,3808.0,Bank transfer (automatic),12.26,12.26,Low
2654-VBVPB,Female,0,No,No,1,Month-to-month,No,19.9,19.9,Bank transfer (automatic),48.53,48.53,Medium
1154-HYWWO,Male,0,No,No,38,One year,DSL,70.6,2708.2,Mailed check,17.36,17.36,Low
2501-XWWTZ,Male,0,No,No,11,Month-to-month,Fiber optic,70.2,760.05,Electronic check,72.21,72.21,High
3716-UVSPD,Male,0,No,No,1,Month-to-month,DSL,49.3,49.3,Electronic check,59.75,59.75,Medium
6815-ABQFQ,Male,0,Yes,No,56,One year,Fiber optic,107.25,6033.3,Electronic check,58.41,58.41,Medium
7343-EOBEU,Male,0,Yes,No,3,Month-to-month,No,23.6,89.05,Mailed check,48.71,48.71,Medium
3701-SFMUH,Male,0,Yes,Yes,7,Month-to-month,DSL,69.7,516.15,Credit card (automatic),40.24,40.24,Medium
6103-LIANB,Male,0,Yes,Yes,59,Two year,Fiber optic,99.5,5861.75,Credit card (automatic),31.02,31.02,Medium
7319-VENRZ,Male,0,No,No,7,Month-to-month,DSL,64.3,445.95,Bank transfer (automatic),38.05,38.05,Medium
5846-NEQVZ,Male,0,Yes,Yes,71,Two year,DSL,70.85,4973.4,Credit card (automatic),4.06,4.06,Low
6967-QIQRV,Male,0,Yes,Yes,15,One year,Fiber optic,101.9,1667.25,Electronic check,27.22,27.22,Low
5781-RFZRP,Male,0,Yes,No,71,Two year,DSL,73.5,5357.75,Credit card (automatic),2.45,2.45,Low
0939-YAPAF,Female,0,No,No,35,Month-to-month,Fiber optic,100.25,3527.6,Electronic check,77.99,77.99,High
0308-IVGOK,Female,0,No,No,11,One year,DSL,40.4,422.6,Credit card (automatic),10.63,10.63,Low
7293-LSCDV,Female,0,Yes,Yes,60,Two year,No,19.25,1103.25,Credit card (automatic),2.8,2.8,Low
7025-WCBNE,Male,1,No,No,47,Two year,DSL,59.6,2754.0,Bank transfer (automatic),0.69,0.69,Low
5756-JYOJT,Female,0,No,No,11,One year,DSL,64.9,697.25,Credit card (automatic),27.23,27.23,Low
4710-FDUIZ,Male,0,Yes,No,56,One year,Fiber optic,100.3,5614.45,Credit card (automatic),46.78,46.78,Medium
6030-REHUX,Female,1,Yes,No,28,Month-to-month,Fiber optic,110.85,3204.4,Electronic check,76.03,76.03,High
9548-LIGTA,Male,0,Yes,No,61,Two year,DSL,81.05,4747.65,Mailed check,2.03,2.03,Low
5150-LJNSR,Male,0,Yes,Yes,31,One year,Fiber optic,98.05,3082.1,Bank transfer (automatic),8.3,8.3,Low
8270-RKSAP,Male,0,No,No,9,Month-to-month,Fiber optic,70.5,597.9,Electronic check,75.87,75.87,High
6522-YRBXD,Male,1,Yes,No,35,Month-to-month,Fiber optic,94.55,3365.4,Electronic check,65.66,65.66,High
2640-LYMOV,Male,0,No,No,2,Month-to-month,No,19.65,38.8,Mailed check,51.88,51.88,Medium
1218-VKFPE,Female,0,Yes,Yes,12,Month-to-month,No,19.0,233.55,Mailed check,39.63,39.63,Medium
3627-FHKBK,Female,0,No,No,1,Month-to-month,Fiber optic,75.3,75.3,Mailed check,64.23,64.23,High
2865-TCHJW,Female,1,No,No,4,Month-to-month,Fiber optic,89.2,346.2,Electronic check,90.08,90.08,High
1423-BMPBQ,Female,0,Yes,Yes,1,Month-to-month,No,19.0,19.0,Mailed check,46.62,46.62,Medium
2393-DIVAI,Female,0,No,No,3,Month-to-month,No,20.0,61.7,Mailed check,53.01,53.01,Medium
5192-EBGOV,Female,1,No,No,1,Month-to-month,Fiber optic,85.7,85.7,Electronic check,90.92,90.92,High
4568-KNYWR,Male,0,No,No,52,Two year,DSL,63.25,3342.45,Credit card (automatic),8.46,8.46,Low
8752-IMQOS,Male,0,Yes,Yes,5,One year,No,20.1,85.1,Mailed check,9.31,9.31,Low
0742-LAFQK,Male,0,Yes,No,72,Two year,Fiber optic,99.15,7422.1,Electronic check,10.53,10.53,Low
0795-LAFGP,Male,0,Yes,Yes,71,Two year,DSL,90.4,6668.05,Electronic check,3.05,3.05,Low
0619-OLYUR,Male,0,Yes,No,72,Two year,Fiber optic,111.9,8071.05,Credit card (automatic),17.53,17.53,Low
5512-IDZEI,Male,0,Yes,Yes,46,One year,No,24.9,1174.8,Electronic check,9.38,9.38,Low
0459-SPZHJ,Male,0,Yes,Yes,63,Two year,DSL,83.5,5435.0,Credit card (automatic),8.07,8.07,Low
0215-BQKGS,Male,0,No,No,30,Month-to-month,Fiber optic,84.3,2438.6,Credit card (automatic),42.24,42.24,Medium
9244-ZVAPM,Male,0,No,No,1,Month-to-month,DSL,45.6,45.6,Mailed check,66.9,66.9,High
0719-SYFRB,Female,0,No,No,12,Month-to-month,DSL,61.65,713.75,Mailed check,26.28,26.28,Low
8208-EUMTE,Male,0,No,No,16,Two year,DSL,54.85,916.15,Mailed check,0.94,0.94,Low
5172-MIGPM,Male,0,No,No,4,Month-to-month,DSL,65.55,237.2,Mailed check,37.45,37.45,Medium
1710-RCXUS,Male,0,Yes,No,51,One year,Fiber optic,90.35,4614.55,Credit card (automatic),38.15,38.15,Medium
0374-FIUCA,Male,0,Yes,No,65,Two year,No,20.4,1414.45,Credit card (automatic),2.71,2.71,Low
5839-SUYVZ,Male,0,No,No,16,Month-to-month,Fiber optic,74.55,1170.5,Credit card (automatic),51.39,51.39,Medium
5173-ZXXXL,Male,0,No,No,2,One year,No,19.95,47.7,Mailed check,14.05,14.05,Low
1096-ADRUX,Female,0,Yes,Yes,66,One year,Fiber optic,74.25,4859.25,Bank transfer (automatic),19.23,19.23,Low
2001-MCUUW,Male,0,No,No,46,Two year,Fiber optic,108.65,4903.2,Electronic check,24.18,24.18,Low
2731-GJRDG,Female,0,No,No,32,One year,Fiber optic,109.55,3608.0,Bank transfer (automatic),41.88,41.88,Medium
4723-BEGSG,Male,0,Yes,No,72,Two year,DSL,86.65,6094.25,Credit card (automatic),5.74,5.74,Low
6516-NKQBO,Male,0,Yes,Yes,38,Two year,DSL,81.0,3084.9,Credit card (automatic),3.9,3.9,Low
8672-OAUPW,Male,0,No,Yes,51,One year,DSL,47.85,2356.75,Credit card (automatic),16.1,16.1,Low
8207-DMRVL,Male,0,Yes,Yes,72,Two year,Fiber optic,114.55,8306.05,Bank transfer (automatic),1.95,1.95,Low
3419-SNJJD,Female,1,Yes,No,65,Month-to-month,Fiber optic,105.25,6786.4,Bank transfer (automatic),17.62,17.62,Low
6543-CPZMK,Male,0,Yes,Yes,9,Month-to-month,DSL,29.95,248.95,Electronic check,67.2,67.2,High
4765-OXPPD,Female,0,Yes,Yes,9,Month-to-month,DSL,65.0,663.05,Mailed check,48.53,48.53,Medium
2804-ETQDK,Male,0,No,Yes,66,Two year,No,20.55,1357.1,Mailed check,2.71,2.71,Low
6689-VRRTK,Female,1,No,No,44,One year,Fiber optic,109.8,4860.35,Credit card (automatic),51.77,51.77,Medium
7138-GIRSH,Male,0,No,No,50,Two year,DSL,69.5,3418.2,Bank transfer (automatic),3.51,3.51,Low
9396-ZSFLL,Female,0,No,No,15,Month-to-month,DSL,48.85,631.4,Mailed check,53.0,53.0,Medium
6464-KEXXH,Male,0,No,No,8,Month-to-month,DSL,25.25,186.3,Credit card (automatic),68.74,68.74,High
7134-MJPDY,Female,1,No,No,66,One year,Fiber optic,102.85,6976.75,Credit card (automatic),40.91,40.91,Medium
5240-CAOYT,Female,0,No,No,57,Month-to-month,Fiber optic,87.55,4884.85,Bank transfer (automatic),15.84,15.84,Low
4059-IIEBK,Female,0,No,No,7,Month-to-month,Fiber optic,78.55,522.95,Bank transfer (automatic),82.55,82.55,High
4881-JVQOD,Male,1,Yes,Yes,10,Month-to-month,DSL,34.55,362.6,Bank transfer (automatic),73.65,73.65,High
0516-UXRMT,Female,0,No,No,62,One year,Fiber optic,92.05,5755.8,Electronic check,19.96,19.96,Low
4851-BQDNX,Male,0,Yes,Yes,40,One year,Fiber optic,85.05,3355.65,Electronic check,43.68,43.68,Medium
5148-HKFIR,Female,0,No,No,20,Two year,No,19.7,406.95,Mailed check,6.09,6.09,Low
1009-IRMNA,Female,0,No,No,7,Month-to-month,No,20.0,137.6,Bank transfer (automatic),47.6,47.6,Medium
3003-CMDUU,Female,0,Yes,No,25,Month-to-month,Fiber optic,95.15,2395.7,Electronic check,69.3,69.3,High
5016-IBERQ,Male,0,Yes,No,23,Month-to-month,Fiber optic,84.25,1968.1,Electronic check,71.03,71.03,High
6797-UCJHZ,Female,1,Yes,No,66,One year,Fiber optic,104.6,6819.45,Credit card (automatic),29.31,29.31,Low
2469-DTSGX,Female,1,No,No,72,Two year,Fiber optic,111.65,7943.45,Electronic check,13.33,13.33,Low
4554-YGZIH,Male,1,Yes,No,49,Month-to-month,Fiber optic,90.05,4547.25,Credit card (automatic),45.84,45.84,Medium
5099-BAILX,Male,1,Yes,Yes,43,Month-to-month,Fiber optic,110.75,4687.9,Bank transfer (automatic),51.85,51.85,Medium
9931-KGHOA,Female,0,Yes,No,46,Month-to-month,DSL,55.0,2473.95,Bank transfer (automatic),17.04,17.04,Low
1775-KWJKQ,Male,0,Yes,Yes,72,Two year,DSL,89.85,6562.9,Credit card (automatic),6.37,6.37,Low
7665-VIGUD,Male,0,No,No,10,One year,No,20.35,176.3,Mailed check,12.73,12.73,Low
9411-TPQQV,Female,0,No,No,40,One year,DSL,54.55,2236.2,Bank transfer (automatic),12.11,12.11,Low
7207-RMRDB,Female,0,Yes,Yes,65,Month-to-month,Fiber optic,105.5,6985.65,Electronic check,49.86,49.86,Medium
7954-MLBUN,Male,0,No,No,31,Two year,Fiber optic,99.45,3109.9,Bank transfer (automatic),18.37,18.37,Low
2077-DDHJK,Female,0,Yes,No,68,Two year,DSL,70.9,4911.35,Credit card (automatic),2.81,2.81,Low
4913-EHYUI,Male,1,Yes,Yes,56,One year,Fiber optic,104.55,5794.65,Bank transfer (automatic),29.78,29.78,Low
0195-IESCP,Male,0,Yes,No,10,Month-to-month,Fiber optic,85.25,855.3,Electronic check,84.73,84.73,High
9574-BOSMD,Male,0,Yes,Yes,68,Two year,No,25.4,1620.2,Bank transfer (automatic),1.42,1.42,Low
4580-TMHJU,Female,0,Yes,Yes,43,Month-to-month,DSL,56.15,2499.3,Electronic check,35.63,35.63,Medium
0970-ETWGE,Male,0,No,No,1,Month-to-month,Fiber optic,89.55,89.55,Electronic check,89.8,89.8,High
4908-XAXAY,Female,1,No,No,49,One year,Fiber optic,89.85,4287.2,Bank transfer (automatic),30.96,30.96,Medium
8404-VLQFB,Female,0,Yes,Yes,15,Month-to-month,No,25.25,394.85,Electronic check,47.76,47.76,Medium
1626-ERCMM,Male,1,Yes,No,20,Month-to-month,Fiber optic,94.55,1899.65,Electronic check,86.26,86.26,High
0887-HJGAR,Male,0,No,No,1,Month-to-month,DSL,45.7,45.7,Mailed check,65.72,65.72,High
2391-IPLOP,Male,0,Yes,Yes,50,One year,DSL,69.65,3442.15,Electronic check,15.19,15.19,Low
5644-PDMZC,Female,1,No,No,2,Month-to-month,Fiber optic,89.5,161.5,Electronic check,91.43,91.43,High
3509-GWQGF,Male,1,No,No,24,Month-to-month,Fiber optic,70.0,1732.6,Credit card (automatic),44.09,44.09,Medium
9576-ANLXO,Female,0,No,No,3,Month-to-month,Fiber optic,69.55,222.3,Bank transfer (automatic),76.49,76.49,High
2024-BASKD,Female,0,No,No,1,Month-to-month,Fiber optic,74.6,74.6,Mailed check,80.68,80.68,High
5845-BZZIB,Male,0,Yes,Yes,35,Two year,No,20.1,655.3,Mailed check,1.92,1.92,Low
1140-UKVZG,Female,0,No,No,17,Month-to-month,No,24.8,475.25,Mailed check,39.56,39.56,Medium
4160-AMJTL,Female,1,No,No,8,Month-to-month,No,19.65,164.3,Electronic check,56.1,56.1,Medium
5183-SNMJQ,Male,0,No,No,10,Month-to-month,Fiber optic,95.1,865.1,Credit card (automatic),70.82,70.82,High
8100-PNJMH,Male,0,Yes,Yes,68,Two year,DSL,88.85,6132.7,Credit card (automatic),6.31,6.31,Low
7838-LAZFO,Male,0,Yes,No,45,One year,DSL,78.8,3597.5,Bank transfer (automatic),22.78,22.78,Low
4464-JCOLN,Male,0,Yes,Yes,2,One year,No,19.85,35.9,Mailed check,9.71,9.71,Low
2085-JVGAD,Male,0,Yes,No,37,Month-to-month,No,20.35,697.65,Bank transfer (automatic),31.53,31.53,Medium
5650-VDUDS,Female,0,No,No,4,Month-to-month,DSL,24.25,96.05,Mailed check,70.66,70.66,High
8095-WANWK,Female,0,No,No,10,Month-to-month,DSL,45.25,428.7,Mailed check,53.85,53.85,Medium
3030-ZKIWL,Male,0,No,No,1,Month-to-month,No,20.05,20.05,Mailed check,46.2,46.2,Medium
9565-FLVCG,Male,0,Yes,Yes,65,Two year,DSL,69.55,4459.15,Mailed check,2.8,2.8,Low
8755-OGKNA,Female,0,Yes,Yes,57,Two year,No,19.5,1167.6,Bank transfer (automatic),2.84,2.84,Low
2800-VEQXM,Female,0,No,No,3,Month-to-month,Fiber optic,74.75,238.1,Mailed check,79.57,79.57,High
7538-GWHML,Female,0,No,No,2,Month-to-month,Fiber optic,69.65,145.15,Electronic check,76.02,76.02,High
5533-RJFTJ,Male,0,No,No,49,Month-to-month,DSL,30.2,1453.1,Bank transfer (automatic),29.67,29.67,Low
3859-CVCET,Female,0,No,No,4,Month-to-month,DSL,45.65,191.05,Mailed check,61.61,61.61,High
0214-JHPFW,Female,0,Yes,No,70,Two year,DSL,57.8,4039.3,Bank transfer (automatic),6.18,6.18,Low
5642-MHDQT,Female,0,Yes,Yes,53,One year,No,19.85,1039.45,Bank transfer (automatic),8.87,8.87,Low
3088-FVYWK,Male,0,Yes,Yes,53,Two year,No,25.55,1336.1,Credit card (automatic),2.85,2.85,Low
3276-HDUEG,Female,0,No,No,1,Month-to-month,Fiber optic,75.05,75.05,Mailed check,86.82,86.82,High
9092-GDZKO,Male,0,No,No,22,Month-to-month,No,24.85,493.4,Credit card (automatic),38.27,38.27,Medium
0823-HSCDJ,Male,1,No,No,52,Month-to-month,DSL,49.15,2550.9,Electronic check,64.56,64.56,High
3729-OWRVL,Male,1,No,No,65,Two year,Fiber optic,110.35,7246.15,Electronic check,9.49,9.49,Low
2324-AALNO,Female,0,No,No,48,One year,No,24.55,1203.95,Bank transfer (automatic),5.2,5.2,Low
0822-GAVAP,Female,0,No,No,2,Month-to-month,DSL,34.7,62.25,Electronic check,85.19,85.19,High
5760-IFJOZ,Male,0,No,No,3,Month-to-month,Fiber optic,107.95,313.6,Mailed check,85.46,85.46,High
2826-UWHIS,Male,0,Yes,No,45,Month-to-month,Fiber optic,81.4,3775.85,Bank transfer (automatic),39.87,39.87,Medium
1448-PWKYE,Male,0,Yes,Yes,1,Month-to-month,Fiber optic,80.0,80.0,Electronic check,78.89,78.89,High
7501-IWUNG,Female,0,Yes,Yes,61,Two year,DSL,73.8,4616.05,Bank transfer (automatic),8.48,8.48,Low
4957-TREIR,Male,0,No,No,3,Month-to-month,DSL,64.4,195.65,Credit card (automatic),49.38,49.38,Medium
7251-LJBQN,Female,1,No,No,40,One year,Fiber optic,103.75,4188.4,Credit card (automatic),52.43,52.43,Medium
8040-MNRTF,Female,0,No,No,1,Month-to-month,Fiber optic,71.1,71.1,Mailed check,78.08,78.08,High
1536-HBSWP,Female,0,No,No,1,Month-to-month,DSL,49.9,49.9,Electronic check,60.57,60.57,High
5313-FPXWG,Male,0,No,No,51,One year,No,24.6,1266.4,Bank transfer (automatic),5.66,5.66,Low
0067-DKWBL,Male,1,No,No,2,Month-to-month,DSL,49.25,91.1,Electronic check,64.73,64.73,High
0946-FKYTX,Male,0,No,No,52,One year,DSL,30.1,1623.4,Mailed check,12.54,12.54,Low
5076-YVXCM,Male,0,No,No,51,Month-to-month,Fiber optic,83.4,4149.45,Bank transfer (automatic),34.96,34.96,Medium
8262-COGGB,Male,0,No,No,1,Month-to-month,No,20.45,20.45,Mailed check,51.91,51.91,Medium
6663-JOCQO,Male,0,Yes,Yes,31,One year,DSL,75.25,2344.5,Bank transfer (automatic),6.65,6.65,Low
9620-QJREV,Male,0,No,Yes,47,One year,No,20.55,1013.05,Credit card (automatic),8.64,8.64,Low
2276-YDAVZ,Female,0,No,No,3,Month-to-month,Fiber optic,75.1,270.7,Credit card (automatic),78.13,78.13,High
2682-KEVRP,Female,1,No,No,22,One year,No,20.05,417.0,Mailed check,13.41,13.41,Low
2480-JZOSN,Female,0,Yes,No,1,Month-to-month,No,20.65,20.65,Mailed check,50.1,50.1,Medium
0078-XZMHT,Male,0,Yes,No,72,Two year,DSL,85.15,6316.2,Bank transfer (automatic),4.75,4.75,Low
5896-NPFWW,Male,0,Yes,Yes,3,Month-to-month,DSL,50.15,168.15,Electronic check,66.26,66.26,High
9978-HYCIN,Male,1,Yes,Yes,47,One year,Fiber optic,84.95,4018.05,Bank transfer (automatic),24.65,24.65,Low
8338-QIUNR,Male,0,Yes,Yes,72,Two year,DSL,66.5,4811.6,Credit card (automatic),2.37,2.37,Low
1525-LNLOJ,Male,0,Yes,Yes,66,Two year,DSL,63.3,4189.7,Bank transfer (automatic),4.38,4.38,Low
9450-TRJUU,Male,0,No,No,35,Month-to-month,Fiber optic,83.15,2848.45,Electronic check,68.46,68.46,High
1766-GKNMI,Male,0,No,No,29,Month-to-month,Fiber optic,84.9,2516.2,Electronic check,74.25,74.25,High
6942-LBFDP,Female,0,No,No,2,Month-to-month,No,20.55,33.6,Mailed check,53.35,53.35,Medium
1456-TWCGB,Male,0,No,No,4,Month-to-month,DSL,49.25,208.45,Mailed check,51.23,51.23,Medium
7133-VBDCG,Female,0,No,No,25,Month-to-month,Fiber optic,79.85,2015.35,Bank transfer (automatic),52.53,52.53,Medium
7596-ZYWBB,Female,0,No,No,65,Two year,DSL,59.6,3739.8,Mailed check,1.54,1.54,Low
8329-UTMVM,Male,1,No,No,27,One year,Fiber optic,104.65,2964.0,Bank transfer (automatic),46.34,46.34,Medium
3014-WJKSM,Male,0,Yes,No,29,Month-to-month,Fiber optic,75.3,2263.4,Credit card (automatic),47.94,47.94,Medium
3347-YJZZE,Male,0,Yes,Yes,29,Month-to-month,DSL,80.1,2211.8,Credit card (automatic),31.72,31.72,Medium
1029-QFBEN,Male,0,No,No,1,Month-to-month,No,19.55,19.55,Mailed check,46.13,46.13,Medium
7929-DMBCV,Female,0,Yes,No,20,Month-to-month,Fiber optic,81.0,1683.7,Mailed check,59.06,59.06,Medium
9661-JALZV,Female,0,No,No,58,Two year,No,24.7,1519.0,Credit card (automatic),5.3,5.3,Low
5433-KYGHE,Female,0,No,Yes,14,Month-to-month,Fiber optic,86.0,1164.05,Mailed check,39.82,39.82,Medium
4312-KFRXN,Male,0,Yes,No,72,Two year,No,25.4,1710.9,Mailed check,1.31,1.31,Low
5575-TPIZQ,Male,0,No,No,46,Month-to-month,Fiber optic,89.15,4245.55,Credit card (automatic),41.0,41.0,Medium
0114-IGABW,Female,0,Yes,No,71,Two year,DSL,58.25,4145.9,Bank transfer (automatic),6.22,6.22,Low
9944-AEXBM,Male,0,No,No,32,Month-to-month,Fiber optic,85.65,2664.3,Bank transfer (automatic),65.09,65.09,High
1853-ARAAQ,Female,0,No,No,26,Month-to-month,DSL,50.35,1277.5,Credit card (automatic),66.05,66.05,High
6952-OMNWB,Male,1,Yes,No,68,Month-to-month,Fiber optic,80.35,5589.3,Credit card (automatic),43.5,43.5,Medium
4697-LUPSU,Male,0,Yes,Yes,2,One year,No,20.2,34.75,Mailed check,9.73,9.73,Low
8434-VGEQQ,Male,0,Yes,Yes,61,Two year,No,20.55,1305.95,Credit card (automatic),1.72,1.72,Low
4952-YSOGZ,Female,0,Yes,Yes,4,Month-to-month,Fiber optic,85.95,381.3,Electronic check,86.6,86.6,High
1589-AGTLK,Male,0,No,No,3,Month-to-month,DSL,45.35,141.5,Electronic check,69.34,69.34,High
5244-IRFIH,Male,1,Yes,No,33,Month-to-month,Fiber optic,94.5,3105.55,Electronic check,79.37,79.37,High
6549-YMFAW,Male,1,Yes,No,9,Month-to-month,No,21.25,204.55,Mailed check,50.59,50.59,Medium
4950-HKQTE,Female,0,No,No,22,Two year,No,26.25,605.9,Mailed check,3.24,3.24,Low
6786-OBWQR,Female,0,Yes,Yes,5,Month-to-month,Fiber optic,80.85,356.1,Electronic check,81.33,81.33,High
2684-EIWEO,Female,1,No,No,30,Month-to-month,Fiber optic,91.7,2758.15,Credit card (automatic),56.15,56.15,Medium
2753-JMMCV,Male,0,No,No,65,Two year,DSL,74.2,4805.65,Credit card (automatic),13.13,13.13,Low
6439-GTPCA,Female,0,No,No,45,Month-to-month,Fiber optic,87.25,3941.7,Electronic check,51.92,51.92,Medium
6621-YOBKI,Male,0,No,No,5,Month-to-month,No,20.35,92.75,Mailed check,46.15,46.15,Medium
1216-JWVUX,Male,0,Yes,Yes,25,Month-to-month,Fiber optic,75.5,1901.05,Electronic check,65.82,65.82,High
7564-GHCVB,Female,0,Yes,Yes,72,Two year,Fiber optic,79.05,5730.7,Bank transfer (automatic),1.34,1.34,Low
1173-NOEYG,Female,0,Yes,No,27,Month-to-month,Fiber optic,90.15,2423.4,Bank transfer (automatic),65.4,65.4,High
7595-EHCDL,Male,0,Yes,Yes,32,Month-to-month,DSL,50.6,1653.45,Credit card (automatic),37.09,37.09,Medium
6647-ZEDXT,Female,0,No,No,30,One year,Fiber optic,110.45,3327.05,Credit card (automatic),42.85,42.85,Medium
2521-NPUZR,Male,0,Yes,No,70,Two year,Fiber optic,101.0,7085.5,Credit card (automatic),3.99,3.99,Low
1307-TVUFB,Male,1,No,No,42,Month-to-month,Fiber optic,79.35,3344.1,Bank transfer (automatic),53.98,53.98,Medium
7503-MIOGA,Female,1,Yes,No,72,Two year,DSL,89.85,6697.35,Bank transfer (automatic),1.72,1.72,Low
4381-MHQDC,Female,0,No,No,47,Two year,DSL,65.0,2879.9,Mailed check,0.92,0.92,Low
6923-JHPMP,Female,0,No,No,2,Month-to-month,Fiber optic,80.45,137.1,Electronic check,75.73,75.73,High
5138-WVKYJ,Male,0,No,No,10,Month-to-month,Fiber optic,98.55,1008.55,Electronic check,79.27,79.27,High
4018-PPNDW,Female,0,Yes,Yes,61,Two year,No,24.1,1551.6,Mailed check,1.51,1.51,Low
1635-FJFCC,Female,0,No,No,5,Month-to-month,DSL,44.05,202.15,Credit card (automatic),59.5,59.5,Medium
2499-AJYUA,Female,1,Yes,No,72,Two year,Fiber optic,110.8,7882.25,Credit card (automatic),18.18,18.18,Low
6919-ELBGL,Male,1,Yes,Yes,72,Two year,Fiber optic,114.95,8196.4,Bank transfer (automatic),2.37,2.37,Low
3966-HRMZA,Female,1,No,No,3,Month-to-month,Fiber optic,75.05,202.9,Mailed check,82.12,82.12,High
6425-JWTDV,Male,0,Yes,No,48,Two year,No,19.25,855.1,Mailed check,2.01,2.01,Low
8405-IGQFX,Female,0,No,No,63,One year,Fiber optic,90.05,5817.0,Credit card (automatic),28.73,28.73,Low
8224-IVVPA,Female,0,No,No,27,Month-to-month,DSL,56.7,1652.95,Mailed check,44.72,44.72,Medium
9477-LGWQI,Male,0,Yes,Yes,70,Two year,DSL,80.15,5600.15,Credit card (automatic),6.4,6.4,Low
1410-RSCMR,Male,0,Yes,Yes,7,Month-to-month,DSL,71.35,515.75,Credit card (automatic),37.64,37.64,Medium
3115-CZMZD,Male,0,No,Yes,0,Two year,No,20.25,0.0,Mailed check,6.27,6.27,Low
0139-IVFJG,Female,0,Yes,No,2,Month-to-month,Fiber optic,90.35,190.5,Electronic check,67.2,67.2,High
6683-VLCTZ,Male,1,No,No,20,Month-to-month,Fiber optic,98.55,1842.8,Electronic check,87.25,87.25,High
5730-DBDSI,Male,0,No,No,66,Two year,No,19.7,1253.8,Bank transfer (automatic),3.72,3.72,Low
0030-FNXPP,Female,0,No,No,3,Month-to-month,No,19.85,57.2,Mailed check,48.47,48.47,Medium
2189-WWOEW,Female,0,No,Yes,15,Month-to-month,Fiber optic,85.9,1269.55,Bank transfer (automatic),66.11,66.11,High
5684-FJVYR,Female,0,Yes,Yes,72,Two year,Fiber optic,90.35,6563.4,Bank transfer (automatic),1.01,1.01,Low
4013-GUXND,Male,0,No,No,1,Month-to-month,No,20.8,20.8,Mailed check,46.3,46.3,Medium
1894-IGFSG,Female,0,No,No,22,Month-to-month,Fiber optic,89.25,1907.85,Electronic check,68.18,68.18,High
7379-POKDZ,Male,0,Yes,No,3,Month-to-month,Fiber optic,70.3,208.85,Electronic check,79.72,79.72,High
1266-NZYUI,Female,0,Yes,Yes,72,Two year,DSL,66.85,4758.8,Bank transfer (automatic),0.66,0.66,Low
7969-FFOWG,Male,0,Yes,Yes,65,Two year,No,19.9,1292.6,Mailed check,1.67,1.67,Low
4718-DHSMV,Female,0,No,No,11,Month-to-month,DSL,35.8,363.15,Mailed check,74.43,74.43,High
5175-WLYXL,Male,0,No,No,22,Month-to-month,Fiber optic,78.85,1600.25,Mailed check,72.96,72.96,High
7817-OMJNA,Male,0,No,No,14,One year,No,20.4,275.7,Bank transfer (automatic),13.89,13.89,Low
8728-SKJLR,Male,0,No,No,41,Month-to-month,Fiber optic,74.25,3089.1,Electronic check,47.37,47.37,Medium
3137-NYQQI,Male,0,Yes,No,17,One year,DSL,64.8,1175.6,Mailed check,14.52,14.52,Low
7706-DZNKK,Male,0,No,No,11,Month-to-month,No,20.45,237.3,Credit card (automatic),35.06,35.06,Medium
0236-HFWSV,Male,0,No,No,15,Month-to-month,Fiber optic,93.35,1444.65,Electronic check,86.9,86.9,High
3900-AQPHZ,Female,0,No,No,1,Month-to-month,No,19.9,19.9,Mailed check,48.71,48.71,Medium
5842-POCOP,Female,0,Yes,No,5,Month-to-month,Fiber optic,88.9,454.15,Mailed check,82.22,82.22,High
2037-XJFUP,Male,0,Yes,No,33,One year,Fiber optic,95.8,3036.75,Electronic check,71.55,71.55,High
8823-RLPWL,Female,0,Yes,No,72,Two year,Fiber optic,110.65,8065.65,Credit card (automatic),18.21,18.21,Low
9505-SQFSW,Female,0,Yes,Yes,3,Month-to-month,DSL,40.3,92.5,Mailed check,52.56,52.56,Medium
7314-OXENN,Male,0,No,No,2,Month-to-month,Fiber optic,82.0,184.65,Electronic check,83.63,83.63,High
3758-CKOQL,Female,0,Yes,No,59,One year,Fiber optic,107.0,6152.3,Credit card (automatic),29.21,29.21,Low
0322-CHQRU,Male,0,No,No,2,Month-to-month,DSL,45.35,89.5,Electronic check,68.13,68.13,High
5676-CFLYY,Male,0,Yes,Yes,71,Two year,DSL,73.35,5154.5,Credit card (automatic),4.51,4.51,Low
7521-AFHAB,Female,0,Yes,Yes,5,Month-to-month,DSL,44.8,220.45,Mailed check,57.98,57.98,Medium
0285-INHLN,Male,0,Yes,Yes,27,Month-to-month,DSL,54.75,1510.3,Credit card (automatic),48.97,48.97,Medium
4678-DVQEO,Female,0,No,No,1,Month-to-month,DSL,52.2,52.2,Electronic check,60.58,60.58,High
5125-CNDSP,Male,0,No,Yes,63,One year,DSL,40.6,2588.95,Bank transfer (automatic),2.33,2.33,Low
0691-IFBQW,Female,1,No,No,46,One year,Fiber optic,110.0,4874.8,Electronic check,47.48,47.48,Medium
4992-LTJNE,Male,0,Yes,Yes,72,Two year,DSL,55.3,3983.6,Bank transfer (automatic),0.66,0.66,Low
2202-OUTMO,Female,0,Yes,No,34,Month-to-month,DSL,60.85,2003.6,Bank transfer (automatic),20.74,20.74,Low
0810-BDHAW,Female,0,Yes,Yes,24,One year,DSL,78.4,1832.4,Electronic check,20.65,20.65,Low
0229-LFJAF,Male,0,No,No,72,Two year,DSL,69.65,4908.25,Bank transfer (automatic),0.61,0.61,Low
7131-ZQZNK,Female,0,Yes,Yes,60,Two year,DSL,59.85,3590.2,Credit card (automatic),6.96,6.96,Low
3442-ZHHCC,Male,0,No,No,68,One year,DSL,76.9,5023.0,Credit card (automatic),26.5,26.5,Low
5726-CVNYA,Female,0,Yes,Yes,8,Two year,No,19.85,146.6,Mailed check,5.35,5.35,Low
9871-ELEYA,Female,0,No,Yes,34,Two year,DSL,67.65,2339.3,Credit card (automatic),6.25,6.25,Low
4257-GAESD,Female,0,No,No,6,Month-to-month,DSL,45.0,298.7,Credit card (automatic),67.99,67.99,High
5173-WXOQV,Male,0,Yes,No,2,Month-to-month,DSL,64.2,143.65,Mailed check,52.24,52.24,Medium
2040-OBMLJ,Male,0,No,No,31,One year,Fiber optic,81.7,2548.65,Credit card (automatic),15.15,15.15,Low
6286-ZHAOK,Female,0,Yes,Yes,20,Month-to-month,No,25.55,507.4,Bank transfer (automatic),38.79,38.79,Medium
3807-XHCJH,Female,0,Yes,Yes,1,Month-to-month,No,20.0,20.0,Electronic check,41.47,41.47,Medium
3009-JWMPU,Male,0,No,No,62,One year,Fiber optic,96.75,6125.4,Electronic check,56.42,56.42,Medium
5671-RQRLP,Female,1,Yes,No,70,Two year,Fiber optic,75.65,5411.4,Credit card (automatic),11.98,11.98,Low
1450-GALXR,Female,0,No,No,10,Month-to-month,Fiber optic,98.5,1058.25,Electronic check,84.7,84.7,High
8859-AXJZP,Male,0,Yes,Yes,39,Two year,No,23.8,903.8,Mailed check,1.54,1.54,Low
3174-AKMAS,Female,0,Yes,No,46,Two year,DSL,64.2,3009.5,Credit card (automatic),4.68,4.68,Low
3138-BKYAV,Male,0,No,No,6,Month-to-month,Fiber optic,85.35,489.45,Electronic check,79.49,79.49,High
9926-PJHDQ,Female,0,Yes,Yes,72,Two year,DSL,76.8,5468.45,Bank transfer (automatic),16.22,16.22,Low
7382-DFJTU,Male,0,No,No,18,Month-to-month,DSL,55.2,1058.1,Credit card (automatic),41.2,41.2,Medium
2798-NYLMZ,Male,0,Yes,No,71,Two year,Fiber optic,108.55,7616.0,Credit card (automatic),18.37,18.37,Low
4289-DTDKW,Male,0,Yes,No,40,Month-to-month,Fiber optic,101.3,4113.1,Electronic check,77.28,77.28,High
1820-TQVEV,Male,0,No,No,1,Month-to-month,Fiber optic,69.55,69.55,Electronic check,79.72,79.72,High
2239-JALAW,Male,0,No,No,58,One year,Fiber optic,103.25,6017.65,Bank transfer (automatic),54.17,54.17,Medium
4853-RULSV,Male,0,No,No,70,Two year,Fiber optic,104.0,7250.15,Credit card (automatic),21.05,21.05,Low
8098-TDCBU,Female,0,Yes,No,42,Two year,No,25.25,1108.2,Electronic check,3.83,3.83,Low
3551-GAEGL,Male,0,Yes,Yes,34,One year,DSL,30.4,938.65,Bank transfer (automatic),4.12,4.12,Low
4785-NKHCX,Male,1,No,No,5,Month-to-month,No,20.05,94.15,Bank transfer (automatic),49.91,49.91,Medium
3196-NVXLZ,Female,0,No,No,25,Month-to-month,Fiber optic,84.6,2088.05,Mailed check,77.13,77.13,High
6275-YDUVO,Female,0,No,No,2,Month-to-month,Fiber optic,86.2,178.7,Mailed check,85.98,85.98,High
0036-IHMOT,Female,0,Yes,Yes,55,One year,Fiber optic,103.7,5656.75,Bank transfer (automatic),32.24,32.24,Medium
0115-TFERT,Male,0,Yes,No,21,Month-to-month,Fiber optic,111.2,2317.1,Electronic check,78.93,78.93,High
4178-EGMON,Male,0,Yes,No,70,Two year,Fiber optic,88.0,5986.45,Credit card (automatic),2.82,2.82,Low
4220-TINQT,Female,0,Yes,No,61,Month-to-month,Fiber optic,106.35,6751.35,Electronic check,48.25,48.25,Medium
5318-YKDPV,Male,0,Yes,Yes,43,Two year,DSL,79.15,3566.6,Credit card (automatic),6.32,6.32,Low
7975-TZMLR,Male,0,No,No,47,One year,Fiber optic,103.1,4889.3,Electronic check,62.6,62.6,High
0295-QVKPB,Male,0,No,No,5,Month-to-month,DSL,63.95,318.1,Credit card (automatic),47.36,47.36,Medium
4335-BSMJS,Female,0,No,No,62,Two year,No,25.8,1563.95,Credit card (automatic),5.05,5.05,Low
2311-QYMUQ,Female,0,Yes,Yes,16,Month-to-month,Fiber optic,89.45,1430.25,Credit card (automatic),67.01,67.01,High
3643-AHCFP,Male,1,Yes,No,7,Month-to-month,Fiber optic,95.6,644.35,Bank transfer (automatic),91.02,91.02,High
9146-JRIOX,Female,0,Yes,Yes,14,Month-to-month,No,25.55,372.45,Mailed check,37.44,37.44,Medium
3104-OWCGK,Male,0,Yes,Yes,60,One year,Fiber optic,90.95,5453.4,Electronic check,37.73,37.73,Medium
5337-IIWKZ,Male,0,Yes,Yes,34,Month-to-month,DSL,44.85,1442.6,Electronic check,50.99,50.99,Medium
9101-BWFSS,Female,0,Yes,No,50,One year,Fiber optic,108.55,5610.7,Electronic check,35.65,35.65,Medium
9650-VBUOG,Male,0,Yes,Yes,38,Two year,No,25.05,963.95,Credit card (automatic),3.5,3.5,Low
3487-EARAT,Female,0,Yes,Yes,70,One year,DSL,74.1,5222.3,Credit card (automatic),22.26,22.26,Low
2672-TGEFF,Female,0,Yes,Yes,37,Month-to-month,Fiber optic,88.8,3340.55,Electronic check,66.93,66.93,High
9231-ZJYAM,Female,1,No,No,4,Month-to-month,Fiber optic,78.85,292.8,Electronic check,85.39,85.39,High
4250-WAROZ,Male,1,Yes,Yes,60,Month-to-month,Fiber optic,93.25,5774.55,Electronic check,25.79,25.79,Low
8184-WMOFI,Male,0,Yes,Yes,62,One year,DSL,71.4,4487.3,Credit card (automatic),15.03,15.03,Low
6982-SSHFK,Male,0,No,No,1,Month-to-month,DSL,44.4,44.4,Mailed check,66.78,66.78,High
6092-QZVPP,Male,0,No,No,36,Month-to-month,DSL,79.2,2854.95,Credit card (automatic),37.0,37.0,Medium
4625-LAMOB,Male,0,No,No,44,Two year,No,20.4,905.55,Credit card (automatic),4.01,4.01,Low
0727-BMPLR,Female,1,No,No,55,One year,Fiber optic,100.0,5509.3,Electronic check,44.04,44.04,Medium
0392-BZIUW,Female,0,Yes,No,72,Two year,Fiber optic,105.0,7589.8,Credit card (automatic),22.46,22.46,Low
1038-ZAGBI,Female,0,Yes,Yes,12,One year,No,19.8,229.6,Bank transfer (automatic),15.55,15.55,Low
6549-NNDYT,Female,0,No,No,13,Month-to-month,DSL,30.85,394.1,Bank transfer (automatic),59.36,59.36,Medium
3027-ZTDHO,Male,0,No,No,1,Month-to-month,Fiber optic,89.9,89.9,Electronic check,89.81,89.81,High
0422-OHQHQ,Female,0,Yes,Yes,15,One year,No,20.55,295.95,Mailed check,11.79,11.79,Low
6916-HIJSE,Female,0,No,No,65,Two year,DSL,84.85,5459.2,Bank transfer (automatic),6.4,6.4,Low
2316-ESMLS,Female,0,Yes,Yes,12,One year,DSL,33.15,444.75,Credit card (automatic),11.04,11.04,Low
9778-OGKQZ,Male,0,Yes,No,72,Two year,DSL,92.0,6782.15,Credit card (automatic),5.64,5.64,Low
7408-OFWXJ,Female,0,Yes,Yes,72,Two year,DSL,89.8,6510.45,Credit card (automatic),7.07,7.07,Low
6007-TCTST,Female,0,Yes,Yes,72,Two year,Fiber optic,115.8,8476.5,Bank transfer (automatic),4.39,4.39,Low
2252-NKNSI,Male,0,No,Yes,52,Two year,DSL,85.15,4461.85,Mailed check,2.22,2.22,Low
8713-IGZSO,Male,0,No,No,2,Month-to-month,No,24.85,62.0,Mailed check,46.32,46.32,Medium
7905-TVXTA,Female,0,No,No,5,Month-to-month,DSL,64.35,352.65,Electronic check,57.74,57.74,Medium
7695-PKLCZ,Female,0,No,No,68,Two year,No,20.5,1424.9,Credit card (automatic),2.26,2.26,Low
2382-BCKQJ,Female,0,No,Yes,62,One year,Fiber optic,100.15,6413.65,Electronic check,37.53,37.53,Medium
8374-UULRV,Male,0,No,No,72,Two year,DSL,86.05,6309.65,Credit card (automatic),8.86,8.86,Low
2207-NHRJK,Male,0,No,No,1,Month-to-month,DSL,50.8,50.8,Electronic check,59.58,59.58,Medium
3224-DFQNQ,Female,0,Yes,No,66,One year,Fiber optic,89.0,5898.6,Electronic check,8.6,8.6,Low
5275-PMFUT,Male,0,Yes,Yes,72,Two year,DSL,64.8,4719.75,Credit card (automatic),4.78,4.78,Low
4795-UXVCJ,Male,0,No,No,26,One year,No,19.8,457.3,Credit card (automatic),10.61,10.61,Low
9777-IQHWP,Male,0,Yes,Yes,64,Two year,Fiber optic,93.4,5822.3,Bank transfer (automatic),2.79,2.79,Low
0947-MUGVO,Male,1,Yes,No,20,Month-to-month,Fiber optic,73.65,1463.5,Electronic check,69.05,69.05,High
9944-HKVVB,Female,0,No,No,3,Month-to-month,Fiber optic,95.1,307.4,Electronic check,86.79,86.79,High
4124-MMETB,Male,0,No,No,22,Month-to-month,Fiber optic,94.65,2104.55,Credit card (automatic),77.64,77.64,High
3671-SHRSP,Male,0,Yes,No,4,Month-to-month,Fiber optic,80.6,319.15,Mailed check,71.29,71.29,High
0979-MOZQI,Male,0,Yes,No,62,Two year,DSL,39.0,2337.45,Bank transfer (automatic),0.89,0.89,Low
2732-ISEZX,Female,0,No,No,5,Month-to-month,No,20.5,104.3,Mailed check,52.44,52.44,Medium
3313-QKNKB,Male,0,Yes,No,59,One year,Fiber optic,85.55,5084.65,Electronic check,31.62,31.62,Medium
0323-XWWTN,Male,0,No,Yes,3,Two year,No,26.4,121.25,Mailed check,5.98,5.98,Low
1937-OTUKY,Female,0,Yes,No,72,Two year,Fiber optic,98.2,7015.9,Bank transfer (automatic),1.62,1.62,Low
1573-LGXBA,Male,0,Yes,Yes,57,One year,Fiber optic,97.55,5598.0,Credit card (automatic),25.57,25.57,Low
1764-VUUMT,Male,0,No,Yes,66,Two year,No,19.95,1269.1,Credit card (automatic),2.26,2.26,Low
5073-WXOYN,Female,0,No,No,60,Month-to-month,DSL,50.8,3027.4,Electronic check,48.96,48.96,Medium
4713-ZBURT,Male,0,No,Yes,45,Two year,Fiber optic,99.7,4634.35,Bank transfer (automatic),22.35,22.35,Low
3050-GBUSH,Female,0,No,No,3,Month-to-month,DSL,34.8,113.95,Credit card (automatic),78.35,78.35,High
0207-MDKNV,Female,0,No,No,15,Month-to-month,Fiber optic,105.1,1582.75,Electronic check,63.45,63.45,High
7876-AEHIG,Female,0,No,Yes,51,One year,DSL,60.15,3077.0,Bank transfer (automatic),11.45,11.45,Low
7945-HLKEA,Female,0,No,No,60,One year,DSL,64.75,4039.5,Electronic check,7.71,7.71,Low
9342-VNIMQ,Male,0,No,No,33,Month-to-month,DSL,54.65,1665.2,Bank transfer (automatic),39.18,39.18,Medium
9851-KIELU,Male,0,No,No,10,Month-to-month,Fiber optic,110.1,1043.3,Electronic check,71.03,71.03,High
3523-BRGUW,Male,1,No,No,26,One year,No,19.3,504.2,Credit card (automatic),18.07,18.07,Low
3908-BLSYF,Female,0,No,No,6,Month-to-month,Fiber optic,83.9,497.55,Electronic check,78.24,78.24,High
3199-NPKCN,Female,0,Yes,No,67,One year,Fiber optic,111.25,7511.65,Electronic check,31.01,31.01,Medium
5170-PTRKA,Female,0,Yes,Yes,49,One year,DSL,35.8,1782.0,Credit card (automatic),7.01,7.01,Low
4661-NJEUX,Male,0,No,No,1,Month-to-month,No,20.05,20.05,Mailed check,51.87,51.87,Medium
2123-AGEEN,Female,1,No,No,7,Month-to-month,Fiber optic,84.35,609.65,Electronic check,83.75,83.75,High
1258-YMZNM,Female,1,No,No,27,One year,Fiber optic,110.5,2857.6,Bank transfer (automatic),54.24,54.24,Medium
0048-LUMLS,Male,0,Yes,Yes,37,One year,Fiber optic,91.2,3247.55,Credit card (automatic),24.86,24.86,Low
7549-MYGPK,Female,0,Yes,Yes,63,Month-to-month,Fiber optic,100.55,6215.35,Electronic check,35.15,35.15,Medium
5898-IGSLP,Male,0,Yes,Yes,31,Month-to-month,Fiber optic,89.3,2823.0,Electronic check,27.18,27.18,Low
3804-RVTGV,Male,0,Yes,Yes,50,Month-to-month,Fiber optic,103.85,5017.9,Bank transfer (automatic),63.17,63.17,High
6259-WJQLC,Male,1,No,No,32,Month-to-month,Fiber optic,81.1,2619.25,Credit card (automatic),56.14,56.14,Medium
9227-LUNBG,Female,0,No,No,1,Month-to-month,DSL,24.6,24.6,Electronic check,75.99,75.99,High
7997-EASSD,Female,0,Yes,No,63,One year,Fiber optic,81.2,4965.1,Credit card (automatic),19.48,19.48,Low
0730-KOAVE,Male,0,No,No,30,Month-to-month,Fiber optic,94.3,2679.7,Credit card (automatic),57.4,57.4,Medium
8975-SKGRX,Male,0,Yes,No,71,Two year,Fiber optic,116.1,8310.55,Bank transfer (automatic),3.48,3.48,Low
0678-RLHVP,Female,0,No,No,53,Two year,Fiber optic,105.55,5682.25,Electronic check,29.31,29.31,Low
4315-MURBD,Female,0,No,No,12,Month-to-month,Fiber optic,98.9,1120.95,Bank transfer (automatic),70.95,70.95,High
2267-FPIMA,Male,0,Yes,No,50,Month-to-month,Fiber optic,94.4,4914.9,Credit card (automatic),48.18,48.18,Medium
1051-GEJLJ,Female,0,No,No,2,Month-to-month,No,19.5,27.55,Mailed check,48.56,48.56,Medium
9734-YWGEX,Female,0,No,No,9,Month-to-month,Fiber optic,98.3,923.5,Credit card (automatic),79.83,79.83,High
2719-BDAQO,Male,0,No,No,17,Month-to-month,Fiber optic,93.85,1625.65,Electronic check,67.42,67.42,High
5285-MVEHD,Female,0,Yes,No,56,One year,Fiber optic,105.6,6068.65,Credit card (automatic),34.7,34.7,Medium
0379-DJQHR,Male,0,Yes,Yes,67,Two year,DSL,81.35,5398.6,Credit card (automatic),4.52,4.52,Low
0781-LKXBR,Male,1,No,No,9,Month-to-month,Fiber optic,100.5,918.6,Electronic check,91.34,91.34,High
5543-QDCRY,Male,0,No,No,4,Month-to-month,DSL,56.4,234.85,Electronic check,71.42,71.42,High
0297-RBCSG,Male,0,No,No,19,One year,DSL,65.35,1231.85,Bank transfer (automatic),31.36,31.36,Medium
4694-PHWFW,Female,0,No,Yes,8,Month-to-month,No,19.95,170.9,Mailed check,43.42,43.42,Medium
0835-JKADZ,Female,0,No,No,71,Two year,Fiber optic,111.25,7984.15,Electronic check,25.85,25.85,Low
1907-UBQFC,Male,1,No,No,10,Month-to-month,Fiber optic,72.85,688.65,Electronic check,73.19,73.19,High
7508-SMHXL,Female,1,No,No,15,Month-to-month,Fiber optic,89.0,1288.3,Credit card (automatic),69.45,69.45,High
3865-YIOTT,Male,0,Yes,Yes,72,One year,Fiber optic,106.1,7848.5,Bank transfer (automatic),19.61,19.61,Low
5993-BQHEA,Male,0,No,No,12,One year,No,20.05,267.0,Credit card (automatic),10.99,10.99,Low
6024-RUGGH,Male,0,Yes,Yes,72,Two year,No,25.2,1798.9,Bank transfer (automatic),1.73,1.73,Low
6513-EECDB,Male,1,Yes,No,1,Month-to-month,Fiber optic,73.55,73.55,Electronic check,86.8,86.8,High
3956-CJUST,Female,1,No,No,23,Month-to-month,Fiber optic,75.4,1643.55,Bank transfer (automatic),62.39,62.39,High
4079-WWQQQ,Male,0,No,No,72,Two year,DSL,65.55,4807.45,Bank transfer (automatic),2.4,2.4,Low
6103-BOCOU,Female,0,No,No,26,Month-to-month,Fiber optic,80.7,2193.0,Electronic check,72.91,72.91,High
5149-TGWDZ,Female,0,No,No,21,One year,Fiber optic,104.55,2239.4,Mailed check,57.22,57.22,Medium
7471-WNSUF,Male,0,Yes,No,60,One year,No,24.15,1505.9,Bank transfer (automatic),4.15,4.15,Low
8942-DBMHZ,Male,0,No,No,12,Month-to-month,No,20.45,255.35,Mailed check,44.96,44.96,Medium
4301-VVZKA,Male,0,Yes,No,16,Month-to-month,Fiber optic,75.4,1189.4,Electronic check,76.51,76.51,High
9199-PWQVC,Female,0,Yes,No,63,One year,DSL,79.7,4786.15,Credit card (automatic),24.94,24.94,Low
4824-GUCBY,Female,1,No,No,22,Month-to-month,Fiber optic,81.7,1820.9,Electronic check,58.28,58.28,Medium
5393-HJZSM,Female,0,Yes,Yes,32,Month-to-month,DSL,76.3,2404.15,Bank transfer (automatic),28.92,28.92,Low
7074-IEVOJ,Female,1,No,No,3,Month-to-month,Fiber optic,79.4,205.05,Electronic check,88.72,88.72,High
9625-QSTYE,Female,0,No,No,13,Month-to-month,Fiber optic,81.15,952.3,Electronic check,75.82,75.82,High
0862-PRCBS,Female,0,Yes,Yes,68,Two year,Fiber optic,103.75,7039.45,Credit card (automatic),13.92,13.92,Low
8812-ZRHFP,Female,0,Yes,Yes,30,One year,Fiber optic,86.45,2538.05,Electronic check,24.49,24.49,Low
5146-CBVOE,Female,0,No,No,16,Month-to-month,Fiber optic,75.1,1212.85,Bank transfer (automatic),54.8,54.8,Medium
0454-OKRCT,Male,0,No,No,33,Two year,Fiber optic,80.6,2651.1,Bank transfer (automatic),2.64,2.64,Low
5787-KXGIY,Male,0,Yes,No,72,Two year,No,19.3,1304.8,Credit card (automatic),1.69,1.69,Low
4750-ZRXIU,Female,1,No,No,4,Month-to-month,Fiber optic,84.6,360.1,Electronic check,91.93,91.93,High
4198-VFOEA,Female,0,No,No,12,One year,DSL,33.6,435.45,Mailed check,5.01,5.01,Low
6630-UJZMY,Female,1,Yes,No,4,Month-to-month,Fiber optic,83.25,308.05,Electronic check,89.66,89.66,High
5709-LVOEQ,Female,0,Yes,Yes,0,Two year,DSL,80.85,0.0,Mailed check,12.46,12.46,Low
6400-BWQKW,Female,0,No,No,6,Month-to-month,Fiber optic,79.05,434.5,Electronic check,77.2,77.2,High
2692-AQCPF,Female,0,Yes,No,65,One year,Fiber optic,108.05,7118.9,Credit card (automatic),42.22,42.22,Medium
0347-UBKUZ,Female,0,No,No,15,Month-to-month,No,19.9,320.45,Mailed check,45.46,45.46,Medium
0835-DUUIQ,Female,0,No,Yes,24,One year,No,21.05,531.55,Bank transfer (automatic),12.64,12.64,Low
0811-GSDTP,Female,0,No,Yes,13,Month-to-month,DSL,30.15,382.2,Electronic check,55.8,55.8,Medium
7567-ECMCM,Male,0,No,No,24,Month-to-month,Fiber optic,79.85,2001.0,Credit card (automatic),55.22,55.22,Medium
6115-ZTBFQ,Female,0,Yes,No,72,Two year,DSL,65.5,4919.7,Bank transfer (automatic),2.29,2.29,Low
6353-BRMMA,Female,0,Yes,Yes,54,Month-to-month,Fiber optic,104.1,5645.8,Bank transfer (automatic),33.43,33.43,Medium
6680-WKXRZ,Female,0,No,No,3,Month-to-month,Fiber optic,74.4,215.8,Bank transfer (automatic),79.67,79.67,High
6231-WFGFH,Male,0,Yes,Yes,4,Month-to-month,No,20.5,77.6,Mailed check,43.66,43.66,Medium
9904-EHEVJ,Female,1,Yes,Yes,32,Month-to-month,Fiber optic,91.35,2896.55,Mailed check,70.5,70.5,High
7028-DVOIQ,Male,1,No,No,35,Month-to-month,Fiber optic,99.05,3395.8,Electronic check,78.58,78.58,High
6169-PPETC,Male,0,Yes,Yes,35,Two year,No,20.5,759.35,Bank transfer (automatic),2.45,2.45,Low
4208-UFFGW,Male,1,No,No,2,Month-to-month,DSL,44.95,85.15,Mailed check,69.04,69.04,High
8584-KMVXD,Female,0,No,No,8,Month-to-month,Fiber optic,75.6,535.55,Electronic check,70.7,70.7,High
8467-WYNSR,Male,0,No,No,22,Month-to-month,DSL,55.1,1253.15,Mailed check,21.94,21.94,Low
0851-DFJKB,Female,0,No,No,15,Month-to-month,DSL,58.95,955.15,Electronic check,52.56,52.56,Medium
5382-SOYZL,Male,0,No,No,22,Month-to-month,Fiber optic,95.1,2162.6,Electronic check,84.03,84.03,High
9448-REEVD,Male,0,Yes,No,1,Month-to-month,DSL,44.7,44.7,Credit card (automatic),48.36,48.36,Medium
3261-CQXOL,Female,0,Yes,Yes,71,Two year,No,25.45,1813.35,Bank transfer (automatic),1.91,1.91,Low
8388-FYNPZ,Male,0,No,No,4,Month-to-month,DSL,56.75,245.15,Electronic check,56.07,56.07,Medium
4002-BQWPQ,Male,0,No,No,25,Month-to-month,DSL,81.75,2028.8,Bank transfer (automatic),24.2,24.2,Low
5651-YLPRD,Female,0,Yes,Yes,32,Month-to-month,Fiber optic,86.1,2723.75,Electronic check,65.19,65.19,High
2826-DXLQO,Male,1,Yes,No,7,Month-to-month,DSL,29.8,220.45,Bank transfer (automatic),67.0,67.0,High
4378-BZYFP,Male,0,No,No,17,One year,No,20.5,365.8,Mailed check,13.71,13.71,Low
9489-UTFKA,Male,1,Yes,No,8,Month-to-month,DSL,60.9,551.95,Bank transfer (automatic),54.19,54.19,Medium
4849-PYRLQ,Female,1,No,No,56,Two year,DSL,73.25,4054.2,Bank transfer (automatic),0.92,0.92,Low
9117-SHLZX,Male,0,No,No,1,Month-to-month,DSL,45.7,45.7,Mailed check,65.72,65.72,High
9889-TMAHG,Male,1,No,No,8,Month-to-month,Fiber optic,100.3,832.35,Credit card (automatic),65.0,65.0,High
4541-RMRLG,Male,0,No,No,7,Month-to-month,No,19.25,112.3,Electronic check,42.83,42.83,Medium
7764-BDPEE,Male,0,No,Yes,3,Month-to-month,No,20.85,60.65,Mailed check,45.0,45.0,Medium
3429-IFLEM,Female,0,No,No,71,Two year,DSL,77.35,5550.1,Credit card (automatic),5.9,5.9,Low
3158-MOERK,Female,0,No,No,2,Month-to-month,Fiber optic,96.0,174.8,Electronic check,92.93,92.93,High
7294-TMAOP,Female,0,No,No,1,Month-to-month,Fiber optic,90.55,90.55,Electronic check,86.54,86.54,High
5002-GCQFH,Male,0,Yes,No,49,Month-to-month,Fiber optic,93.85,4733.1,Bank transfer (automatic),41.33,41.33,Medium
0556-FJEGU,Male,0,No,No,58,Two year,DSL,70.1,4048.95,Bank transfer (automatic),4.15,4.15,Low
8919-FYFQZ,Male,1,Yes,No,44,Month-to-month,DSL,30.35,1359.7,Electronic check,60.62,60.62,High
0604-THJFP,Female,0,Yes,Yes,59,Two year,DSL,75.95,4542.35,Credit card (automatic),4.82,4.82,Low
2834-JRTUA,Male,0,No,No,71,Two year,Fiber optic,108.05,7532.15,Electronic check,12.26,12.26,Low
5875-YPQFJ,Male,0,No,No,1,Month-to-month,Fiber optic,69.9,69.9,Electronic check,79.74,79.74,High
5879-SESNB,Female,0,No,No,11,Month-to-month,Fiber optic,75.25,888.65,Electronic check,77.55,77.55,High
6646-QVXLR,Male,1,Yes,No,62,One year,Fiber optic,103.75,6383.35,Electronic check,52.96,52.96,Medium
6461-PPAXN,Female,0,Yes,Yes,35,One year,DSL,54.95,1916.0,Bank transfer (automatic),4.72,4.72,Low
3318-ISQFQ,Female,0,No,No,20,Month-to-month,No,19.5,413.0,Bank transfer (automatic),47.32,47.32,Medium
1106-HRLKZ,Male,0,Yes,Yes,40,Two year,No,19.6,808.95,Mailed check,1.93,1.93,Low
2483-XSSMZ,Female,0,No,No,39,One year,DSL,47.85,1886.4,Electronic check,19.71,19.71,Low
8603-IJWDN,Male,0,No,No,1,Month-to-month,Fiber optic,86.6,86.6,Electronic check,88.63,88.63,High
8165-ZJRNM,Female,0,Yes,Yes,72,Two year,No,23.75,1679.25,Bank transfer (automatic),1.88,1.88,Low
9369-XFEHK,Female,1,Yes,No,33,Month-to-month,Fiber optic,80.6,2656.5,Bank transfer (automatic),66.25,66.25,High
2604-XVDAM,Female,0,No,No,12,Month-to-month,DSL,43.8,540.95,Bank transfer (automatic),50.12,50.12,Medium
3717-OFRTN,Male,0,No,No,1,Month-to-month,No,19.75,19.75,Bank transfer (automatic),46.27,46.27,Medium
9046-JBFWA,Male,0,No,Yes,27,Month-to-month,No,19.15,537.35,Mailed check,36.23,36.23,Medium
3280-NMUVX,Male,0,Yes,Yes,34,One year,No,19.6,678.8,Credit card (automatic),6.6,6.6,Low
1206-EHBDD,Female,0,Yes,No,56,Two year,Fiber optic,80.3,4513.65,Bank transfer (automatic),1.67,1.67,Low
8361-LBRDI,Female,0,No,No,58,Two year,No,24.35,1423.85,Credit card (automatic),4.03,4.03,Low
4883-KCPZJ,Female,0,Yes,Yes,22,Two year,No,25.25,555.4,Credit card (automatic),6.23,6.23,Low
9108-EQPNQ,Female,0,Yes,Yes,10,Two year,No,26.1,225.55,Credit card (automatic),7.77,7.77,Low
7277-KAMWT,Male,0,No,No,13,Two year,No,20.0,268.45,Credit card (automatic),7.01,7.01,Low
3842-IYKUE,Female,0,No,No,35,Month-to-month,Fiber optic,85.3,2917.5,Credit card (automatic),50.95,50.95,Medium
6641-XRPSU,Female,0,No,No,34,Month-to-month,Fiber optic,70.0,2416.1,Credit card (automatic),58.98,58.98,Medium
1374-DMZUI,Female,1,No,No,4,Month-to-month,Fiber optic,94.3,424.45,Electronic check,93.57,93.57,High
2545-LXYVJ,Male,0,Yes,No,72,Two year,No,20.7,1492.1,Bank transfer (automatic),1.81,1.81,Low
3234-VKACU,Male,0,No,No,2,Month-to-month,DSL,70.3,132.4,Electronic check,53.84,53.84,Medium
8357-EQXFO,Female,0,No,No,7,Month-to-month,Fiber optic,95.35,660.9,Electronic check,88.33,88.33,High
1989-PRJHP,Male,1,Yes,No,27,Month-to-month,Fiber optic,75.5,1893.95,Electronic check,71.29,71.29,High
8120-JDCAM,Male,0,Yes,Yes,4,Month-to-month,Fiber optic,69.55,284.9,Mailed check,81.22,81.22,High
8917-FAEMR,Female,0,No,No,37,Two year,No,19.85,784.25,Mailed check,4.68,4.68,Low
7047-YXDMZ,Male,0,No,No,21,Month-to-month,No,20.0,417.7,Mailed check,42.65,42.65,Medium
2858-EIMXH,Female,1,Yes,No,53,One year,Fiber optic,95.85,5016.25,Credit card (automatic),42.14,42.14,Medium
9524-EGPJC,Female,0,No,No,18,Month-to-month,Fiber optic,90.1,1612.75,Electronic check,78.45,78.45,High
6993-OHLXR,Female,0,No,No,2,Month-to-month,Fiber optic,68.95,119.75,Electronic check,76.12,76.12,High
8818-XYFCQ,Male,0,Yes,Yes,32,Month-to-month,Fiber optic,99.55,3204.65,Credit card (automatic),63.41,63.41,High
6419-ZTTLE,Male,1,Yes,No,23,One year,No,20.75,485.2,Electronic check,17.42,17.42,Low
0929-HYQEW,Male,0,No,No,3,Month-to-month,DSL,50.15,160.85,Mailed check,52.81,52.81,Medium
6614-YOLAC,Female,0,Yes,Yes,71,Two year,DSL,58.65,4145.25,Mailed check,2.01,2.01,Low
7426-RHZGU,Male,0,No,No,9,Month-to-month,Fiber optic,95.9,827.45,Bank transfer (automatic),73.78,73.78,High
4065-JJAVA,Female,0,No,No,1,Month-to-month,DSL,49.5,49.5,Electronic check,59.8,59.8,Medium
4695-VADHF,Male,0,Yes,Yes,18,Month-to-month,DSL,57.45,990.85,Electronic check,44.35,44.35,Medium
3863-IUBJR,Male,0,Yes,Yes,12,One year,DSL,53.65,696.35,Credit card (automatic),21.36,21.36,Low
7649-SIJJF,Male,0,Yes,No,71,Two year,DSL,80.1,5585.4,Mailed check,1.43,1.43,Low
9361-YNQWJ,Female,0,No,No,64,One year,No,24.4,1601.2,Bank transfer (automatic),4.63,4.63,Low
3748-FVMZZ,Male,0,No,No,4,Month-to-month,DSL,40.05,162.45,Electronic check,72.24,72.24,High
9391-TTOYH,Female,0,No,No,23,Month-to-month,No,19.5,470.2,Mailed check,46.62,46.62,Medium
1452-XRSJV,Female,0,Yes,Yes,39,Month-to-month,DSL,51.05,2066.0,Credit card (automatic),42.16,42.16,Medium
3422-WJOYD,Male,0,Yes,No,28,One year,DSL,54.35,1426.45,Mailed check,4.09,4.09,Low
8242-SOQUO,Female,1,No,No,5,Month-to-month,Fiber optic,84.7,392.5,Electronic check,82.74,82.74,High
7460-ITWWP,Female,1,Yes,No,45,Month-to-month,Fiber optic,86.1,3861.45,Electronic check,36.26,36.26,Medium
7147-AYBAA,Male,0,No,No,37,Month-to-month,Fiber optic,70.35,2552.9,Mailed check,53.21,53.21,Medium
7868-TMWMZ,Female,1,Yes,No,60,Two year,Fiber optic,110.0,6668.35,Bank transfer (automatic),5.65,5.65,Low
4822-RVYBB,Male,1,No,No,8,Month-to-month,Fiber optic,100.6,819.4,Electronic check,91.66,91.66,High
6732-FZUGP,Female,0,No,No,47,One year,Fiber optic,94.9,4615.25,Credit card (automatic),25.7,25.7,Low
8436-BJUMM,Male,0,Yes,Yes,26,Month-to-month,Fiber optic,83.75,2070.6,Electronic check,75.1,75.1,High
4184-TJFAN,Female,1,Yes,Yes,3,Month-to-month,Fiber optic,88.3,273.75,Mailed check,71.06,71.06,High
8329-GWVPJ,Female,0,Yes,Yes,50,Month-to-month,Fiber optic,69.75,3557.7,Bank transfer (automatic),35.61,35.61,Medium
1352-VHKAJ,Male,0,Yes,Yes,27,Month-to-month,DSL,71.6,1957.1,Bank transfer (automatic),32.48,32.48,Medium
4145-UQXUQ,Female,1,No,No,8,Month-to-month,Fiber optic,92.1,729.95,Electronic check,89.96,89.96,High
2632-TACXW,Female,0,Yes,No,62,Two year,No,23.65,1416.75,Bank transfer (automatic),1.4,1.4,Low
8146-QQKZH,Female,0,Yes,No,71,Two year,DSL,81.85,5924.4,Bank transfer (automatic),1.94,1.94,Low
1767-CJKBA,Male,0,No,No,66,Two year,No,25.1,1697.7,Mailed check,2.64,2.64,Low
6445-TNRXS,Male,0,Yes,Yes,68,Two year,Fiber optic,114.7,7849.85,Bank transfer (automatic),3.13,3.13,Low
4581-LNWUM,Female,0,No,No,13,Month-to-month,DSL,49.15,649.4,Electronic check,70.64,70.64,High
4869-EPIUS,Male,0,Yes,No,56,One year,Fiber optic,80.9,4557.5,Electronic check,27.4,27.4,Low
9948-YPTDG,Male,0,Yes,No,38,Month-to-month,Fiber optic,79.45,3013.05,Electronic check,50.17,50.17,Medium
1236-WFCDV,Male,1,No,No,14,Month-to-month,Fiber optic,90.45,1266.1,Credit card (automatic),69.77,69.77,High
1915-OAKWD,Female,0,No,Yes,16,One year,No,19.3,360.35,Bank transfer (automatic),19.18,19.18,Low
7296-PIXQY,Female,0,Yes,Yes,14,Month-to-month,Fiber optic,70.2,1046.5,Electronic check,62.51,62.51,High
4883-QICIH,Male,0,Yes,Yes,32,Month-to-month,Fiber optic,69.75,2347.9,Bank transfer (automatic),49.51,49.51,Medium
3354-OADJP,Female,0,No,No,8,One year,DSL,54.25,447.75,Bank transfer (automatic),10.43,10.43,Low
3524-WQDSG,Female,0,Yes,Yes,43,Month-to-month,Fiber optic,99.3,4209.95,Bank transfer (automatic),59.57,59.57,Medium
0810-DHDBD,Female,0,No,No,52,One year,DSL,74.0,3877.65,Credit card (automatic),28.9,28.9,Low
4026-SKKHW,Male,0,No,No,3,Month-to-month,DSL,50.25,152.3,Mailed check,54.22,54.22,Medium
2829-HYVZP,Male,0,No,No,29,One year,No,19.8,572.2,Mailed check,11.98,11.98,Low
8329-IBCTI,Female,0,No,No,1,Month-to-month,No,19.65,19.65,Mailed check,48.67,48.67,Medium
1271-SJBGZ,Male,1,No,No,12,Month-to-month,DSL,43.65,526.95,Electronic check,72.89,72.89,High
3845-JHAMY,Female,0,Yes,Yes,16,Month-to-month,DSL,35.5,552.7,Credit card (automatic),46.76,46.76,Medium
7013-PSXHK,Female,0,No,No,40,One year,DSL,80.75,3208.65,Mailed check,22.55,22.55,Low
5669-SRAIP,Female,0,No,No,5,Month-to-month,DSL,39.5,210.75,Electronic check,76.11,76.11,High
5981-ITEMU,Male,0,Yes,No,40,Month-to-month,Fiber optic,97.1,3706.95,Bank transfer (automatic),74.32,74.32,High
3486-NPGST,Female,0,No,No,36,One year,No,19.55,620.75,Mailed check,8.87,8.87,Low
6941-PMGEP,Female,0,No,No,5,Month-to-month,Fiber optic,80.0,412.5,Electronic check,84.45,84.45,High
1624-WOIWJ,Female,0,No,No,10,Month-to-month,Fiber optic,84.7,832.05,Mailed check,73.25,73.25,High
2074-GKOWZ,Male,0,Yes,Yes,2,Month-to-month,Fiber optic,89.55,185.55,Bank transfer (automatic),86.78,86.78,High
0376-YMCJC,Male,0,No,No,23,Month-to-month,Fiber optic,90.6,1943.2,Electronic check,71.95,71.95,High
6100-FJZDG,Male,0,Yes,Yes,26,One year,No,20.05,505.9,Bank transfer (automatic),6.77,6.77,Low
4829-ZLJTK,Female,1,Yes,No,72,Two year,Fiber optic,112.4,8046.85,Electronic check,12.51,12.51,Low
1730-VFMWO,Female,0,Yes,No,34,Month-to-month,DSL,50.2,1815.3,Bank transfer (automatic),22.43,22.43,Low
7143-BQIBA,Male,0,No,No,10,Month-to-month,DSL,62.25,612.95,Bank transfer (automatic),32.39,32.39,Medium
3800-LYTRK,Female,0,No,No,14,One year,DSL,55.7,795.15,Mailed check,8.42,8.42,Low
0634-SZPQA,Female,0,No,No,23,Month-to-month,Fiber optic,90.05,2169.8,Bank transfer (automatic),62.91,62.91,High
9646-NMHXE,Male,0,Yes,No,47,Two year,No,19.65,973.1,Mailed check,2.02,2.02,Low
7030-NJVDP,Male,0,Yes,No,24,Month-to-month,Fiber optic,89.25,2210.2,Electronic check,53.74,53.74,Medium
5536-RTPWK,Male,0,Yes,No,49,Month-to-month,Fiber optic,99.05,4853.75,Bank transfer (automatic),70.56,70.56,High
8883-GRDWQ,Male,1,No,No,20,One year,DSL,54.0,1055.9,Mailed check,3.99,3.99,Low
6166-ILMNY,Female,0,No,No,2,Month-to-month,Fiber optic,69.75,144.55,Bank transfer (automatic),72.24,72.24,High
3097-NNSPB,Female,0,No,No,2,Month-to-month,DSL,49.05,91.1,Credit card (automatic),60.53,60.53,High
7771-ZONAT,Male,0,No,No,22,Two year,DSL,56.75,1304.85,Bank transfer (automatic),14.76,14.76,Low
0655-RBDUG,Male,0,No,No,7,Month-to-month,Fiber optic,98.05,713.0,Bank transfer (automatic),88.28,88.28,High
2111-DWYHN,Male,0,No,No,1,Month-to-month,No,21.1,21.1,Mailed check,46.34,46.34,Medium
4194-WHFCB,Female,0,Yes,Yes,59,Month-to-month,Fiber optic,96.65,5580.8,Bank transfer (automatic),24.23,24.23,Low
4121-AGSIN,Female,0,Yes,Yes,58,One year,No,24.5,1497.9,Credit card (automatic),7.77,7.77,Low
4361-BKAXE,Female,0,No,No,41,Month-to-month,Fiber optic,114.5,4527.45,Bank transfer (automatic),39.56,39.56,Medium
9845-PEEKO,Female,1,No,No,59,Two year,Fiber optic,79.2,4590.35,Credit card (automatic),11.9,11.9,Low
0455-XFASS,Female,0,Yes,Yes,3,Month-to-month,Fiber optic,69.55,200.2,Electronic check,79.55,79.55,High
0301-KOBTQ,Male,0,No,No,32,Two year,No,20.05,614.45,Bank transfer (automatic),4.84,4.84,Low
1751-NCDLI,Male,1,Yes,No,46,Month-to-month,Fiber optic,98.85,4564.9,Electronic check,74.34,74.34,High
4367-NUYAO,Male,0,Yes,Yes,0,Two year,No,25.75,0.0,Mailed check,2.23,2.23,Low
9878-TNQGW,Male,0,No,No,2,Month-to-month,Fiber optic,80.95,171.15,Electronic check,85.78,85.78,High
9170-ARBTB,Female,0,Yes,Yes,52,One year,No,19.6,1012.4,Credit card (automatic),6.07,6.07,Low
4441-NIHPT,Female,1,No,No,13,Month-to-month,Fiber optic,74.3,940.35,Electronic check,77.3,77.3,High
8999-BOHSE,Female,1,No,No,11,Month-to-month,Fiber optic,89.7,1047.7,Bank transfer (automatic),81.51,81.51,High
7241-AJHFS,Male,0,No,No,32,Month-to-month,Fiber optic,87.65,2766.4,Bank transfer (automatic),10.18,10.18,Low
7029-RPUAV,Male,1,Yes,No,17,Month-to-month,Fiber optic,100.45,1622.45,Credit card (automatic),82.73,82.73,High
4546-FOKWR,Female,0,No,No,16,Month-to-month,Fiber optic,74.75,1129.35,Credit card (automatic),71.66,71.66,High
9036-CSKBW,Female,0,No,No,51,One year,Fiber optic,107.45,5680.9,Bank transfer (automatic),30.22,30.22,Medium
5832-TRLPB,Male,0,No,No,29,One year,DSL,75.35,2243.9,Bank transfer (automatic),39.7,39.7,Medium
8590-YFFQO,Male,0,Yes,No,70,Two year,DSL,64.95,4523.25,Credit card (automatic),2.32,2.32,Low
8659-IOOPU,Female,0,Yes,Yes,71,Two year,Fiber optic,100.45,7159.7,Electronic check,3.69,3.69,Low
1338-CECEE,Male,0,Yes,Yes,41,One year,DSL,68.5,2839.95,Bank transfer (automatic),16.76,16.76,Low
7439-DKZTW,Male,0,No,No,1,Month-to-month,Fiber optic,80.55,80.55,Electronic check,84.63,84.63,High
4646-QZXTF,Female,0,Yes,No,7,Month-to-month,DSL,81.25,580.1,Bank transfer (automatic),39.33,39.33,Medium
4607-CHPCA,Male,0,Yes,Yes,25,One year,Fiber optic,90.4,2178.6,Electronic check,68.05,68.05,High
9742-XOKTS,Male,0,Yes,Yes,67,One year,Fiber optic,89.55,6038.55,Electronic check,6.84,6.84,Low
6921-OZMFH,Male,0,Yes,Yes,5,Month-to-month,DSL,55.7,259.4,Mailed check,48.56,48.56,Medium
9578-FOMUK,Male,0,No,Yes,15,Month-to-month,No,24.8,324.15,Electronic check,52.22,52.22,Medium
4712-UYOOI,Female,0,Yes,Yes,20,Month-to-month,No,20.0,417.65,Electronic check,38.65,38.65,Medium
8824-RWFXJ,Male,0,Yes,Yes,3,Month-to-month,DSL,56.15,168.15,Mailed check,65.74,65.74,High
7722-CVFXN,Male,0,Yes,Yes,54,One year,Fiber optic,105.2,5637.85,Electronic check,50.79,50.79,Medium
8717-VCTXJ,Male,0,No,No,42,One year,No,19.55,839.4,Mailed check,10.9,10.9,Low
7363-QTBIW,Female,0,Yes,No,9,Month-to-month,Fiber optic,79.75,769.1,Electronic check,80.95,80.95,High
4159-NAAIX,Female,0,No,No,63,Two year,Fiber optic,97.45,6253.0,Bank transfer (automatic),23.29,23.29,Low
0971-QIFJK,Female,0,Yes,No,69,Two year,No,24.25,1641.8,Bank transfer (automatic),1.43,1.43,Low
9397-TZSHA,Female,0,No,No,69,Two year,No,24.6,1678.05,Credit card (automatic),3.3,3.3,Low
3391-JSQEW,Male,0,Yes,No,40,Month-to-month,DSL,50.15,2058.5,Mailed check,34.08,34.08,Medium
0343-QLUZP,Male,0,No,No,60,Two year,DSL,39.6,2424.5,Bank transfer (automatic),1.05,1.05,Low
9763-PDTKK,Female,0,No,No,4,Month-to-month,Fiber optic,94.4,387.2,Bank transfer (automatic),72.86,72.86,High
2176-LVPNX,Female,1,No,No,71,Two year,DSL,89.85,6293.45,Mailed check,2.11,2.11,Low
7627-JKIAZ,Female,0,Yes,No,37,Month-to-month,Fiber optic,78.95,2839.65,Credit card (automatic),57.69,57.69,Medium
3312-UUMZW,Male,0,Yes,No,32,Month-to-month,Fiber optic,98.85,3145.9,Credit card (automatic),71.58,71.58,High
1271-UODNO,Male,0,No,No,39,Two year,DSL,53.85,2200.7,Credit card (automatic),7.86,7.86,Low
8461-EFQYM,Female,0,No,No,38,One year,No,24.25,914.4,Electronic check,10.61,10.61,Low
6900-RBKER,Male,0,No,No,52,Two year,Fiber optic,89.45,4577.75,Credit card (automatic),29.33,29.33,Low
6891-JPYFF,Female,0,Yes,Yes,48,Month-to-month,Fiber optic,105.25,4997.5,Credit card (automatic),56.26,56.26,Medium
1459-QNFQT,Male,0,Yes,Yes,70,Two year,DSL,59.5,4144.8,Bank transfer (automatic),1.64,1.64,Low
1047-NNCBF,Male,0,No,No,20,Month-to-month,Fiber optic,70.55,1493.55,Credit card (automatic),51.85,51.85,Medium
3696-XRIEN,Female,0,No,No,50,One year,DSL,82.5,4179.1,Credit card (automatic),33.34,33.34,Medium
4081-DYXAV,Female,0,No,No,19,One year,DSL,44.85,893.55,Credit card (automatic),39.82,39.82,Medium
0074-HDKDG,Male,0,Yes,Yes,25,One year,DSL,61.6,1611.0,Bank transfer (automatic),6.44,6.44,Low
8791-GFXLZ,Male,0,No,No,12,Month-to-month,DSL,49.05,593.05,Bank transfer (automatic),55.33,55.33,Medium
8111-SLLHI,Male,1,Yes,No,39,Month-to-month,Fiber optic,105.65,4284.8,Electronic check,76.58,76.58,High
0927-LCSMG,Male,0,No,No,7,Month-to-month,Fiber optic,74.65,544.55,Mailed check,71.52,71.52,High
9330-DHBFL,Female,0,Yes,Yes,23,One year,DSL,66.25,1533.8,Mailed check,6.24,6.24,Low
0098-BOWSO,Male,0,No,No,27,Month-to-month,No,19.4,529.8,Electronic check,43.44,43.44,Medium
3452-ABWRL,Male,1,No,No,47,Month-to-month,Fiber optic,86.05,3865.6,Credit card (automatic),58.63,58.63,Medium
5859-HZYLF,Male,0,Yes,Yes,26,Two year,No,19.15,515.75,Credit card (automatic),3.89,3.89,Low
8257-RZAHR,Female,0,Yes,No,14,Month-to-month,DSL,64.7,941.0,Bank transfer (automatic),49.07,49.07,Medium
5293-WXJAK,Female,1,Yes,No,11,Month-to-month,Fiber optic,104.05,1133.65,Bank transfer (automatic),86.61,86.61,High
3156-QLHBO,Male,0,No,Yes,2,Month-to-month,No,19.25,48.35,Mailed check,44.75,44.75,Medium
2208-NQBCT,Female,0,Yes,Yes,26,Month-to-month,Fiber optic,81.95,2070.05,Electronic check,43.18,43.18,Medium
1779-PWPMG,Female,1,Yes,No,72,Two year,Fiber optic,114.65,8333.95,Bank transfer (automatic),3.59,3.59,Low
6621-NRZAK,Female,0,Yes,Yes,63,Two year,No,20.0,1209.25,Credit card (automatic),1.94,1.94,Low
0831-JNISG,Male,0,Yes,Yes,71,Two year,No,19.8,1396.25,Mailed check,1.55,1.55,Low
0774-IFUVM,Male,0,Yes,Yes,11,Month-to-month,DSL,65.15,723.35,Bank transfer (automatic),50.5,50.5,Medium
3082-WQRVY,Male,1,Yes,No,14,One year,No,19.65,228.65,Mailed check,14.21,14.21,Low
9553-DLCLU,Female,0,No,Yes,13,Two year,DSL,88.95,1161.75,Credit card (automatic),10.67,10.67,Low
1641-BYBTK,Male,0,No,Yes,6,Month-to-month,No,20.2,98.35,Mailed check,50.19,50.19,Medium
2460-NGXBJ,Male,1,Yes,Yes,11,Month-to-month,Fiber optic,75.2,775.3,Credit card (automatic),73.98,73.98,High
2446-ZKVAF,Male,0,Yes,No,18,Month-to-month,DSL,56.8,1074.65,Credit card (automatic),40.43,40.43,Medium
0841-NULXI,Male,0,No,No,1,Month-to-month,DSL,35.55,35.55,Electronic check,87.89,87.89,High
3522-CDKHF,Female,0,Yes,No,32,Month-to-month,Fiber optic,75.5,2324.7,Bank transfer (automatic),49.26,49.26,Medium
1430-SFQSA,Male,0,No,No,29,One year,DSL,35.6,1072.6,Mailed check,2.45,2.45,Low
0411-EZJZE,Female,0,No,No,3,Month-to-month,DSL,60.25,170.5,Electronic check,76.01,76.01,High
7851-WZEKY,Female,0,No,No,2,Month-to-month,Fiber optic,95.15,196.9,Electronic check,92.88,92.88,High
8844-TONUD,Male,0,Yes,Yes,13,Month-to-month,Fiber optic,96.65,1162.85,Mailed check,83.44,83.44,High
8807-ARQET,Female,0,No,No,41,Month-to-month,DSL,40.35,1677.85,Electronic check,46.23,46.23,Medium
8992-CEUEN,Female,0,No,No,1,Month-to-month,No,18.85,18.85,Electronic check,48.5,48.5,Medium
4320-QMLLA,Male,0,No,No,7,Month-to-month,DSL,54.85,370.4,Mailed check,57.82,57.82,Medium
8777-PVYGU,Female,0,Yes,No,52,One year,DSL,64.3,3410.6,Mailed check,8.82,8.82,Low
8292-ITGYJ,Female,0,Yes,Yes,45,Two year,No,24.65,1138.8,Bank transfer (automatic),1.92,1.92,Low
6870-ZWMNX,Male,0,Yes,No,70,Two year,DSL,76.1,5264.25,Credit card (automatic),4.1,4.1,Low
0621-CXBKL,Female,0,No,No,53,Two year,No,18.7,1005.7,Mailed check,3.79,3.79,Low
5268-DSMNQ,Female,1,Yes,No,62,One year,Fiber optic,97.95,5936.55,Credit card (automatic),34.13,34.13,Medium
5334-JLAXU,Female,0,Yes,No,60,Month-to-month,Fiber optic,94.1,5475.9,Credit card (automatic),41.09,41.09,Medium
4086-YQSNZ,Female,1,Yes,No,3,Month-to-month,Fiber optic,80.4,224.05,Electronic check,87.06,87.06,High
6242-MBHPK,Female,1,Yes,No,23,Month-to-month,Fiber optic,95.1,2326.05,Electronic check,74.84,74.84,High
5868-CZJDR,Male,0,No,Yes,1,Month-to-month,DSL,31.35,31.35,Mailed check,67.69,67.69,High
9359-UGBTK,Female,0,No,No,67,One year,DSL,72.35,4991.5,Bank transfer (automatic),8.09,8.09,Low
0135-NMXAP,Female,0,No,No,12,Month-to-month,Fiber optic,89.75,1052.4,Bank transfer (automatic),80.7,80.7,High
4782-OSFXZ,Female,1,Yes,No,71,Two year,DSL,82.7,5831.2,Bank transfer (automatic),0.98,0.98,Low
6479-OAUSD,Male,0,No,No,25,One year,No,19.9,510.8,Credit card (automatic),10.72,10.72,Low
7129-ACFOG,Female,0,No,No,5,Month-to-month,DSL,53.8,283.95,Electronic check,58.09,58.09,Medium
4189-NAKJS,Male,0,No,No,26,One year,DSL,51.55,1295.4,Credit card (automatic),20.83,20.83,Low
5562-BETPV,Male,0,Yes,Yes,1,One year,No,19.65,19.65,Mailed check,9.85,9.85,Low
1282-IHQAC,Male,1,No,No,70,One year,DSL,44.05,3011.65,Credit card (automatic),17.69,17.69,Low
9127-FHJBZ,Male,0,Yes,Yes,72,Two year,Fiber optic,114.0,8093.15,Electronic check,6.14,6.14,Low
6270-OMFIW,Male,0,Yes,No,60,One year,Fiber optic,94.4,5610.25,Electronic check,44.67,44.67,Medium
1641-RQDAY,Female,1,Yes,Yes,32,Month-to-month,Fiber optic,100.4,3217.65,Electronic check,70.94,70.94,High
0107-WESLM,Male,0,No,No,1,Month-to-month,No,19.85,19.85,Electronic check,50.65,50.65,Medium
6994-ORCWG,Female,0,No,No,14,One year,DSL,54.25,773.2,Mailed check,16.64,16.64,Low
1346-UFHAX,Female,0,No,No,13,Month-to-month,Fiber optic,80.0,1029.35,Credit card (automatic),67.63,67.63,High
3992-YWPKO,Female,0,No,No,6,Month-to-month,Fiber optic,109.9,669.45,Credit card (automatic),78.48,78.48,High
2933-XEUJM,Female,0,No,No,46,Two year,DSL,79.2,3593.8,Mailed check,6.38,6.38,Low
0125-LZQXK,Male,0,No,No,15,Month-to-month,Fiber optic,101.35,1553.95,Electronic check,76.54,76.54,High
5461-QKNTN,Male,1,Yes,No,43,Month-to-month,Fiber optic,94.3,3953.15,Electronic check,57.96,57.96,Medium
4835-YSJMR,Male,0,No,No,39,Two year,DSL,49.8,1971.15,Bank transfer (automatic),2.63,2.63,Low
8399-YNDCH,Male,1,No,No,21,Month-to-month,DSL,60.05,1236.15,Bank transfer (automatic),56.48,56.48,Medium
3164-YAXFY,Male,0,No,No,57,Month-to-month,DSL,53.75,3196.0,Electronic check,44.49,44.49,Medium
0887-WBJVH,Female,0,Yes,No,53,One year,Fiber optic,93.45,4872.2,Electronic check,29.89,29.89,Low
4660-IRIBM,Male,0,Yes,Yes,18,Month-to-month,Fiber optic,87.9,1500.5,Mailed check,65.36,65.36,High
5673-FSSMF,Female,0,No,No,1,Month-to-month,DSL,60.15,60.15,Electronic check,79.17,79.17,High
7670-ZBPOQ,Female,0,Yes,No,58,One year,DSL,61.05,3478.75,Bank transfer (automatic),2.07,2.07,Low
8089-UZWLX,Female,1,No,No,71,Two year,Fiber optic,104.05,7413.55,Bank transfer (automatic),16.43,16.43,Low
0080-OROZO,Female,0,No,No,35,One year,Fiber optic,99.25,3532.0,Electronic check,52.37,52.37,Medium
3916-NRPAP,Male,0,No,No,3,Month-to-month,Fiber optic,85.7,256.75,Credit card (automatic),71.13,71.13,High
6807-SIWJI,Male,0,No,No,38,One year,Fiber optic,104.85,3887.25,Electronic check,58.29,58.29,Medium
8221-HVAYI,Male,0,Yes,Yes,35,Two year,DSL,69.15,2490.15,Credit card (automatic),1.76,1.76,Low
1579-KLYDT,Male,0,No,No,7,Month-to-month,Fiber optic,90.45,593.45,Electronic check,85.75,85.75,High
5232-NXPAY,Female,0,No,No,47,Two year,DSL,74.45,3510.3,Mailed check,10.85,10.85,Low
8967-SZQAS,Female,0,No,No,14,Month-to-month,DSL,50.45,765.45,Electronic check,52.27,52.27,Medium
4468-KAZHE,Female,1,Yes,No,20,Month-to-month,DSL,60.0,1259.35,Electronic check,51.09,51.09,Medium
0455-ENTCR,Male,0,Yes,No,66,Two year,DSL,85.25,5538.35,Electronic check,2.37,2.37,Low
8944-AILEF,Male,0,Yes,No,15,Month-to-month,No,19.45,340.85,Credit card (automatic),27.63,27.63,Low
5542-NKVRU,Female,0,No,No,42,Two year,No,20.75,844.45,Bank transfer (automatic),4.89,4.89,Low
7126-RBHSD,Female,0,Yes,No,17,Month-to-month,Fiber optic,78.9,1348.95,Electronic check,59.53,59.53,Medium
5370-IIVVL,Male,0,No,No,37,One year,Fiber optic,104.5,3778.0,Credit card (automatic),51.19,51.19,Medium
6789-HJBWG,Female,0,No,No,12,Month-to-month,DSL,49.4,611.65,Electronic check,59.79,59.79,Medium
3927-NLNRY,Male,0,Yes,No,53,One year,Fiber optic,94.25,4867.95,Bank transfer (automatic),51.21,51.21,Medium
9087-EYCPR,Female,0,No,No,60,Two year,No,25.0,1505.05,Mailed check,2.39,2.39,Low
6791-YBNAK,Male,0,Yes,Yes,18,Month-to-month,DSL,25.55,467.85,Credit card (automatic),37.16,37.16,Medium
6358-LYNGM,Male,0,No,No,1,Month-to-month,Fiber optic,74.9,74.9,Electronic check,83.74,83.74,High
6077-BDPXA,Female,0,No,No,3,Month-to-month,Fiber optic,70.15,194.2,Electronic check,80.62,80.62,High
0013-MHZWF,Female,0,No,Yes,9,Month-to-month,DSL,69.4,571.45,Credit card (automatic),45.1,45.1,Medium
5494-HECPR,Female,0,No,No,1,Month-to-month,Fiber optic,80.25,80.25,Electronic check,85.07,85.07,High
8268-YDIXR,Male,0,Yes,No,56,One year,Fiber optic,93.15,5253.95,Electronic check,18.03,18.03,Low
9824-BEMCV,Male,0,Yes,Yes,17,Month-to-month,Fiber optic,69.0,1149.65,Electronic check,72.08,72.08,High
1373-ORVIZ,Female,0,Yes,Yes,11,Month-to-month,DSL,66.35,740.8,Electronic check,54.73,54.73,Medium
4291-SHSBH,Male,0,No,No,7,Month-to-month,Fiber optic,69.55,521.35,Electronic check,76.82,76.82,High
6980-IMXXE,Female,0,Yes,Yes,69,Two year,No,20.2,1412.65,Bank transfer (automatic),2.48,2.48,Low
9866-QEVEE,Male,0,No,No,19,Month-to-month,Fiber optic,86.0,1532.45,Bank transfer (automatic),76.41,76.41,High
9897-KXHCM,Female,0,Yes,Yes,3,Month-to-month,Fiber optic,80.3,250.05,Electronic check,80.7,80.7,High
0040-HALCW,Male,0,Yes,Yes,54,Two year,No,20.4,1090.6,Credit card (automatic),1.81,1.81,Low
0784-GTUUK,Male,0,Yes,No,62,One year,No,23.75,1446.8,Credit card (automatic),6.86,6.86,Low
7979-CORPM,Male,0,No,No,24,Month-to-month,Fiber optic,90.55,2282.55,Credit card (automatic),70.27,70.27,High
2294-DMMUS,Female,0,Yes,Yes,62,Month-to-month,DSL,70.45,4300.45,Credit card (automatic),32.48,32.48,Medium
0872-JCPIB,Male,0,No,No,17,Month-to-month,DSL,65.75,1111.2,Bank transfer (automatic),24.97,24.97,Low
3055-MJDSB,Male,0,No,No,9,Month-to-month,DSL,24.6,190.1,Mailed check,74.84,74.84,High
9091-WTUUY,Male,0,Yes,Yes,64,Two year,DSL,69.25,4447.75,Mailed check,0.55,0.55,Low
1618-CFHME,Female,0,No,No,2,Month-to-month,Fiber optic,75.9,143.35,Electronic check,85.96,85.96,High
3165-HDOEW,Male,0,Yes,Yes,1,Month-to-month,DSL,45.85,45.85,Mailed check,68.12,68.12,High
6581-NQCBA,Female,0,Yes,No,16,Month-to-month,DSL,49.95,810.2,Electronic check,68.64,68.64,High
7115-IRDHS,Female,0,Yes,No,72,Two year,No,24.65,1830.05,Bank transfer (automatic),1.46,1.46,Low
8496-DMZUK,Male,0,No,No,30,One year,Fiber optic,90.4,2820.65,Bank transfer (automatic),7.33,7.33,Low
2040-VZIKE,Female,0,Yes,No,49,Month-to-month,Fiber optic,100.85,4847.35,Mailed check,58.54,58.54,Medium
9068-VPWQQ,Male,0,Yes,No,61,Two year,DSL,75.35,4729.3,Credit card (automatic),4.48,4.48,Low
0178-SZBHO,Male,0,Yes,Yes,47,Month-to-month,Fiber optic,87.2,4017.45,Electronic check,64.88,64.88,High
0384-RVBPI,Male,0,No,No,20,Month-to-month,DSL,64.4,1398.6,Credit card (automatic),38.49,38.49,Medium
1689-MRZQR,Male,0,Yes,Yes,34,Month-to-month,Fiber optic,78.3,2564.3,Electronic check,63.51,63.51,High
1299-AURJA,Female,0,Yes,Yes,70,Two year,No,24.7,1685.9,Bank transfer (automatic),1.89,1.89,Low
4525-VZCZG,Male,0,No,Yes,54,One year,Fiber optic,105.85,5826.65,Electronic check,23.61,23.61,Low
1543-LLLFT,Male,1,Yes,No,61,One year,Fiber optic,98.3,6066.55,Mailed check,7.74,7.74,Low
5835-BEQEU,Male,0,No,No,3,Month-to-month,Fiber optic,76.95,228.4,Electronic check,82.84,82.84,High
2788-CJQAQ,Male,0,No,No,13,One year,No,19.45,270.2,Mailed check,12.35,12.35,Low
5565-FILXA,Female,1,No,No,16,Month-to-month,Fiber optic,96.15,1529.2,Electronic check,89.89,89.89,High
0319-QZTCO,Female,0,Yes,Yes,3,Month-to-month,DSL,58.7,168.6,Credit card (automatic),57.27,57.27,Medium
2120-SMPEX,Male,0,No,No,25,Month-to-month,No,20.15,536.35,Mailed check,44.64,44.64,Medium
0096-FCPUF,Male,0,No,No,30,Month-to-month,DSL,64.5,1888.45,Mailed check,24.46,24.46,Low
0668-OGMHD,Female,0,Yes,No,21,Month-to-month,DSL,28.5,629.35,Electronic check,53.77,53.77,Medium
5552-ZNFSJ,Male,0,No,No,1,Month-to-month,DSL,45.3,45.3,Electronic check,68.66,68.66,High
2223-KAGMX,Female,0,No,No,15,Month-to-month,No,19.4,289.3,Bank transfer (automatic),45.7,45.7,Medium
6507-ZJSUR,Male,1,Yes,No,23,Month-to-month,Fiber optic,90.45,2117.25,Electronic check,81.01,81.01,High
9408-HRXRK,Female,0,Yes,Yes,45,Month-to-month,Fiber optic,105.15,4730.9,Electronic check,53.08,53.08,Medium
5593-SUAOO,Female,0,Yes,Yes,24,One year,Fiber optic,83.15,2033.05,Bank transfer (automatic),18.99,18.99,Low
7321-PKUYW,Female,0,No,No,11,Month-to-month,Fiber optic,90.15,987.95,Electronic check,73.99,73.99,High
2833-SLKDQ,Male,0,No,No,1,Month-to-month,DSL,45.05,45.05,Mailed check,66.85,66.85,High
6766-HFKLA,Female,0,Yes,No,56,Two year,Fiber optic,103.2,5744.35,Bank transfer (automatic),11.96,11.96,Low
7595-EUIVN,Female,0,No,No,1,Month-to-month,Fiber optic,75.8,75.8,Electronic check,74.7,74.7,High
7617-EYGLW,Male,0,No,No,1,Month-to-month,No,19.45,19.45,Electronic check,43.32,43.32,Medium
2026-TGDHM,Female,0,No,No,7,Month-to-month,Fiber optic,79.3,523.15,Electronic check,83.3,83.3,High
9220-ZNKJI,Female,1,Yes,No,55,Two year,Fiber optic,88.8,4805.3,Credit card (automatic),13.1,13.1,Low
4030-VPZBD,Female,0,No,No,2,Month-to-month,DSL,30.9,59.05,Electronic check,65.89,65.89,High
2226-ICFDO,Female,0,Yes,Yes,72,Two year,DSL,85.9,6110.75,Credit card (automatic),8.99,8.99,Low
0723-VSOBE,Female,1,No,No,45,One year,DSL,34.2,1596.6,Electronic check,19.0,19.0,Low
5529-GIBVH,Female,0,No,No,47,Two year,No,20.15,1046.2,Mailed check,4.08,4.08,Low
4187-CINZD,Female,1,No,No,46,One year,Fiber optic,95.25,4424.2,Credit card (automatic),33.3,33.3,Medium
9992-UJOEL,Male,0,No,No,2,Month-to-month,DSL,50.3,92.75,Mailed check,60.43,60.43,High
4741-WWJQZ,Female,0,Yes,No,2,Month-to-month,Fiber optic,80.15,194.55,Electronic check,67.43,67.43,High
6625-UTXEW,Female,0,Yes,No,12,Month-to-month,DSL,51.25,612.1,Electronic check,58.07,58.07,Medium
6818-WOBHJ,Female,1,Yes,No,68,Month-to-month,Fiber optic,89.6,6127.6,Bank transfer (automatic),27.16,27.16,Low
6244-BESBM,Male,0,Yes,Yes,69,Two year,Fiber optic,95.2,6671.7,Credit card (automatic),10.12,10.12,Low
1004-NOZNR,Male,1,No,Yes,56,One year,Fiber optic,94.8,5264.3,Credit card (automatic),18.57,18.57,Low
1251-STYSZ,Female,1,No,No,4,Month-to-month,Fiber optic,80.25,303.7,Electronic check,80.76,80.76,High
2612-PHGOX,Male,0,Yes,No,64,Two year,DSL,76.1,4818.8,Bank transfer (automatic),0.92,0.92,Low
2408-TZMJL,Male,0,Yes,No,59,One year,Fiber optic,110.15,6448.05,Electronic check,53.47,53.47,Medium
8480-PPONV,Male,0,Yes,Yes,62,Two year,Fiber optic,115.55,7159.05,Bank transfer (automatic),1.93,1.93,Low
8780-IHCRN,Male,0,Yes,Yes,63,Two year,No,24.65,1574.5,Credit card (automatic),2.51,2.51,Low
4598-ZADCK,Female,0,No,No,53,One year,DSL,53.6,2879.2,Electronic check,9.5,9.5,Low
1257-SXUXQ,Male,0,Yes,Yes,5,Month-to-month,No,19.45,86.05,Mailed check,37.63,37.63,Medium
9681-KYGYB,Male,1,Yes,No,49,Month-to-month,Fiber optic,88.2,4159.45,Electronic check,48.08,48.08,Medium
7182-OVLBJ,Female,0,Yes,Yes,62,Two year,Fiber optic,101.15,6638.35,Bank transfer (automatic),7.64,7.64,Low
5095-ETBRJ,Female,0,Yes,No,55,Two year,DSL,56.8,3112.05,Mailed check,0.69,0.69,Low
7005-CYUIL,Female,1,Yes,No,71,Two year,Fiber optic,99.4,7168.25,Electronic check,3.84,3.84,Low
4821-WQOYN,Female,0,Yes,Yes,72,Two year,No,20.1,1326.25,Credit card (automatic),2.48,2.48,Low
4730-AWNAU,Male,0,Yes,Yes,36,One year,DSL,60.7,2234.55,Credit card (automatic),18.76,18.76,Low
3452-FLHYD,Male,0,Yes,No,25,One year,No,20.95,495.15,Bank transfer (automatic),6.8,6.8,Low
2388-LAESQ,Female,1,Yes,No,72,Two year,Fiber optic,114.85,8317.95,Bank transfer (automatic),3.59,3.59,Low
9531-NSBMR,Female,0,No,No,36,One year,No,19.25,679.8,Bank transfer (automatic),11.56,11.56,Low
6260-ONULR,Male,0,No,No,1,Month-to-month,DSL,62.8,62.8,Mailed check,69.59,69.59,High
4389-UEFCZ,Female,0,Yes,No,72,Two year,Fiber optic,105.5,7544.0,Electronic check,18.06,18.06,Low
8711-LOBKY,Male,0,Yes,Yes,59,Two year,No,19.85,1188.25,Mailed check,1.82,1.82,Low
9134-CEQMF,Male,1,Yes,No,7,Month-to-month,Fiber optic,89.5,676.7,Electronic check,89.55,89.55,High
8985-OOPOS,Female,0,No,No,1,One year,DSL,74.1,74.1,Credit card (automatic),25.72,25.72,Low
8800-ZKRFW,Female,0,Yes,Yes,30,Month-to-month,Fiber optic,107.5,3242.5,Electronic check,66.52,66.52,High
2616-FLVQC,Male,0,No,No,64,Two year,No,19.55,1240.15,Mailed check,3.31,3.31,Low
9968-FFVVH,Male,0,No,No,63,One year,DSL,68.8,4111.35,Bank transfer (automatic),5.37,5.37,Low
3108-PCCGG,Male,1,Yes,No,72,Two year,DSL,84.45,5899.85,Credit card (automatic),6.23,6.23,Low
7993-PYKOF,Male,0,Yes,No,8,Month-to-month,Fiber optic,75.0,632.95,Electronic check,67.72,67.72,High
8390-FESFV,Female,0,No,No,62,Two year,DSL,84.5,5193.2,Bank transfer (automatic),10.48,10.48,Low
3022-BEXHZ,Male,0,Yes,Yes,67,Two year,Fiber optic,111.2,7530.8,Bank transfer (automatic),12.49,12.49,Low
5027-XWQHA,Male,0,No,No,6,Month-to-month,DSL,44.75,270.95,Electronic check,65.51,65.51,High
6248-TKCQV,Female,0,Yes,Yes,70,Two year,DSL,80.6,5460.2,Bank transfer (automatic),2.09,2.09,Low
6729-GDNGC,Female,1,No,No,20,Month-to-month,Fiber optic,80.7,1614.2,Bank transfer (automatic),65.41,65.41,High
6198-ZFIOJ,Female,0,No,No,5,Month-to-month,Fiber optic,75.6,402.5,Electronic check,81.07,81.07,High
5989-OMNJE,Female,0,Yes,Yes,24,One year,DSL,57.6,1367.75,Electronic check,31.09,31.09,Medium
4566-QVRRW,Female,0,Yes,No,11,Month-to-month,DSL,44.05,483.7,Electronic check,59.14,59.14,Medium
1291-CUOCY,Male,0,Yes,No,72,Two year,Fiber optic,110.6,7962.2,Credit card (automatic),16.88,16.88,Low
9795-SHUHB,Female,0,Yes,Yes,66,Two year,DSL,58.2,3810.8,Credit card (automatic),3.09,3.09,Low
3230-IUALN,Female,0,Yes,Yes,45,Two year,DSL,81.0,3533.6,Mailed check,3.86,3.86,Low
0042-RLHYP,Female,0,Yes,Yes,69,Two year,No,19.7,1396.9,Bank transfer (automatic),2.48,2.48,Low
8519-IMDHU,Male,1,Yes,No,15,Month-to-month,Fiber optic,85.6,1345.55,Bank transfer (automatic),83.62,83.62,High
4945-RVMTE,Female,0,No,No,28,Month-to-month,DSL,59.55,1646.45,Bank transfer (automatic),44.92,44.92,Medium
0201-OAMXR,Female,0,No,No,70,One year,Fiber optic,115.55,8127.6,Credit card (automatic),53.91,53.91,Medium
1866-NXPSP,Female,0,No,No,36,One year,DSL,75.55,2680.15,Mailed check,14.8,14.8,Low
3372-KWFBM,Male,1,No,No,16,Month-to-month,Fiber optic,86.6,1281.0,Electronic check,81.74,81.74,High
7831-QGOXH,Female,0,No,No,18,Month-to-month,Fiber optic,85.2,1553.9,Electronic check,81.89,81.89,High
6393-WRYZE,Female,0,Yes,No,34,Month-to-month,Fiber optic,97.65,3207.55,Electronic check,77.68,77.68,High
3941-XTSKM,Male,0,Yes,Yes,42,One year,DSL,45.1,2049.05,Credit card (automatic),20.76,20.76,Low
1661-CZBAU,Male,0,No,No,48,One year,DSL,70.95,3629.2,Bank transfer (automatic),6.77,6.77,Low
6599-RCLCJ,Male,0,Yes,No,47,Month-to-month,Fiber optic,109.55,5124.55,Electronic check,70.84,70.84,High
9831-BPFRI,Female,0,Yes,Yes,39,One year,Fiber optic,89.55,3474.45,Electronic check,25.97,25.97,Low
5158-RIVOP,Female,0,Yes,Yes,11,Two year,No,20.9,202.3,Credit card (automatic),4.73,4.73,Low
9788-YTFGE,Male,0,No,No,7,Month-to-month,No,19.95,147.5,Mailed check,51.7,51.7,Medium
9277-JOOMO,Female,0,No,No,3,Month-to-month,No,24.6,86.35,Mailed check,47.39,47.39,Medium
1907-YLNYW,Male,0,No,No,8,Month-to-month,DSL,66.7,579.0,Electronic check,60.17,60.17,High
1725-MIMXW,Male,0,No,Yes,1,Month-to-month,No,19.45,19.45,Mailed check,50.61,50.61,Medium
8947-YRTDV,Male,0,Yes,Yes,32,One year,Fiber optic,94.8,3131.55,Mailed check,13.49,13.49,Low
3161-ONRWK,Male,0,Yes,Yes,60,One year,DSL,65.85,3928.3,Bank transfer (automatic),4.69,4.69,Low
0114-RSRRW,Female,0,Yes,No,10,Month-to-month,No,19.95,187.75,Bank transfer (automatic),45.36,45.36,Medium
4565-NLZBV,Female,0,Yes,No,71,Two year,No,24.65,1710.15,Bank transfer (automatic),1.46,1.46,Low
0031-PVLZI,Female,0,Yes,Yes,4,Month-to-month,No,20.35,76.35,Mailed check,41.72,41.72,Medium
7206-GZCDC,Female,1,No,No,1,Month-to-month,Fiber optic,69.25,69.25,Electronic check,84.32,84.32,High
6682-VCIXC,Female,0,Yes,Yes,43,One year,DSL,51.25,2151.6,Bank transfer (automatic),2.8,2.8,Low
4791-QRGMF,Male,0,Yes,No,59,One year,Fiber optic,99.5,5961.1,Bank transfer (automatic),49.33,49.33,Medium
6475-VHUIZ,Female,0,Yes,No,23,Month-to-month,DSL,54.25,1221.55,Electronic check,41.21,41.21,Medium
3910-MRQOY,Female,0,Yes,No,72,Two year,No,19.4,1496.45,Bank transfer (automatic),2.31,2.31,Low
0661-WCQNQ,Male,0,Yes,No,22,One year,DSL,56.25,1292.2,Credit card (automatic),13.53,13.53,Low
7537-RBWEA,Female,0,No,No,1,Month-to-month,DSL,25.15,25.15,Mailed check,73.1,73.1,High
4656-CAURT,Male,0,No,No,69,Two year,No,23.95,1713.1,Bank transfer (automatic),2.66,2.66,Low
0121-SNYRK,Male,0,No,No,50,One year,DSL,35.4,1748.9,Mailed check,2.78,2.78,Low
1768-ZAIFU,Female,1,No,No,1,Month-to-month,DSL,25.2,25.2,Electronic check,86.93,86.93,High
4671-LXRDQ,Male,0,No,No,2,Month-to-month,DSL,45.0,96.45,Mailed check,64.98,64.98,High
3733-LSYCE,Female,0,Yes,No,15,Month-to-month,Fiber optic,75.35,1114.55,Bank transfer (automatic),60.31,60.31,High
6265-FRMTQ,Male,0,No,No,31,Two year,No,20.4,609.1,Bank transfer (automatic),5.2,5.2,Low
1934-SJVJK,Male,0,No,No,1,Month-to-month,No,20.15,20.15,Mailed check,46.21,46.21,Medium
3838-OZURD,Male,0,Yes,No,66,Month-to-month,Fiber optic,105.0,7133.25,Credit card (automatic),57.03,57.03,Medium
1371-DWPAZ,Female,0,Yes,Yes,0,Two year,DSL,56.05,0.0,Credit card (automatic),4.93,4.93,Low
9269-CQOOL,Male,0,No,Yes,3,Month-to-month,DSL,54.7,169.45,Credit card (automatic),61.05,61.05,High
2017-CCBLH,Female,0,No,No,8,Two year,No,20.0,141.6,Mailed check,8.43,8.43,Low
7690-KPNCU,Male,0,Yes,Yes,64,One year,DSL,73.05,4688.65,Credit card (automatic),19.33,19.33,Low
0536-BGFMZ,Female,0,Yes,No,28,Month-to-month,No,20.5,563.05,Mailed check,38.51,38.51,Medium
2293-IJWPS,Female,0,Yes,No,57,One year,Fiber optic,100.75,5985.0,Credit card (automatic),35.83,35.83,Medium
2845-HSJCY,Female,0,Yes,Yes,14,Month-to-month,Fiber optic,87.25,1258.6,Electronic check,80.41,80.41,High
5469-NUJUR,Male,0,No,No,19,Two year,No,19.95,373.5,Mailed check,5.19,5.19,Low
1184-PJVDB,Male,0,Yes,No,10,Month-to-month,Fiber optic,79.95,857.2,Electronic check,81.86,81.86,High
2625-TRCZQ,Female,0,Yes,No,51,Month-to-month,DSL,49.65,2553.35,Electronic check,56.2,56.2,Medium
4102-HLENU,Female,0,Yes,No,67,Two year,DSL,65.65,4322.85,Mailed check,1.23,1.23,Low
7266-GSSJX,Male,0,Yes,Yes,11,Month-to-month,No,20.45,250.8,Electronic check,51.68,51.68,Medium
7722-VJRQD,Male,0,Yes,Yes,72,Two year,DSL,60.95,4549.05,Bank transfer (automatic),1.67,1.67,Low
7073-QETQY,Male,0,Yes,Yes,66,One year,No,20.35,1359.5,Electronic check,7.46,7.46,Low
9415-DPEWS,Female,0,No,No,18,Month-to-month,Fiber optic,88.35,1639.3,Electronic check,75.49,75.49,High
5624-RYAMH,Female,0,No,No,9,Month-to-month,No,19.5,178.85,Electronic check,53.84,53.84,Medium
0196-JTUQI,Female,0,No,No,9,Month-to-month,Fiber optic,75.2,633.85,Credit card (automatic),75.14,75.14,High
7130-YXBRO,Male,0,Yes,No,48,Month-to-month,Fiber optic,111.45,5315.1,Bank transfer (automatic),61.55,61.55,High
9272-LSVYH,Male,0,No,No,10,Month-to-month,Fiber optic,70.15,735.5,Mailed check,69.57,69.57,High
7943-RQCHR,Female,0,No,No,9,Month-to-month,Fiber optic,94.75,889.9,Electronic check,90.64,90.64,High
3793-MMFUH,Female,1,No,No,13,Month-to-month,Fiber optic,95.05,1290.0,Electronic check,90.89,90.89,High
3249-ZPQRG,Male,0,No,No,4,Month-to-month,Fiber optic,78.45,330.05,Electronic check,78.04,78.04,High
2568-BRGYX,Male,0,No,No,4,Month-to-month,Fiber optic,70.2,237.95,Electronic check,78.47,78.47,High
3084-DOWLE,Female,0,Yes,No,72,Two year,DSL,92.0,6474.4,Bank transfer (automatic),2.52,2.52,Low
1084-MNSMJ,Female,0,Yes,Yes,51,Two year,DSL,85.5,4421.95,Credit card (automatic),4.75,4.75,Low
7721-JXEAW,Male,0,Yes,No,59,Month-to-month,DSL,41.05,2452.7,Bank transfer (automatic),43.33,43.33,Medium
7249-WBIYX,Male,0,Yes,No,10,Month-to-month,Fiber optic,85.6,813.85,Electronic check,84.15,84.15,High
4238-HFHSN,Male,1,Yes,No,61,Month-to-month,Fiber optic,82.15,4904.85,Electronic check,55.83,55.83,Medium
6250-CGGUN,Male,0,No,No,54,One year,Fiber optic,84.4,4484.05,Electronic check,6.74,6.74,Low
5478-JJVZK,Female,0,No,No,33,Month-to-month,DSL,60.9,2033.85,Mailed check,25.7,25.7,Low
7596-IIWYC,Female,0,No,No,27,Two year,No,20.25,538.2,Bank transfer (automatic),6.06,6.06,Low
6567-HOOPW,Female,1,No,No,1,Month-to-month,Fiber optic,79.2,79.2,Electronic check,86.8,86.8,High
9793-WECQC,Male,0,No,No,23,Month-to-month,Fiber optic,95.3,2192.9,Mailed check,58.52,58.52,Medium
4291-HPAXL,Male,0,No,Yes,1,Month-to-month,No,19.85,19.85,Mailed check,44.84,44.84,Medium
8999-YPYBV,Male,0,Yes,Yes,45,Two year,DSL,84.35,3858.05,Mailed check,2.61,2.61,Low
1839-FBNFR,Female,0,Yes,Yes,39,Two year,No,19.85,854.8,Bank transfer (automatic),3.6,3.6,Low
3164-AALRN,Male,0,No,No,5,One year,DSL,70.0,347.4,Mailed check,50.61,50.61,Medium
3071-MVJCD,Male,0,Yes,Yes,72,Two year,DSL,82.3,5815.15,Bank transfer (automatic),0.56,0.56,Low
1697-BCSHV,Female,0,Yes,Yes,58,Month-to-month,DSL,66.8,3970.4,Bank transfer (automatic),30.61,30.61,Medium
0562-KBDVM,Female,0,No,No,70,Two year,DSL,44.6,3058.15,Bank transfer (automatic),0.58,0.58,Low
1131-SUEKT,Male,0,Yes,Yes,61,One year,Fiber optic,98.45,6145.2,Bank transfer (automatic),35.29,35.29,Medium
3717-OEAUQ,Male,0,No,No,2,Month-to-month,Fiber optic,70.7,129.2,Mailed check,75.09,75.09,High
4538-WNTMJ,Female,0,Yes,Yes,46,One year,No,24.95,1165.9,Mailed check,3.91,3.91,Low
3334-CTHOL,Female,0,No,No,1,Month-to-month,DSL,49.95,49.95,Bank transfer (automatic),69.94,69.94,High
4704-ERYFC,Female,0,Yes,No,22,Month-to-month,Fiber optic,69.25,1554.0,Electronic check,66.24,66.24,High
9432-RUVSL,Female,0,No,No,48,Two year,Fiber optic,102.5,4904.25,Credit card (automatic),24.67,24.67,Low
8060-HIWJJ,Male,0,No,No,64,Two year,DSL,86.55,5632.55,Credit card (automatic),10.61,10.61,Low
7684-XSZIY,Male,0,Yes,Yes,72,Two year,No,24.3,1643.25,Bank transfer (automatic),1.42,1.42,Low
9089-UOWJG,Female,0,Yes,Yes,12,Month-to-month,DSL,58.35,740.55,Credit card (automatic),53.92,53.92,Medium
8621-MNIHH,Female,1,Yes,No,34,Month-to-month,Fiber optic,94.25,3217.55,Electronic check,75.24,75.24,High
8039-ACLPL,Female,0,Yes,Yes,72,Two year,DSL,68.75,4888.2,Credit card (automatic),3.54,3.54,Low
9885-AIBVB,Male,0,Yes,No,29,Month-to-month,Fiber optic,85.8,2440.25,Electronic check,72.05,72.05,High
1934-MKPXS,Male,0,Yes,Yes,33,One year,No,20.1,620.55,Credit card (automatic),6.68,6.68,Low
2592-YKDIF,Female,0,No,No,1,Month-to-month,No,20.35,20.35,Mailed check,48.78,48.78,Medium
2272-JKMSI,Female,0,Yes,Yes,62,One year,Fiber optic,110.8,6840.95,Electronic check,47.24,47.24,Medium
0471-LVHGK,Male,0,Yes,No,41,One year,DSL,73.0,3001.2,Electronic check,44.4,44.4,Medium
9518-RWHZL,Female,0,No,No,64,One year,Fiber optic,100.05,6254.2,Credit card (automatic),34.59,34.59,Medium
8714-CTZJW,Female,0,No,No,4,Month-to-month,Fiber optic,82.85,319.6,Credit card (automatic),76.95,76.95,High
3569-EDBPQ,Female,0,No,No,24,Month-to-month,Fiber optic,84.35,1938.05,Electronic check,54.95,54.95,Medium
3131-NWVFJ,Female,0,Yes,Yes,14,One year,No,19.55,294.5,Mailed check,12.02,12.02,Low
7521-YXVZY,Male,0,No,Yes,3,Month-to-month,No,19.95,58.3,Mailed check,44.84,44.84,Medium
5419-CONWX,Female,1,No,No,4,Month-to-month,Fiber optic,99.8,442.85,Credit card (automatic),84.35,84.35,High
6240-EURKS,Female,0,No,Yes,18,Month-to-month,DSL,35.0,553.0,Electronic check,56.75,56.75,Medium
2373-NTKOD,Male,0,No,No,8,Month-to-month,DSL,66.25,546.45,Electronic check,74.7,74.7,High
1970-KKFWL,Female,0,No,No,35,Two year,No,23.3,797.1,Bank transfer (automatic),2.83,2.83,Low
6960-HVYXR,Female,0,No,No,1,Month-to-month,Fiber optic,76.0,76.0,Electronic check,83.25,83.25,High
9337-SRRNI,Male,0,No,Yes,66,Two year,No,25.3,1673.8,Credit card (automatic),5.06,5.06,Low
0895-UADGO,Male,0,No,Yes,8,Two year,DSL,44.55,343.45,Mailed check,3.27,3.27,Low
5678-VFNEQ,Female,0,Yes,No,71,One year,Fiber optic,104.1,7412.25,Credit card (automatic),35.93,35.93,Medium
5977-CKHON,Female,0,Yes,Yes,43,Month-to-month,Fiber optic,92.55,4039.0,Bank transfer (automatic),47.89,47.89,Medium
7024-OHCCK,Female,1,No,No,2,Month-to-month,Fiber optic,93.85,170.85,Electronic check,94.12,94.12,High
2692-BUCFV,Male,1,No,No,29,Month-to-month,Fiber optic,101.45,2948.6,Bank transfer (automatic),65.39,65.39,High
7861-UVUFT,Female,0,Yes,No,15,Month-to-month,Fiber optic,84.3,1308.4,Electronic check,77.03,77.03,High
1830-GGFNM,Male,0,Yes,Yes,65,Two year,Fiber optic,94.55,6078.75,Credit card (automatic),2.05,2.05,Low
5302-BDJNT,Male,0,No,No,35,Month-to-month,Fiber optic,95.5,3418.2,Electronic check,51.56,51.56,Medium
5223-UZAVK,Male,0,No,No,64,One year,Fiber optic,100.3,6603.8,Credit card (automatic),32.86,32.86,Medium
4859-ZSRDZ,Female,0,Yes,Yes,58,Two year,DSL,55.5,3166.9,Credit card (automatic),10.83,10.83,Low
5651-WYIPH,Female,1,No,No,18,Month-to-month,DSL,49.85,865.75,Credit card (automatic),57.27,57.27,Medium
9350-VLHMB,Male,0,Yes,Yes,67,Month-to-month,Fiber optic,89.55,6373.1,Bank transfer (automatic),30.88,30.88,Medium
3498-LZGQZ,Male,0,Yes,Yes,63,Two year,No,19.15,1177.05,Mailed check,2.14,2.14,Low
8785-CJSHH,Female,0,Yes,No,60,Month-to-month,Fiber optic,99.8,5985.75,Electronic check,60.28,60.28,High
5357-TZHPP,Male,1,No,No,9,Month-to-month,Fiber optic,84.4,732.5,Credit card (automatic),79.33,79.33,High
3870-SPZSI,Female,0,Yes,Yes,70,Two year,Fiber optic,113.05,7869.05,Credit card (automatic),13.66,13.66,Low
0680-DFNNY,Male,0,Yes,No,15,Month-to-month,Fiber optic,101.1,1504.05,Electronic check,87.53,87.53,High
7560-QRBXH,Female,0,No,Yes,48,One year,No,19.95,936.7,Mailed check,7.65,7.65,Low
7077-XJMET,Male,0,Yes,No,12,Month-to-month,DSL,74.15,741.4,Electronic check,61.32,61.32,High
8752-GHJFU,Male,1,Yes,No,71,One year,Fiber optic,92.0,6585.2,Electronic check,7.51,7.51,Low
6896-SRVYQ,Male,1,No,No,44,Month-to-month,Fiber optic,73.85,3122.4,Electronic check,41.1,41.1,Medium
7767-UXAGJ,Male,0,No,No,1,Month-to-month,DSL,50.45,50.45,Electronic check,74.34,74.34,High
4652-ODEVH,Male,0,Yes,Yes,45,Two year,No,24.45,1088.25,Mailed check,1.21,1.21,Low
6510-UPNKS,Female,0,No,No,23,One year,No,24.8,615.35,Credit card (automatic),14.38,14.38,Low
6718-BDGHG,Female,0,Yes,No,43,One year,DSL,64.85,2908.2,Bank transfer (automatic),5.51,5.51,Low
9046-DQMTP,Male,0,No,No,35,Month-to-month,No,20.75,739.9,Bank transfer (automatic),36.71,36.71,Medium
6439-LAJXL,Male,0,Yes,No,9,Month-to-month,DSL,68.95,593.85,Mailed check,33.46,33.46,Medium
1571-SAVHK,Male,0,No,No,12,Month-to-month,Fiber optic,99.95,1132.75,Mailed check,80.14,80.14,High
9052-VKDUW,Female,1,Yes,No,65,Month-to-month,Fiber optic,109.4,7227.45,Credit card (automatic),41.73,41.73,Medium
9546-CQJSU,Female,0,No,No,2,Month-to-month,Fiber optic,91.4,193.6,Electronic check,88.82,88.82,High
1666-JZPZT,Male,0,No,No,27,Month-to-month,DSL,49.0,1291.35,Mailed check,38.5,38.5,Medium
5777-KJIRB,Female,0,No,No,40,One year,DSL,50.25,2023.55,Mailed check,19.1,19.1,Low
0506-LVNGN,Female,1,No,No,5,Month-to-month,Fiber optic,75.55,349.65,Credit card (automatic),73.53,73.53,High
7677-SJJJK,Male,0,Yes,Yes,8,One year,No,19.9,153.95,Credit card (automatic),8.49,8.49,Low
2480-EJWYP,Female,1,Yes,No,58,One year,Fiber optic,97.8,5458.8,Bank transfer (automatic),37.09,37.09,Medium
3253-HKOKL,Female,0,Yes,Yes,52,One year,Fiber optic,100.3,5244.45,Electronic check,12.48,12.48,Low
7055-HNEOJ,Male,0,Yes,No,3,Month-to-month,DSL,55.8,154.55,Mailed check,53.93,53.93,Medium
5514-YQENT,Male,0,No,Yes,41,Two year,Fiber optic,111.15,4507.15,Electronic check,10.86,10.86,Low
3211-AAPKX,Male,0,No,No,20,Month-to-month,Fiber optic,98.55,2031.95,Mailed check,74.97,74.97,High
8445-DNBAE,Male,0,No,Yes,1,Month-to-month,DSL,50.05,50.05,Electronic check,70.35,70.35,High
2951-QOQTK,Male,0,No,Yes,4,Month-to-month,Fiber optic,80.8,332.45,Credit card (automatic),60.4,60.4,High
2958-NHPPS,Male,0,No,No,23,Month-to-month,No,20.85,473.9,Electronic check,39.3,39.3,Medium
6806-YDEUL,Female,1,No,No,6,Month-to-month,No,19.5,106.8,Bank transfer (automatic),55.58,55.58,Medium
1735-XMJVH,Male,0,Yes,Yes,8,Month-to-month,No,19.35,152.6,Mailed check,42.08,42.08,Medium
6890-PFRQX,Male,0,No,No,18,Month-to-month,DSL,69.5,1199.4,Mailed check,33.02,33.02,Medium
0222-CNVPT,Male,1,No,No,52,Month-to-month,DSL,48.8,2555.05,Credit card (automatic),53.79,53.79,Medium
5899-OUVKV,Male,0,No,No,31,Month-to-month,Fiber optic,94.5,2979.2,Electronic check,69.15,69.15,High
8681-ICONS,Male,0,Yes,Yes,29,Month-to-month,No,20.65,654.85,Mailed check,32.86,32.86,Medium
1621-YNCJH,Female,0,Yes,No,36,Two year,Fiber optic,106.05,3834.4,Credit card (automatic),12.69,12.69,Low
3473-XIIIT,Female,0,Yes,No,16,Month-to-month,Fiber optic,100.0,1534.75,Electronic check,87.31,87.31,High
6362-QHAFM,Male,0,Yes,No,42,One year,Fiber optic,108.3,4586.15,Electronic check,63.55,63.55,High
7893-IXHRQ,Male,0,No,No,1,Month-to-month,No,20.55,20.55,Electronic check,43.49,43.49,Medium
3070-BDOQC,Female,0,No,No,60,Two year,Fiber optic,99.65,5941.05,Electronic check,23.22,23.22,Low
2952-QAYZF,Male,0,No,No,5,Month-to-month,Fiber optic,85.3,424.15,Electronic check,82.88,82.88,High
6234-PFPXL,Male,0,Yes,No,22,Month-to-month,Fiber optic,95.9,2234.95,Credit card (automatic),46.93,46.93,Medium
9824-QCJPK,Male,0,Yes,No,36,One year,No,20.0,666.75,Mailed check,7.8,7.8,Low
4763-PGDPO,Female,0,No,No,4,Month-to-month,Fiber optic,70.4,281.0,Electronic check,74.84,74.84,High
4283-IVYCI,Male,0,No,No,9,Month-to-month,DSL,64.95,547.8,Mailed check,25.1,25.1,Low
1866-OBPNR,Male,0,Yes,Yes,1,Month-to-month,Fiber optic,74.6,74.6,Credit card (automatic),65.23,65.23,High
8205-MQUGY,Male,0,Yes,Yes,12,Month-to-month,DSL,49.2,571.15,Electronic check,57.66,57.66,Medium
8970-ANWXO,Female,0,No,No,23,One year,DSL,73.75,1756.6,Mailed check,24.68,24.68,Low
9480-BQJEI,Male,0,No,No,62,One year,Fiber optic,92.3,5731.45,Bank transfer (automatic),22.4,22.4,Low
5394-SVGJV,Male,0,No,No,37,Month-to-month,Fiber optic,98.8,3475.55,Bank transfer (automatic),38.59,38.59,Medium
6979-TNDEU,Female,0,No,No,8,Month-to-month,No,19.2,156.85,Mailed check,47.6,47.6,Medium
9777-WJJPR,Male,0,Yes,No,31,Month-to-month,Fiber optic,88.65,2683.2,Credit card (automatic),58.7,58.7,Medium
9283-LZQOH,Male,0,Yes,Yes,13,Month-to-month,Fiber optic,74.4,896.75,Credit card (automatic),72.13,72.13,High
7079-QRCBC,Female,0,No,No,24,Month-to-month,Fiber optic,98.75,2407.3,Electronic check,83.88,83.88,High
9495-SKLKD,Male,0,Yes,Yes,45,Month-to-month,Fiber optic,95.95,4456.65,Bank transfer (automatic),53.09,53.09,Medium
6048-UWKAL,Female,1,Yes,No,69,Two year,Fiber optic,105.4,6998.95,Credit card (automatic),13.53,13.53,Low
5067-DGXLL,Male,0,No,No,2,Month-to-month,No,20.25,36.8,Mailed check,46.23,46.23,Medium
5469-CTCWN,Male,0,Yes,Yes,61,One year,Fiber optic,106.0,6547.7,Electronic check,40.81,40.81,Medium
9851-QXEEQ,Male,0,No,No,41,Month-to-month,Fiber optic,104.7,4346.4,Electronic check,72.55,72.55,High
6281-FKEWS,Female,0,No,No,44,One year,DSL,49.05,2265.0,Electronic check,43.05,43.05,Medium
8898-KASCD,Male,0,No,No,39,One year,DSL,35.55,1309.15,Mailed check,5.64,5.64,Low
9242-TKFSV,Male,0,Yes,Yes,72,Two year,DSL,65.1,4754.3,Credit card (automatic),4.79,4.79,Low
9290-SHCMB,Female,1,No,No,13,Month-to-month,Fiber optic,96.85,1235.55,Electronic check,87.45,87.45,High
0743-HNPFG,Female,0,Yes,Yes,51,One year,DSL,69.75,3562.5,Credit card (automatic),23.13,23.13,Low
2277-BKJKN,Female,1,Yes,No,71,Two year,Fiber optic,99.2,7213.75,Electronic check,13.11,13.11,Low
9809-IMGCQ,Male,1,No,No,22,Month-to-month,Fiber optic,96.7,2082.95,Electronic check,85.25,85.25,High
5208-HFSBT,Female,0,No,No,2,Month-to-month,DSL,55.05,102.75,Credit card (automatic),56.57,56.57,Medium
5035-PGZXH,Female,0,No,No,56,One year,Fiber optic,106.8,5914.4,Electronic check,53.04,53.04,Medium
8695-WDYEA,Male,0,No,No,1,Month-to-month,DSL,51.25,51.25,Mailed check,51.0,51.0,Medium
6543-JXSOO,Female,0,Yes,Yes,23,One year,DSL,57.75,1282.85,Mailed check,5.5,5.5,Low
8016-ZMGMO,Female,1,Yes,No,66,One year,DSL,70.85,4738.85,Bank transfer (automatic),8.71,8.71,Low
8605-ITULD,Female,0,No,No,1,Month-to-month,No,19.55,19.55,Mailed check,48.65,48.65,Medium
3254-YRILK,Male,1,No,No,19,Month-to-month,Fiber optic,88.2,1775.8,Electronic check,78.43,78.43,High
6416-YJTTB,Male,0,No,No,11,Month-to-month,Fiber optic,79.5,795.65,Bank transfer (automatic),59.69,59.69,Medium
2667-WYLWJ,Female,0,Yes,Yes,8,One year,No,19.75,145.0,Mailed check,12.51,12.51,Low
4472-VESGY,Female,0,Yes,Yes,52,Month-to-month,Fiber optic,98.15,4993.4,Bank transfer (automatic),20.16,20.16,Low
3195-TQDZX,Male,0,No,No,3,Month-to-month,No,20.25,61.45,Electronic check,50.13,50.13,Medium
3128-YOVTD,Female,0,Yes,Yes,51,Month-to-month,Fiber optic,79.15,4018.55,Bank transfer (automatic),28.01,28.01,Low
0529-ONKER,Male,1,No,No,15,Month-to-month,Fiber optic,75.65,1146.65,Electronic check,75.17,75.17,High
1728-CXQBE,Male,1,Yes,No,64,Month-to-month,Fiber optic,94.25,6081.4,Electronic check,49.46,49.46,Medium
7041-TXQJH,Female,0,No,No,37,Month-to-month,DSL,40.2,1478.85,Credit card (automatic),44.96,44.96,Medium
5014-GSOUQ,Male,0,No,No,13,Two year,No,19.95,243.65,Mailed check,5.78,5.78,Low
5724-BIDBU,Male,0,Yes,No,49,One year,DSL,55.35,2633.95,Electronic check,12.18,12.18,Low
0481-SUMCB,Female,1,No,No,45,One year,Fiber optic,102.15,4735.35,Bank transfer (automatic),52.05,52.05,Medium
1769-GRUIK,Female,0,No,No,18,Month-to-month,Fiber optic,71.1,1247.75,Electronic check,72.81,72.81,High
5240-IJOQT,Male,1,No,No,1,Month-to-month,Fiber optic,74.7,74.7,Electronic check,86.11,86.11,High
8819-WFGGJ,Male,0,Yes,No,68,Two year,DSL,54.1,3794.5,Bank transfer (automatic),5.93,5.93,Low
7427-AUFPY,Male,0,No,No,54,Two year,No,19.65,1008.7,Credit card (automatic),3.37,3.37,Low
2811-POVEX,Female,1,Yes,Yes,23,Month-to-month,Fiber optic,88.45,2130.55,Bank transfer (automatic),64.3,64.3,High
1092-GANHU,Male,0,No,No,17,Month-to-month,Fiber optic,76.65,1313.55,Electronic check,71.49,71.49,High
7898-PDWQE,Male,0,Yes,No,71,Two year,DSL,80.4,5727.15,Credit card (automatic),4.92,4.92,Low
9972-EWRJS,Female,0,Yes,Yes,67,Two year,No,19.25,1372.9,Bank transfer (automatic),3.2,3.2,Low
9314-IJWSQ,Female,0,Yes,Yes,14,Month-to-month,Fiber optic,84.8,1203.9,Electronic check,79.2,79.2,High
0661-XEYAN,Female,1,No,No,1,Month-to-month,DSL,25.8,25.8,Mailed check,81.11,81.11,High
5799-JRCZO,Female,0,No,Yes,63,Two year,No,19.5,1215.1,Credit card (automatic),2.33,2.33,Low
1921-KYSAY,Female,0,No,No,41,One year,DSL,68.6,2877.05,Electronic check,25.6,25.6,Low
6198-RTPMF,Female,0,Yes,No,17,Month-to-month,Fiber optic,92.6,1579.7,Electronic check,81.41,81.41,High
2924-KHUVI,Male,0,Yes,No,56,One year,Fiber optic,100.55,5514.95,Electronic check,50.53,50.53,Medium
1925-GMVBW,Female,0,No,No,5,Month-to-month,No,20.55,96.1,Credit card (automatic),32.2,32.2,Medium
7881-EVUAD,Female,0,No,No,2,Month-to-month,DSL,42.6,72.4,Electronic check,76.76,76.76,High
6184-DYUOB,Female,0,Yes,No,3,Month-to-month,No,19.6,55.25,Mailed check,49.31,49.31,Medium
9207-ZPANB,Male,0,No,No,37,One year,DSL,67.45,2443.3,Electronic check,9.26,9.26,Low
5766-XQXMQ,Female,0,No,No,29,Month-to-month,DSL,68.85,1970.5,Bank transfer (automatic),35.57,35.57,Medium
9327-QSDED,Male,0,No,No,8,Month-to-month,DSL,43.55,335.4,Mailed check,59.69,59.69,Medium
1656-DRSMG,Female,0,No,No,63,Month-to-month,Fiber optic,109.85,7002.95,Credit card (automatic),46.91,46.91,Medium
3012-VFFMN,Female,0,Yes,Yes,7,Month-to-month,No,20.65,158.95,Mailed check,41.08,41.08,Medium
2984-AFWNC,Female,0,No,No,3,Month-to-month,Fiber optic,95.4,293.15,Electronic check,80.83,80.83,High
0640-YJTPY,Male,0,Yes,Yes,72,Two year,No,21.0,1493.75,Bank transfer (automatic),1.5,1.5,Low
8096-LOIST,Female,0,No,No,19,Month-to-month,DSL,56.2,1093.4,Electronic check,53.89,53.89,Medium
9764-REAFF,Female,0,Yes,No,59,Two year,No,18.4,1057.85,Bank transfer (automatic),2.69,2.69,Low
3703-VAVCL,Male,0,Yes,Yes,2,Month-to-month,Fiber optic,90.0,190.05,Credit card (automatic),47.33,47.33,Medium
7107-UBYKY,Female,0,Yes,Yes,35,Month-to-month,No,25.75,882.55,Electronic check,39.26,39.26,Medium
4881-GQJTW,Male,0,No,No,14,Month-to-month,No,19.6,300.4,Credit card (automatic),28.0,28.0,Low
8519-QJGJD,Female,0,No,No,14,Month-to-month,Fiber optic,75.35,1025.95,Electronic check,66.83,66.83,High
7876-DNYAP,Female,0,Yes,Yes,69,Two year,No,19.8,1436.95,Credit card (automatic),1.8,1.8,Low
7905-NJMXS,Male,1,Yes,No,7,Month-to-month,DSL,64.2,475.0,Electronic check,46.22,46.22,Medium
2882-WDTBA,Male,0,Yes,Yes,69,Two year,DSL,75.75,5388.15,Bank transfer (automatic),0.74,0.74,Low
2091-GPPIQ,Female,0,Yes,Yes,72,Two year,DSL,78.95,5730.15,Electronic check,12.99,12.99,Low
6326-MTTXK,Male,0,No,No,8,Month-to-month,Fiber optic,100.85,819.55,Electronic check,85.16,85.16,High
5071-FBJFS,Female,0,Yes,Yes,4,Month-to-month,DSL,50.3,217.1,Electronic check,54.05,54.05,Medium
2796-UUZZO,Male,0,Yes,Yes,63,Month-to-month,Fiber optic,80.3,4896.35,Credit card (automatic),37.38,37.38,Medium
2429-AYKKO,Male,0,No,No,72,Two year,No,19.85,1434.1,Bank transfer (automatic),3.44,3.44,Low
9798-OPFEM,Female,0,No,No,46,Two year,No,21.1,937.1,Electronic check,6.42,6.42,Low
0330-IVZHA,Female,0,Yes,No,5,Month-to-month,Fiber optic,69.95,330.15,Electronic check,76.03,76.03,High
3794-NFNCH,Male,0,Yes,No,30,Month-to-month,DSL,50.0,1474.9,Mailed check,39.22,39.22,Medium
5193-QLVZB,Male,0,No,No,63,Two year,Fiber optic,104.75,6536.5,Bank transfer (automatic),34.86,34.86,Medium
7114-AEOZE,Female,0,No,No,60,Two year,No,19.85,1128.1,Bank transfer (automatic),4.25,4.25,Low
2886-KEFUM,Female,0,Yes,No,63,One year,Fiber optic,107.5,6873.75,Electronic check,53.72,53.72,Medium
5522-NYKPB,Male,0,Yes,Yes,25,Month-to-month,Fiber optic,85.9,2199.05,Electronic check,53.35,53.35,Medium
4237-RLAQD,Male,0,No,No,1,Month-to-month,DSL,45.85,45.85,Mailed check,65.74,65.74,High
9957-YODKZ,Male,1,Yes,No,6,Month-to-month,Fiber optic,80.8,457.1,Electronic check,84.48,84.48,High
6518-KZXCB,Male,0,No,No,22,Two year,No,25.25,566.5,Mailed check,3.43,3.43,Low
2245-ADZFJ,Female,0,Yes,Yes,31,Two year,DSL,80.55,2471.6,Bank transfer (automatic),8.09,8.09,Low
7776-QGYJC,Female,0,Yes,Yes,39,Month-to-month,Fiber optic,81.5,3107.3,Bank transfer (automatic),25.91,25.91,Low
9313-QOLTZ,Male,0,No,No,26,Month-to-month,No,20.9,518.3,Mailed check,40.55,40.55,Medium
9651-GTSAQ,Female,0,Yes,No,53,One year,Fiber optic,106.1,5769.75,Bank transfer (automatic),39.98,39.98,Medium
3186-BAXNB,Female,0,No,No,1,Month-to-month,Fiber optic,91.7,91.7,Electronic check,69.51,69.51,High
4672-FOTSD,Male,0,No,No,12,Month-to-month,DSL,67.25,832.3,Electronic check,49.24,49.24,Medium
0637-YLETY,Female,0,No,No,16,Month-to-month,Fiber optic,95.6,1555.65,Credit card (automatic),75.99,75.99,High
9818-XQCUV,Female,0,No,No,2,Month-to-month,No,20.35,45.3,Mailed check,48.66,48.66,Medium
7338-ERIVA,Male,0,No,Yes,39,One year,DSL,45.05,1790.6,Bank transfer (automatic),3.46,3.46,Low
1157-BQCUW,Male,0,No,No,1,Month-to-month,Fiber optic,74.95,74.95,Electronic check,83.74,83.74,High
8259-NFJTV,Female,0,Yes,Yes,7,Month-to-month,DSL,34.65,246.6,Mailed check,36.65,36.65,Medium
3223-DWFIO,Male,1,No,No,4,Month-to-month,Fiber optic,69.35,261.65,Electronic check,76.39,76.39,High
2660-EMUBI,Male,1,No,No,10,Month-to-month,Fiber optic,95.35,898.35,Electronic check,90.5,90.5,High
6968-GMKPR,Female,0,No,No,55,Month-to-month,Fiber optic,81.55,4509.5,Electronic check,42.95,42.95,Medium
4751-ERMAN,Male,0,Yes,Yes,72,Two year,DSL,75.4,5480.25,Bank transfer (automatic),8.65,8.65,Low
1436-ZMJAN,Female,0,Yes,No,10,Month-to-month,DSL,67.8,653.15,Credit card (automatic),53.65,53.65,Medium
3292-PBZEJ,Male,1,No,No,11,Month-to-month,Fiber optic,111.4,1183.05,Electronic check,83.07,83.07,High
0799-DDIHE,Female,0,Yes,Yes,15,Month-to-month,DSL,46.3,639.45,Electronic check,53.25,53.25,Medium
3070-FNFZQ,Female,0,Yes,Yes,23,Two year,No,20.4,478.75,Bank transfer (automatic),4.23,4.23,Low
2812-SFXMJ,Male,0,No,Yes,1,Month-to-month,No,20.05,20.05,Mailed check,44.87,44.87,Medium
7675-OZCZG,Female,1,No,No,3,Month-to-month,DSL,45.0,127.1,Electronic check,69.33,69.33,High
5014-WUQMG,Male,0,Yes,Yes,47,One year,Fiber optic,96.1,4391.45,Electronic check,23.04,23.04,Low
5312-TSZVC,Female,0,No,Yes,15,One year,No,19.65,270.6,Mailed check,11.8,11.8,Low
2003-CKLOR,Male,0,No,No,66,Month-to-month,Fiber optic,99.5,6710.5,Electronic check,34.83,34.83,Medium
0993-OSGPT,Female,1,Yes,No,68,One year,DSL,60.65,3975.9,Bank transfer (automatic),6.38,6.38,Low
9254-RBFON,Female,0,Yes,Yes,17,One year,Fiber optic,98.6,1704.95,Bank transfer (automatic),29.92,29.92,Low
1205-WNWPJ,Female,0,No,No,7,Month-to-month,DSL,59.5,415.95,Mailed check,52.64,52.64,Medium
9391-EOYLI,Male,1,Yes,No,12,Month-to-month,Fiber optic,80.45,950.2,Electronic check,78.9,78.9,High
7108-DGVUU,Female,1,Yes,No,21,One year,DSL,71.7,1497.05,Bank transfer (automatic),15.29,15.29,Low
2782-JEEBU,Male,0,No,No,21,Month-to-month,DSL,36.0,780.15,Mailed check,36.72,36.72,Medium
5127-BZENZ,Female,0,Yes,Yes,56,One year,DSL,65.2,3512.15,Bank transfer (automatic),7.13,7.13,Low
2720-FVBQP,Female,0,Yes,Yes,6,Month-to-month,DSL,48.95,273.25,Credit card (automatic),60.76,60.76,High
9906-NHHVC,Female,1,No,No,65,Two year,DSL,53.5,3517.9,Bank transfer (automatic),9.77,9.77,Low
4522-XRWWI,Male,0,Yes,No,42,One year,DSL,80.45,3375.9,Credit card (automatic),35.53,35.53,Medium
3766-EJLFL,Female,0,Yes,Yes,68,Two year,Fiber optic,109.05,7508.55,Bank transfer (automatic),4.97,4.97,Low
5939-SXWHM,Male,0,Yes,Yes,48,Two year,No,26.3,1245.05,Bank transfer (automatic),1.46,1.46,Low
8152-UOBNY,Female,1,No,No,50,One year,Fiber optic,106.8,5347.95,Electronic check,38.99,38.99,Medium
7351-KYHQH,Female,1,No,No,7,Month-to-month,DSL,64.95,493.65,Electronic check,67.47,67.47,High
7643-RCHXS,Female,0,Yes,Yes,63,Two year,No,19.35,1263.85,Electronic check,2.19,2.19,Low
8246-SHFGA,Male,0,No,No,17,Month-to-month,No,21.1,385.55,Credit card (automatic),27.9,27.9,Low
8387-MOJJT,Female,0,Yes,Yes,42,Month-to-month,Fiber optic,77.95,3384.0,Credit card (automatic),53.99,53.99,Medium
0620-XEFWH,Male,0,Yes,Yes,4,Month-to-month,No,18.85,84.2,Mailed check,37.49,37.49,Medium
6485-QXWWE,Female,0,No,Yes,62,Two year,No,26.0,1638.7,Bank transfer (automatic),3.09,3.09,Low
2761-OCIAX,Male,1,No,No,2,Month-to-month,Fiber optic,74.7,165.4,Electronic check,78.4,78.4,High
7321-VGNKU,Female,0,Yes,No,2,Month-to-month,Fiber optic,70.35,120.25,Electronic check,80.37,80.37,High
5327-CNLUQ,Male,0,Yes,No,48,Two year,Fiber optic,96.9,4473.45,Bank transfer (automatic),2.09,2.09,Low
7552-KEYGT,Male,0,Yes,No,27,Two year,No,19.55,520.55,Bank transfer (automatic),2.55,2.55,Low
5816-JMLGY,Female,0,Yes,Yes,70,Two year,DSL,80.4,5717.85,Bank transfer (automatic),6.94,6.94,Low
3068-OMWZA,Male,1,No,No,1,Month-to-month,Fiber optic,88.8,88.8,Electronic check,88.59,88.59,High
2927-QRRQV,Male,0,Yes,No,46,One year,Fiber optic,94.65,4312.5,Electronic check,54.49,54.49,Medium
6032-KRXXO,Male,0,No,No,30,Month-to-month,Fiber optic,90.25,2755.35,Electronic check,75.62,75.62,High
7459-RRWQZ,Female,0,No,No,15,Month-to-month,DSL,64.65,994.55,Bank transfer (automatic),45.08,45.08,Medium
6265-SXWBU,Male,0,Yes,Yes,69,One year,Fiber optic,95.75,6511.25,Credit card (automatic),39.97,39.97,Medium
7941-RCJOW,Male,0,No,No,65,Two year,No,19.55,1218.65,Credit card (automatic),3.92,3.92,Low
6374-NTQLP,Male,1,Yes,Yes,72,Two year,Fiber optic,104.1,7447.7,Credit card (automatic),11.04,11.04,Low
4154-AQUGT,Male,1,Yes,No,13,Month-to-month,Fiber optic,89.05,1169.35,Bank transfer (automatic),60.44,60.44,High
2387-KDZQY,Male,0,No,No,17,One year,No,20.1,279.5,Mailed check,13.71,13.71,Low
3584-WKTTW,Male,0,Yes,No,51,One year,Fiber optic,111.55,5720.35,Electronic check,51.56,51.56,Medium
3399-BMLVW,Male,0,Yes,Yes,51,Two year,DSL,60.5,3121.45,Credit card (automatic),1.92,1.92,Low
1971-DTCZB,Female,0,Yes,No,72,Two year,DSL,90.95,6468.6,Bank transfer (automatic),1.99,1.99,Low
3092-IGHWF,Male,0,Yes,Yes,67,One year,Fiber optic,87.4,5918.8,Electronic check,34.76,34.76,Medium
3374-PZLXD,Male,0,No,No,34,Month-to-month,No,19.7,675.6,Mailed check,37.26,37.26,Medium
3813-DHBBB,Male,0,Yes,No,67,Two year,DSL,50.95,3521.7,Bank transfer (automatic),0.86,0.86,Low
2812-REYAT,Female,0,Yes,No,49,One year,No,20.05,923.1,Bank transfer (automatic),6.79,6.79,Low
6518-PPLMZ,Male,0,Yes,Yes,53,Two year,No,19.4,1110.35,Mailed check,2.19,2.19,Low
4939-KYYPY,Male,0,No,No,27,Month-to-month,DSL,59.45,1611.65,Electronic check,41.87,41.87,Medium
8017-LXHFA,Female,1,No,No,23,Month-to-month,Fiber optic,94.75,2293.6,Electronic check,75.61,75.61,High
5930-GBIWP,Male,0,No,No,69,Two year,DSL,81.5,5553.25,Credit card (automatic),9.04,9.04,Low
6022-KOUQO,Female,0,Yes,Yes,2,Month-to-month,DSL,29.05,44.75,Bank transfer (automatic),47.25,47.25,Medium
6352-TWCAU,Female,0,No,No,35,Month-to-month,Fiber optic,86.45,3029.1,Electronic check,73.52,73.52,High
2361-UPSND,Female,0,Yes,No,46,One year,DSL,70.6,3231.05,Mailed check,8.38,8.38,Low
6035-RIIOM,Female,0,No,No,54,Two year,Fiber optic,97.2,5129.45,Bank transfer (automatic),36.16,36.16,Medium
2929-QNSRW,Female,0,Yes,No,56,One year,Fiber optic,98.25,5508.35,Electronic check,56.26,56.26,Medium
1262-OPMFY,Female,0,Yes,No,9,Month-to-month,Fiber optic,75.75,655.9,Bank transfer (automatic),72.51,72.51,High
9504-DSHWM,Male,0,No,No,20,Month-to-month,DSL,59.2,1191.2,Bank transfer (automatic),14.96,14.96,Low
5035-BVCXS,Male,0,No,No,11,Month-to-month,Fiber optic,75.9,866.4,Mailed check,71.68,71.68,High
6267-DCFFZ,Female,1,Yes,No,30,Month-to-month,Fiber optic,90.05,2627.2,Electronic check,76.55,76.55,High
3533-UVMOM,Male,0,Yes,No,68,Two year,DSL,70.95,4741.45,Bank transfer (automatic),2.45,2.45,Low
2439-LYPMQ,Male,1,Yes,No,38,Month-to-month,Fiber optic,102.6,4009.2,Electronic check,77.53,77.53,High
4248-QPAVC,Female,1,Yes,No,17,Month-to-month,Fiber optic,85.35,1463.45,Bank transfer (automatic),70.63,70.63,High
1899-VXWXM,Male,0,No,No,48,One year,Fiber optic,106.1,5082.8,Credit card (automatic),51.77,51.77,Medium
1478-VPOAD,Female,0,No,No,1,Month-to-month,DSL,43.8,43.8,Electronic check,65.72,65.72,High
9995-HOTOH,Male,0,Yes,Yes,63,Two year,DSL,59.0,3707.6,Electronic check,11.47,11.47,Low
2988-PLAHS,Female,0,No,No,3,One year,DSL,69.95,220.45,Electronic check,61.28,61.28,High
1371-OJCEK,Female,0,No,No,48,One year,No,24.35,1133.7,Bank transfer (automatic),5.17,5.17,Low
4999-IEZLT,Male,0,No,No,66,One year,DSL,29.45,1983.15,Credit card (automatic),11.51,11.51,Low
8883-ANODQ,Female,0,Yes,Yes,68,Two year,Fiber optic,84.4,5746.75,Credit card (automatic),15.3,15.3,Low
4690-LLKUA,Male,1,No,No,17,Month-to-month,DSL,45.05,770.6,Electronic check,60.43,60.43,High
2351-RRBUE,Female,0,Yes,Yes,7,One year,No,20.65,134.05,Mailed check,13.81,13.81,Low
5980-BDHPY,Male,0,Yes,No,72,Two year,DSL,87.1,6230.1,Bank transfer (automatic),1.56,1.56,Low
1498-DQNRX,Female,0,Yes,No,29,Month-to-month,No,19.85,573.05,Mailed check,38.07,38.07,Medium
9469-WEJBT,Male,0,Yes,No,37,Month-to-month,Fiber optic,90.35,3419.3,Electronic check,37.43,37.43,Medium
3331-HQDTW,Female,0,No,No,34,Month-to-month,Fiber optic,109.8,3587.25,Mailed check,67.11,67.11,High
9490-DFPMD,Female,1,No,No,42,Month-to-month,Fiber optic,84.65,3541.35,Electronic check,72.45,72.45,High
2581-VKIRT,Female,0,Yes,Yes,59,One year,DSL,65.5,3801.3,Mailed check,2.59,2.59,Low
5442-XSDCW,Male,0,Yes,Yes,11,Month-to-month,Fiber optic,79.5,868.5,Bank transfer (automatic),79.06,79.06,High
7426-WEIJX,Male,1,Yes,Yes,60,Month-to-month,Fiber optic,80.95,4859.1,Electronic check,32.87,32.87,Medium
2851-MMUTZ,Female,0,No,No,27,Month-to-month,DSL,56.15,1439.35,Mailed check,41.02,41.02,Medium
3049-NDXFL,Female,0,No,No,1,Month-to-month,Fiber optic,85.8,85.8,Mailed check,89.55,89.55,High
8580-AECUZ,Male,1,No,No,1,Month-to-month,Fiber optic,79.1,79.1,Electronic check,84.3,84.3,High
3307-TLCUD,Male,0,Yes,No,17,Month-to-month,DSL,34.4,592.75,Mailed check,56.3,56.3,Medium
6625-FLENO,Male,0,Yes,No,58,Two year,No,20.75,1185.95,Mailed check,1.97,1.97,Low
2967-MXRAV,Male,0,Yes,Yes,1,One year,No,18.8,18.8,Mailed check,9.81,9.81,Low
7963-GQRMY,Female,0,Yes,Yes,3,Month-to-month,DSL,44.3,134.5,Mailed check,59.95,59.95,Medium
8189-HBVRW,Female,0,No,No,53,Month-to-month,Fiber optic,90.8,4921.2,Electronic check,25.93,25.93,Low
4163-KIUHY,Male,0,No,No,35,Month-to-month,No,25.6,901.25,Electronic check,40.08,40.08,Medium
1228-FZFRV,Male,0,Yes,Yes,50,Month-to-month,Fiber optic,105.95,5341.8,Credit card (automatic),49.38,49.38,Medium
3500-NSDOA,Male,0,Yes,Yes,68,Two year,DSL,70.8,4859.95,Credit card (automatic),6.89,6.89,Low
1171-TYKUR,Male,0,Yes,No,47,Month-to-month,No,25.4,1139.2,Electronic check,31.23,31.23,Medium
3761-FLYZI,Female,1,Yes,No,65,Month-to-month,Fiber optic,108.8,7082.45,Bank transfer (automatic),38.79,38.79,Medium
2058-DCJBE,Male,0,No,No,5,Month-to-month,Fiber optic,69.75,324.6,Electronic check,77.94,77.94,High
5364-XYIRR,Male,0,Yes,No,51,Month-to-month,Fiber optic,94.65,4812.75,Electronic check,73.83,73.83,High
4829-AUOAX,Female,0,No,No,46,Month-to-month,Fiber optic,96.05,4399.5,Bank transfer (automatic),51.26,51.26,Medium
1219-NNDDO,Female,0,No,No,9,Month-to-month,Fiber optic,76.85,663.55,Electronic check,83.25,83.25,High
8388-DMKAE,Female,0,No,No,8,Two year,No,20.25,174.65,Mailed check,8.4,8.4,Low
4403-BWPAY,Male,0,No,No,14,One year,No,24.8,321.7,Credit card (automatic),15.4,15.4,Low
9659-QEQSY,Female,0,No,No,45,Month-to-month,Fiber optic,115.65,5125.5,Electronic check,50.4,50.4,Medium
5405-ZMYXQ,Female,0,No,No,8,Month-to-month,Fiber optic,74.6,548.9,Credit card (automatic),75.71,75.71,High
5047-LHVLY,Male,1,No,Yes,1,Month-to-month,DSL,50.15,50.15,Mailed check,69.99,69.99,High
1442-OKRJE,Male,0,Yes,Yes,66,One year,Fiber optic,103.15,7031.3,Bank transfer (automatic),26.28,26.28,Low
4737-AQCPU,Male,0,Yes,Yes,72,Two year,DSL,72.1,5016.65,Credit card (automatic),2.12,2.12,Low
9158-VCTQB,Female,0,Yes,No,41,Month-to-month,Fiber optic,113.6,4594.95,Bank transfer (automatic),48.82,48.82,Medium
2808-CHTDM,Female,0,Yes,Yes,23,Two year,No,25.1,611.45,Mailed check,2.27,2.27,Low
6311-UEUME,Female,0,No,No,29,Month-to-month,Fiber optic,78.9,2384.15,Electronic check,73.69,73.69,High
0793-TWELN,Female,0,No,No,4,Month-to-month,Fiber optic,80.15,319.85,Electronic check,77.99,77.99,High
3283-WCWXT,Male,0,Yes,Yes,6,Two year,No,25.4,153.3,Mailed check,1.83,1.83,Low
1060-ENTOF,Female,1,Yes,No,67,One year,Fiber optic,105.4,7035.6,Credit card (automatic),28.09,28.09,Low
0999-QXNSA,Male,1,No,Yes,7,Month-to-month,DSL,45.75,344.2,Mailed check,64.0,64.0,High
5451-MHQOF,Male,0,Yes,Yes,56,One year,No,24.45,1431.65,Mailed check,3.59,3.59,Low
4836-WNFNO,Female,0,Yes,No,72,Two year,No,25.0,1849.2,Credit card (automatic),2.28,2.28,Low
9225-BZLNZ,Male,0,Yes,No,72,Two year,DSL,85.25,6083.1,Electronic check,7.02,7.02,Low
0354-VXMJC,Male,0,Yes,Yes,23,Two year,No,19.6,426.65,Credit card (automatic),2.53,2.53,Low
4422-QVIJA,Female,0,No,Yes,35,Month-to-month,DSL,50.15,1655.35,Mailed check,29.98,29.98,Low
9365-SRSZE,Male,1,Yes,No,27,Month-to-month,Fiber optic,70.55,1943.9,Electronic check,65.17,65.17,High
6839-ITVZJ,Female,0,Yes,Yes,26,Month-to-month,DSL,60.05,1616.15,Electronic check,45.26,45.26,Medium
8332-OSJDW,Male,0,Yes,Yes,12,One year,No,26.4,314.95,Mailed check,6.21,6.21,Low
4735-BJKOU,Female,0,No,No,40,Two year,No,20.15,804.85,Mailed check,4.5,4.5,Low
0274-JKUJR,Male,0,Yes,Yes,7,Month-to-month,DSL,58.85,465.7,Mailed check,57.17,57.17,Medium
5740-YHGTW,Male,0,Yes,Yes,70,Month-to-month,Fiber optic,97.55,6669.05,Credit card (automatic),36.81,36.81,Medium
8917-SZTTJ,Male,0,Yes,Yes,60,Two year,No,19.65,1161.75,Credit card (automatic),1.7,1.7,Low
1696-MZVAU,Male,0,Yes,Yes,39,One year,DSL,25.25,947.75,Credit card (automatic),17.59,17.59,Low
7359-WWYJV,Male,0,Yes,No,72,Two year,Fiber optic,114.45,8375.05,Credit card (automatic),9.5,9.5,Low
0375-HVGXO,Female,0,No,No,1,Month-to-month,DSL,34.7,34.7,Electronic check,85.37,85.37,High
4906-ZHGPK,Male,0,Yes,Yes,54,One year,DSL,70.7,3770.0,Electronic check,13.94,13.94,Low
8593-WHYHV,Male,0,No,No,3,Month-to-month,Fiber optic,85.3,264.8,Electronic check,87.64,87.64,High
3795-GWTRD,Female,0,Yes,Yes,63,Two year,DSL,75.55,4707.85,Credit card (automatic),3.46,3.46,Low
1298-PHBTI,Male,0,Yes,Yes,71,Two year,Fiber optic,84.8,6152.4,Electronic check,5.65,5.65,Low
6223-DHJGV,Female,0,No,No,42,One year,No,20.65,958.1,Mailed check,8.86,8.86,Low
6961-MJKBO,Male,0,No,No,47,Two year,No,20.45,943.0,Bank transfer (automatic),4.39,4.39,Low
6097-EQISJ,Female,0,Yes,Yes,66,One year,Fiber optic,102.45,6615.15,Credit card (automatic),35.86,35.86,Medium
4423-YLHDV,Female,0,Yes,No,21,Month-to-month,Fiber optic,104.4,2200.25,Bank transfer (automatic),79.23,79.23,High
8158-WPEZG,Male,0,No,No,11,Month-to-month,DSL,35.65,425.1,Electronic check,60.04,60.04,High
0107-YHINA,Male,0,No,Yes,1,Month-to-month,Fiber optic,99.75,99.75,Electronic check,91.65,91.65,High
4918-FYJNT,Female,1,Yes,No,55,Month-to-month,Fiber optic,90.45,5044.8,Electronic check,28.45,28.45,Low
0727-BNRLG,Male,0,No,No,69,Two year,Fiber optic,97.65,6743.55,Credit card (automatic),13.85,13.85,Low
4854-CIDCF,Female,1,No,No,3,Month-to-month,Fiber optic,73.85,196.4,Electronic check,79.25,79.25,High
8640-SDGKB,Male,0,No,No,4,Month-to-month,DSL,74.4,299.7,Electronic check,65.03,65.03,High
3280-MRDOF,Male,1,No,No,30,Two year,DSL,69.1,2093.9,Credit card (automatic),10.71,10.71,Low
6435-SRWBJ,Female,0,No,No,5,Month-to-month,Fiber optic,82.75,417.75,Electronic check,78.84,78.84,High
9964-WBQDJ,Female,0,Yes,No,71,Two year,No,24.4,1725.4,Credit card (automatic),3.77,3.77,Low
6303-KFWSL,Female,0,No,No,29,One year,DSL,55.25,1620.2,Electronic check,21.57,21.57,Low
1702-CCFNJ,Male,0,Yes,No,52,Month-to-month,DSL,61.35,3169.55,Bank transfer (automatic),16.66,16.66,Low
8932-CZHRQ,Male,0,No,No,68,One year,DSL,76.75,5233.25,Credit card (automatic),25.03,25.03,Low
0386-CWRGM,Female,0,Yes,Yes,46,Two year,No,19.4,967.85,Mailed check,2.6,2.6,Low
5515-RUGKN,Male,0,No,No,8,Month-to-month,DSL,54.75,438.05,Credit card (automatic),45.44,45.44,Medium
0404-AHASP,Male,0,Yes,No,72,Two year,No,19.7,1421.9,Credit card (automatic),1.71,1.71,Low
7279-NMVJC,Female,0,No,No,17,One year,No,19.9,323.15,Bank transfer (automatic),12.98,12.98,Low
2081-VEYEH,Male,0,No,No,3,Month-to-month,Fiber optic,107.95,318.6,Electronic check,80.1,80.1,High
6407-UTSLV,Female,1,No,No,2,Month-to-month,Fiber optic,83.8,163.7,Bank transfer (automatic),80.55,80.55,High
4116-TZAQJ,Female,0,No,No,9,Month-to-month,Fiber optic,74.25,639.65,Credit card (automatic),66.91,66.91,High
9060-HJJRW,Female,0,No,No,51,One year,DSL,56.4,2928.5,Credit card (automatic),30.59,30.59,Medium
2587-YNLES,Female,0,Yes,Yes,6,Two year,No,20.1,100.35,Mailed check,4.68,4.68,Low
7398-SKNQZ,Female,0,Yes,No,3,Month-to-month,Fiber optic,94.9,273.2,Electronic check,89.72,89.72,High
5935-FCCNB,Female,1,No,No,17,Month-to-month,Fiber optic,94.2,1608.15,Electronic check,89.45,89.45,High
1958-RNRKS,Male,0,Yes,No,30,Month-to-month,DSL,49.9,1441.95,Electronic check,52.48,52.48,Medium
5136-RGMZO,Male,0,No,No,31,Month-to-month,DSL,71.05,2168.15,Electronic check,49.18,49.18,Medium
8345-MVDYC,Female,0,No,No,45,Two year,DSL,81.65,3618.7,Bank transfer (automatic),3.97,3.97,Low
8226-BXGES,Male,0,Yes,No,64,One year,Fiber optic,89.45,5692.65,Bank transfer (automatic),6.66,6.66,Low
3877-JRJIP,Male,0,No,No,1,Month-to-month,DSL,59.85,59.85,Electronic check,77.14,77.14,High
8375-DKEBR,Female,1,No,No,1,Month-to-month,Fiber optic,69.6,69.6,Electronic check,84.34,84.34,High
9705-IOVQQ,Male,1,Yes,Yes,61,One year,Fiber optic,99.0,5969.3,Electronic check,34.82,34.82,Medium
1015-OWJKI,Male,0,No,No,1,Month-to-month,No,19.05,19.05,Mailed check,46.07,46.07,Medium
7511-YMXVQ,Male,0,No,No,9,Month-to-month,DSL,45.4,418.8,Electronic check,89.19,89.19,High
2040-XBAVJ,Male,0,Yes,Yes,72,Two year,Fiber optic,114.45,8100.55,Bank transfer (automatic),1.95,1.95,Low
7551-JOHTI,Female,0,No,No,1,Month-to-month,No,19.5,19.5,Mailed check,48.65,48.65,Medium
8887-IPQNC,Female,0,Yes,No,7,Month-to-month,DSL,44.25,313.45,Mailed check,60.87,60.87,High
8646-JCOMS,Female,0,Yes,No,66,One year,Fiber optic,90.55,6130.95,Bank transfer (automatic),6.72,6.72,Low
9804-ICWBG,Male,0,No,No,1,Month-to-month,Fiber optic,69.9,69.9,Electronic check,79.74,79.74,High
1222-KJNZD,Male,0,Yes,Yes,40,Month-to-month,No,20.4,745.3,Bank transfer (automatic),28.43,28.43,Low
0106-GHRQR,Male,0,No,No,16,Month-to-month,DSL,71.4,1212.1,Bank transfer (automatic),59.49,59.49,Medium
5318-IXUZF,Female,0,No,No,2,Month-to-month,Fiber optic,87.15,183.75,Bank transfer (automatic),77.47,77.47,High
3768-VHXQO,Male,0,Yes,No,67,Two year,No,24.85,1583.5,Credit card (automatic),2.63,2.63,Low
8952-WCVCD,Female,0,Yes,No,41,One year,Fiber optic,104.45,4162.05,Bank transfer (automatic),43.36,43.36,Medium
2418-TPEUN,Female,0,Yes,Yes,56,Two year,No,19.8,1119.9,Credit card (automatic),3.0,3.0,Low
3963-RYFNS,Female,0,No,No,72,Two year,Fiber optic,116.45,8013.55,Bank transfer (automatic),6.95,6.95,Low
3198-VELRD,Female,0,Yes,Yes,3,Month-to-month,Fiber optic,84.75,264.85,Bank transfer (automatic),86.64,86.64,High
8540-ZQGEA,Female,0,Yes,No,54,Two year,No,20.05,1102.4,Credit card (automatic),2.35,2.35,Low
1320-REHCS,Male,1,No,No,52,Month-to-month,Fiber optic,110.75,5832.0,Electronic check,53.29,53.29,Medium
4137-JOPHL,Female,0,No,No,50,Two year,Fiber optic,89.7,4304.5,Bank transfer (automatic),19.82,19.82,Low
9436-ZBZCT,Male,0,No,No,14,Month-to-month,Fiber optic,89.95,1178.4,Electronic check,76.42,76.42,High
7801-CEDNV,Male,0,Yes,No,27,One year,DSL,48.7,1421.75,Credit card (automatic),10.47,10.47,Low
2057-BOYKM,Female,1,Yes,No,72,Two year,Fiber optic,96.6,6827.5,Bank transfer (automatic),0.84,0.84,Low
3658-QQJYD,Male,0,No,No,62,One year,DSL,74.3,4698.05,Credit card (automatic),27.37,27.37,Low
1803-BGNBD,Female,0,No,No,12,Month-to-month,DSL,54.3,654.5,Electronic check,51.87,51.87,Medium
0134-XWXCE,Female,1,No,No,44,One year,DSL,74.85,3268.05,Bank transfer (automatic),19.9,19.9,Low
6950-TWMYB,Male,0,Yes,Yes,54,Two year,Fiber optic,79.95,4362.05,Bank transfer (automatic),2.02,2.02,Low
5848-FHRFC,Female,0,No,No,68,Two year,No,20.05,1386.9,Bank transfer (automatic),4.0,4.0,Low
2243-FNMMI,Male,0,No,No,20,Month-to-month,No,19.4,415.4,Mailed check,43.03,43.03,Medium
2511-MORQY,Male,0,Yes,Yes,50,One year,DSL,54.9,2614.1,Bank transfer (automatic),10.96,10.96,Low
5356-KZCKT,Male,0,No,No,58,Two year,No,24.45,1513.6,Credit card (automatic),6.64,6.64,Low
9470-XCCEM,Male,0,Yes,Yes,35,Month-to-month,Fiber optic,89.65,3161.6,Bank transfer (automatic),69.21,69.21,High
6519-CFDBX,Female,0,No,No,2,Month-to-month,DSL,45.4,80.95,Electronic check,70.29,70.29,High
3902-MIVLE,Male,0,Yes,Yes,63,Two year,DSL,75.7,4676.7,Mailed check,0.97,0.97,Low
0409-WTMPL,Female,0,Yes,No,58,One year,Fiber optic,110.65,6526.65,Credit card (automatic),41.43,41.43,Medium
8763-KIAFH,Female,0,Yes,Yes,27,One year,No,20.55,583.3,Mailed check,7.56,7.56,Low
3669-WHAFY,Female,0,Yes,No,71,Two year,Fiber optic,115.15,8078.1,Credit card (automatic),11.6,11.6,Low
3055-VTCGS,Female,0,No,No,63,One year,DSL,58.55,3503.5,Credit card (automatic),12.55,12.55,Low
3144-KMTWZ,Male,0,Yes,No,71,Month-to-month,Fiber optic,93.25,6669.45,Bank transfer (automatic),40.11,40.11,Medium
7279-BUYWN,Female,1,No,No,41,Month-to-month,Fiber optic,113.2,4689.5,Electronic check,60.46,60.46,High
7156-MHUGY,Male,1,No,No,13,Month-to-month,Fiber optic,90.5,1201.15,Electronic check,85.32,85.32,High
7198-GLXTC,Male,0,No,No,2,Month-to-month,Fiber optic,79.0,143.65,Electronic check,81.34,81.34,High
2007-QVGAW,Female,0,Yes,Yes,68,Two year,No,19.35,1292.65,Bank transfer (automatic),3.18,3.18,Low
5207-PLSTK,Male,0,Yes,Yes,1,Month-to-month,DSL,48.75,48.75,Mailed check,57.61,57.61,Medium
2307-FYNNL,Male,1,No,No,65,Two year,Fiber optic,109.05,7108.2,Electronic check,9.56,9.56,Low
5605-XNWEN,Male,1,Yes,No,72,Two year,No,25.0,1802.55,Bank transfer (automatic),1.6,1.6,Low
2155-AMQRX,Female,0,No,No,28,Month-to-month,DSL,54.9,1505.15,Credit card (automatic),50.21,50.21,Medium
6181-AXXYF,Male,0,Yes,Yes,72,Two year,No,24.75,1859.1,Credit card (automatic),2.31,2.31,Low
5091-HFAZW,Female,0,No,No,2,Month-to-month,Fiber optic,91.15,168.5,Electronic check,77.07,77.07,High
0516-VRYBW,Female,0,No,Yes,18,One year,No,20.15,390.85,Bank transfer (automatic),13.11,13.11,Low
2519-LBNQL,Male,1,Yes,No,60,One year,Fiber optic,104.35,6339.45,Electronic check,54.28,54.28,Medium
8623-ULFNQ,Female,1,No,No,26,Month-to-month,DSL,66.05,1652.4,Electronic check,41.05,41.05,Medium
8380-PEFPE,Male,0,No,Yes,1,Month-to-month,Fiber optic,71.65,71.65,Electronic check,81.17,81.17,High
5687-DKDTV,Female,0,No,No,4,Month-to-month,No,20.35,77.5,Mailed check,48.37,48.37,Medium
1568-LJSZU,Male,0,Yes,Yes,68,Two year,DSL,92.2,6392.85,Credit card (automatic),6.5,6.5,Low
7530-HDYDS,Female,0,No,No,38,Month-to-month,Fiber optic,84.25,3264.5,Credit card (automatic),47.6,47.6,Medium
7789-HKSBS,Female,1,Yes,No,42,One year,Fiber optic,105.2,4599.15,Bank transfer (automatic),47.52,47.52,Medium
7416-CKTEP,Female,0,Yes,No,57,Two year,No,19.6,1134.25,Bank transfer (automatic),2.74,2.74,Low
2586-CWXVV,Male,0,Yes,No,54,Month-to-month,DSL,30.4,1621.35,Electronic check,51.19,51.19,Medium
3096-IZETN,Female,0,No,No,12,Month-to-month,Fiber optic,78.1,947.3,Bank transfer (automatic),67.59,67.59,High
2348-KCJLT,Female,0,Yes,No,44,One year,DSL,61.5,2722.2,Mailed check,5.78,5.78,Low
8401-EMUWF,Male,0,Yes,Yes,42,Month-to-month,DSL,69.4,3058.3,Bank transfer (automatic),24.05,24.05,Low
4193-IBKSW,Male,0,Yes,Yes,72,Two year,No,24.75,1769.6,Bank transfer (automatic),1.43,1.43,Low
5377-NDTOU,Female,0,Yes,Yes,71,Two year,DSL,91.05,6293.75,Mailed check,2.92,2.92,Low
5922-ABDVO,Female,0,Yes,No,19,Month-to-month,Fiber optic,89.65,1761.05,Mailed check,79.96,79.96,High
2474-LCNUE,Female,0,Yes,No,23,Month-to-month,DSL,73.65,1642.75,Credit card (automatic),51.28,51.28,Medium
0839-QNXME,Female,0,No,No,30,Two year,No,19.4,578.5,Credit card (automatic),4.62,4.62,Low
3506-OVLKD,Male,0,No,No,35,One year,No,26.2,954.9,Bank transfer (automatic),8.15,8.15,Low
9172-ANCRX,Female,0,No,No,10,Month-to-month,Fiber optic,98.7,973.25,Electronic check,86.03,86.03,High
6650-VJONK,Male,0,No,No,1,Month-to-month,DSL,43.85,43.85,Bank transfer (automatic),63.36,63.36,High
2178-PMGCJ,Male,0,No,No,22,Month-to-month,Fiber optic,69.7,1490.4,Mailed check,66.16,66.16,High
7492-TAFJD,Male,0,Yes,Yes,7,Two year,DSL,38.55,280.0,Mailed check,1.65,1.65,Low
2773-MADBQ,Female,0,No,No,36,Two year,DSL,53.1,1901.25,Mailed check,2.04,2.04,Low
6016-LVTJQ,Female,0,Yes,Yes,34,Month-to-month,No,20.65,716.4,Mailed check,30.79,30.79,Medium
7860-KSUGX,Male,0,Yes,Yes,72,Two year,DSL,64.45,4720.0,Credit card (automatic),3.53,3.53,Low
8966-KZXXA,Male,0,Yes,Yes,36,Two year,No,25.1,930.95,Credit card (automatic),3.62,3.62,Low
6910-HADCM,Female,0,No,No,1,Month-to-month,Fiber optic,76.35,76.35,Electronic check,75.94,75.94,High
4816-LXZYW,Female,0,No,No,23,Month-to-month,Fiber optic,79.15,1676.95,Electronic check,75.44,75.44,High
9606-PBKBQ,Male,1,Yes,No,32,Month-to-month,Fiber optic,85.0,2642.05,Electronic check,73.18,73.18,High
5149-QYTTU,Female,0,Yes,Yes,71,One year,Fiber optic,95.15,6770.85,Credit card (automatic),13.2,13.2,Low
2070-XYMFH,Female,1,No,No,23,Month-to-month,Fiber optic,79.35,1835.3,Mailed check,78.39,78.39,High
2085-BOJKI,Male,0,Yes,No,17,One year,Fiber optic,96.65,1588.25,Bank transfer (automatic),66.14,66.14,High
0817-HSUSE,Male,0,No,No,1,Month-to-month,DSL,75.5,75.5,Electronic check,67.46,67.46,High
5442-PPTJY,Male,0,Yes,Yes,12,Two year,No,19.7,258.35,Mailed check,2.1,2.1,Low
1927-QEWMY,Female,0,Yes,No,72,Two year,No,20.5,1502.25,Credit card (automatic),1.79,1.79,Low
1663-MHLHE,Male,0,No,No,1,Month-to-month,No,19.2,19.2,Mailed check,46.09,46.09,Medium
5663-QBGIS,Male,1,Yes,No,72,Two year,Fiber optic,98.35,6929.4,Bank transfer (automatic),10.11,10.11,Low
4450-MDZFX,Male,0,Yes,Yes,60,Month-to-month,Fiber optic,74.35,4453.3,Bank transfer (automatic),26.64,26.64,Low
6701-DHKWQ,Female,0,Yes,Yes,61,Two year,DSL,51.35,3244.4,Credit card (automatic),4.54,4.54,Low
7554-AKDQF,Female,0,Yes,No,6,Month-to-month,DSL,45.65,323.45,Mailed check,64.44,64.44,High
3536-IQCTX,Male,1,Yes,No,32,Month-to-month,Fiber optic,85.3,2661.1,Electronic check,70.09,70.09,High
4911-BANWH,Female,0,No,Yes,31,Month-to-month,Fiber optic,86.55,2697.4,Credit card (automatic),69.68,69.68,High
8496-EJAUI,Male,0,No,No,19,Month-to-month,Fiber optic,73.85,1424.5,Credit card (automatic),57.68,57.68,Medium
0794-YVSGE,Male,0,Yes,Yes,72,Two year,No,20.3,1401.15,Bank transfer (automatic),1.49,1.49,Low
5423-BHIXO,Female,0,No,No,32,Month-to-month,DSL,54.2,1739.6,Electronic check,52.46,52.46,Medium
6908-VVYHM,Male,0,Yes,No,65,Month-to-month,Fiber optic,90.65,5931.0,Electronic check,57.7,57.7,Medium
2959-EEXWB,Female,0,Yes,Yes,45,Month-to-month,DSL,50.9,2333.85,Bank transfer (automatic),34.08,34.08,Medium
1839-UMACK,Male,0,No,No,42,One year,No,25.05,949.85,Electronic check,12.5,12.5,Low
3030-YDNRM,Male,0,No,No,8,Month-to-month,Fiber optic,74.85,572.45,Electronic check,80.56,80.56,High
7321-KKSDU,Male,0,No,Yes,32,Two year,No,20.5,696.8,Mailed check,3.84,3.84,Low
3402-XRIUO,Female,1,Yes,No,22,Month-to-month,DSL,63.55,1381.8,Mailed check,19.56,19.56,Low
3132-TVFDZ,Male,1,Yes,No,57,Month-to-month,DSL,44.85,2572.95,Electronic check,68.66,68.66,High
8286-AFUYI,Male,0,No,No,1,Month-to-month,DSL,47.95,47.95,Electronic check,57.18,57.18,Medium
8080-DDEMJ,Male,1,No,No,1,Month-to-month,DSL,45.1,45.1,Electronic check,69.95,69.95,High
8356-WUAOJ,Female,0,Yes,No,1,Month-to-month,DSL,45.0,45.0,Electronic check,65.55,65.55,High
6365-MTGZX,Male,0,No,No,24,Month-to-month,Fiber optic,96.0,2122.45,Electronic check,70.71,70.71,High
1349-WXNGG,Male,0,No,No,1,Month-to-month,No,20.05,20.05,Bank transfer (automatic),46.28,46.28,Medium
8058-DMYRU,Male,1,No,No,54,Month-to-month,Fiber optic,90.05,4931.8,Electronic check,57.58,57.58,Medium
9350-ZXYJC,Female,0,No,No,4,Two year,No,25.3,116.95,Credit card (automatic),12.69,12.69,Low
6990-YNRIO,Male,0,Yes,Yes,65,Two year,Fiber optic,108.65,6937.95,Bank transfer (automatic),1.88,1.88,Low
8958-JPTRR,Female,0,Yes,No,56,One year,No,24.3,1261.7,Electronic check,7.44,7.44,Low
6959-GQEGV,Male,0,No,No,45,Month-to-month,DSL,75.95,3273.8,Electronic check,35.75,35.75,Medium
3173-WSSUE,Female,0,Yes,Yes,71,Two year,No,19.7,1415.85,Credit card (automatic),1.75,1.75,Low
1265-HVPZB,Male,0,Yes,No,59,One year,DSL,66.4,3958.2,Credit card (automatic),15.59,15.59,Low
4115-UMJFQ,Male,0,No,No,69,One year,DSL,35.75,2492.25,Bank transfer (automatic),10.26,10.26,Low
7369-TRPFD,Male,0,No,No,19,One year,No,18.8,279.2,Mailed check,11.54,11.54,Low
1098-KFQEC,Female,0,Yes,Yes,55,Two year,No,19.4,1083.0,Credit card (automatic),2.19,2.19,Low
7190-XHTWJ,Female,0,No,No,38,One year,No,19.3,755.5,Mailed check,8.54,8.54,Low
0621-TWIEM,Male,0,No,No,10,Month-to-month,DSL,45.55,402.6,Electronic check,64.6,64.6,High
3537-RYBHH,Female,1,Yes,No,47,Month-to-month,DSL,67.45,3252.0,Credit card (automatic),42.4,42.4,Medium
2485-ITVKB,Female,0,Yes,No,2,Month-to-month,DSL,35.1,68.75,Electronic check,82.34,82.34,High
3669-OYSJI,Male,0,No,No,1,Month-to-month,DSL,46.2,46.2,Credit card (automatic),51.28,51.28,Medium
1612-EOHDH,Female,0,No,No,1,Month-to-month,DSL,45.15,45.15,Electronic check,65.8,65.8,High
6702-OHFWR,Male,1,No,No,1,Month-to-month,DSL,43.3,43.3,Electronic check,88.88,88.88,High
5296-BFCYD,Male,0,Yes,Yes,46,Two year,No,20.1,936.85,Mailed check,2.21,2.21,Low
4510-PYUSH,Female,1,No,No,38,Month-to-month,DSL,57.15,2250.65,Credit card (automatic),52.7,52.7,Medium
9359-JANWS,Female,0,Yes,No,65,Two year,DSL,58.9,3857.1,Credit card (automatic),2.81,2.81,Low
7517-SAWMO,Female,0,Yes,No,19,Month-to-month,Fiber optic,73.2,1441.1,Electronic check,63.08,63.08,High
4143-HHPMK,Male,0,No,No,52,Month-to-month,Fiber optic,85.35,4338.6,Electronic check,41.39,41.39,Medium
3279-DYZQM,Male,0,Yes,Yes,71,Two year,No,19.45,1378.45,Mailed check,1.54,1.54,Low
7054-LGEQW,Female,0,No,No,1,Month-to-month,DSL,45.95,45.95,Mailed check,65.16,65.16,High
0523-VNGTF,Female,1,No,No,52,Month-to-month,DSL,50.5,2566.3,Electronic check,36.96,36.96,Medium
9575-IWCAZ,Male,0,Yes,No,6,One year,No,25.1,171.0,Mailed check,6.91,6.91,Low
7105-MXJLL,Female,1,Yes,No,26,One year,DSL,60.7,1597.4,Mailed check,18.13,18.13,Low
7064-FRRSW,Male,1,No,No,48,One year,Fiber optic,99.0,4744.35,Electronic check,58.49,58.49,Medium
7940-UQQUG,Female,0,Yes,Yes,64,One year,Fiber optic,104.4,6721.6,Bank transfer (automatic),12.57,12.57,Low
0923-PNFUB,Female,0,No,No,3,Month-to-month,Fiber optic,83.75,247.25,Electronic check,75.1,75.1,High
3961-SXAXY,Male,0,No,No,1,Month-to-month,DSL,44.05,44.05,Bank transfer (automatic),63.37,63.37,High
7010-BRBUU,Male,0,Yes,Yes,72,Two year,No,24.1,1734.65,Credit card (automatic),2.28,2.28,Low
3566-HJGPK,Male,0,No,No,1,Month-to-month,DSL,45.55,45.55,Mailed check,65.71,65.71,High
3062-ICYZQ,Female,0,Yes,Yes,51,Month-to-month,Fiber optic,93.8,4539.35,Electronic check,38.82,38.82,Medium
9938-PRCVK,Female,0,Yes,Yes,41,Two year,No,19.7,804.25,Bank transfer (automatic),3.41,3.41,Low
0973-KYVNF,Female,0,Yes,Yes,72,Two year,DSL,70.65,5011.15,Credit card (automatic),5.53,5.53,Low
5129-HHMZC,Female,0,Yes,No,43,Two year,DSL,86.45,3574.5,Credit card (automatic),6.32,6.32,Low
9637-CDTKZ,Male,0,Yes,No,72,Two year,Fiber optic,114.1,8086.4,Credit card (automatic),12.55,12.55,Low
3946-JEWRQ,Male,0,Yes,No,47,One year,Fiber optic,95.2,4563.0,Credit card (automatic),51.2,51.2,Medium
7873-CVMAW,Male,0,No,No,72,Two year,DSL,88.55,6362.35,Credit card (automatic),9.21,9.21,Low
0463-WZZKO,Male,0,No,No,3,Month-to-month,No,20.75,67.1,Credit card (automatic),37.11,37.11,Medium
3494-JCHRQ,Male,0,No,No,1,Month-to-month,Fiber optic,70.05,70.05,Electronic check,79.75,79.75,High
6474-FVJLC,Male,0,No,No,2,Month-to-month,Fiber optic,86.0,165.45,Electronic check,88.17,88.17,High
4524-QCSSM,Male,0,No,No,26,Month-to-month,DSL,44.65,1156.55,Bank transfer (automatic),56.7,56.7,Medium
5832-EXGTT,Male,0,Yes,Yes,29,Month-to-month,DSL,60.2,1834.15,Mailed check,19.18,19.18,Low
8840-DQLGN,Female,1,Yes,No,35,Month-to-month,Fiber optic,100.5,3653.35,Bank transfer (automatic),31.93,31.93,Medium
2039-JONDJ,Male,0,No,No,27,One year,DSL,55.45,1477.65,Bank transfer (automatic),12.44,12.44,Low
7217-JYHOQ,Male,0,Yes,Yes,24,Month-to-month,DSL,70.3,1706.45,Credit card (automatic),35.46,35.46,Medium
6695-FRVEC,Male,0,Yes,Yes,67,Two year,DSL,60.4,3953.7,Bank transfer (automatic),0.55,0.55,Low
4547-LYTDD,Female,0,No,No,16,Month-to-month,Fiber optic,72.65,1194.3,Electronic check,74.68,74.68,High
9894-QMIMJ,Female,0,No,No,23,One year,DSL,55.8,1327.85,Bank transfer (automatic),22.34,22.34,Low
8069-YQQAJ,Male,0,No,No,14,Month-to-month,DSL,31.1,419.7,Mailed check,71.55,71.55,High
6770-XUAGN,Female,0,Yes,Yes,1,Month-to-month,No,21.0,21.0,Electronic check,57.0,57.0,Medium
4193-ORFCL,Female,1,No,No,1,Month-to-month,DSL,45.1,45.1,Mailed check,71.98,71.98,High
1636-NTNCO,Male,1,No,No,4,Month-to-month,DSL,50.95,207.35,Credit card (automatic),80.34,80.34,High
3466-WAESX,Male,0,No,Yes,16,Month-to-month,DSL,69.1,1083.7,Electronic check,49.35,49.35,Medium
9281-PKKZE,Female,0,Yes,No,46,Month-to-month,DSL,43.95,2007.85,Electronic check,53.36,53.36,Medium
3638-VBZTA,Male,0,No,Yes,68,Two year,DSL,86.5,5882.75,Bank transfer (automatic),2.03,2.03,Low
7459-IMVYU,Male,0,No,No,38,Month-to-month,DSL,69.95,2657.55,Electronic check,28.14,28.14,Low
7776-QWNFX,Male,1,Yes,No,30,Month-to-month,DSL,50.4,1527.5,Bank transfer (automatic),45.38,45.38,Medium
6689-TCZHQ,Female,1,No,No,5,Month-to-month,Fiber optic,78.95,378.4,Electronic check,83.47,83.47,High
8563-OYMQY,Male,0,No,No,17,Month-to-month,Fiber optic,90.95,1612.2,Credit card (automatic),58.19,58.19,Medium
0754-EEBDC,Male,0,Yes,Yes,4,Two year,No,19.9,76.65,Mailed check,2.4,2.4,Low
5777-ZPQNC,Female,0,No,No,12,One year,No,20.15,260.7,Electronic check,16.02,16.02,Low
1951-IEYXM,Male,0,Yes,Yes,72,Two year,DSL,90.6,6441.85,Credit card (automatic),6.37,6.37,Low
3318-NMQXL,Male,0,No,No,3,Month-to-month,Fiber optic,92.0,266.8,Electronic check,89.08,89.08,High
3143-ILDAL,Male,0,No,No,56,Month-to-month,Fiber optic,94.45,5124.6,Electronic check,51.73,51.73,Medium
1022-RKXDR,Female,0,No,No,41,One year,No,24.85,962.25,Mailed check,5.24,5.24,Low
2361-FJWNO,Male,0,No,No,40,One year,DSL,36.0,1382.9,Credit card (automatic),12.5,12.5,Low
2272-UOINI,Female,0,No,No,7,Month-to-month,DSL,78.5,571.05,Electronic check,57.42,57.42,Medium
8232-UTFOZ,Male,0,No,No,69,Two year,No,19.95,1399.35,Credit card (automatic),2.69,2.69,Low
3750-YHRYO,Male,0,Yes,Yes,7,One year,No,20.65,150.0,Mailed check,9.1,9.1,Low
6637-KYRCV,Female,0,Yes,Yes,5,Month-to-month,DSL,30.5,167.2,Electronic check,63.96,63.96,High
5668-MEISB,Female,0,Yes,Yes,72,Two year,Fiber optic,106.1,7657.4,Credit card (automatic),5.66,5.66,Low
0129-QMPDR,Male,0,Yes,Yes,44,One year,No,20.5,865.05,Bank transfer (automatic),6.89,6.89,Low
7188-CBBBA,Female,0,No,No,65,One year,Fiber optic,95.5,6153.85,Electronic check,45.72,45.72,Medium
5356-CSVSQ,Female,0,No,No,3,Month-to-month,DSL,64.6,174.2,Electronic check,59.42,59.42,Medium
3221-CJMSG,Male,0,No,No,24,Month-to-month,DSL,51.1,1269.6,Credit card (automatic),45.93,45.93,Medium
4720-VSTSI,Female,0,No,No,44,Month-to-month,Fiber optic,84.8,3862.55,Bank transfer (automatic),51.78,51.78,Medium
3219-JQRSL,Female,1,Yes,No,72,Two year,DSL,89.1,6352.4,Credit card (automatic),5.7,5.7,Low
2801-NISEI,Male,0,No,No,24,Month-to-month,DSL,54.95,1348.5,Electronic check,43.7,43.7,Medium
3946-MHCZW,Male,0,No,No,1,Month-to-month,DSL,50.9,50.9,Mailed check,65.98,65.98,High
4623-ZKHLY,Male,0,Yes,No,22,Month-to-month,No,20.45,471.55,Bank transfer (automatic),34.22,34.22,Medium
6732-VAILE,Male,0,Yes,Yes,70,Two year,DSL,85.95,5931.75,Credit card (automatic),7.83,7.83,Low
8201-AAXCB,Male,0,Yes,Yes,25,Month-to-month,DSL,60.35,1404.65,Electronic check,55.41,55.41,Medium
7696-CFTAT,Male,0,Yes,Yes,37,Two year,No,19.8,726.1,Bank transfer (automatic),2.37,2.37,Low
1845-CSBRZ,Female,1,Yes,Yes,22,Month-to-month,Fiber optic,85.35,1961.6,Bank transfer (automatic),70.66,70.66,High
2123-VSCOT,Female,0,Yes,Yes,59,Two year,DSL,72.1,4194.85,Bank transfer (automatic),1.87,1.87,Low
6651-AZVTJ,Male,0,Yes,Yes,49,Month-to-month,Fiber optic,99.8,4872.45,Electronic check,70.81,70.81,High
4566-GOLUK,Male,0,Yes,Yes,47,Month-to-month,Fiber optic,107.35,5118.95,Bank transfer (automatic),45.43,45.43,Medium
2484-DGXPZ,Female,0,Yes,Yes,31,Month-to-month,No,19.55,658.95,Mailed check,35.52,35.52,Medium
2018-QKYGT,Male,0,Yes,Yes,1,Month-to-month,Fiber optic,81.05,81.05,Electronic check,84.29,84.29,High
2792-VPPET,Male,0,No,No,3,Month-to-month,No,20.5,76.95,Electronic check,50.13,50.13,Medium
7409-JURKQ,Female,0,Yes,No,53,One year,Fiber optic,111.8,5809.75,Bank transfer (automatic),32.55,32.55,Medium
3247-MHJKM,Male,0,No,No,1,Month-to-month,No,20.2,20.2,Mailed check,46.22,46.22,Medium
1964-SVLEA,Male,0,No,No,20,One year,No,19.7,415.9,Mailed check,13.21,13.21,Low
4587-NUKOX,Female,0,No,No,3,Month-to-month,Fiber optic,79.1,246.5,Electronic check,72.08,72.08,High
7297-DVYGA,Female,0,No,No,51,One year,No,19.85,996.95,Bank transfer (automatic),9.97,9.97,Low
2239-CGBUZ,Female,0,Yes,No,51,One year,DSL,60.5,3145.15,Bank transfer (automatic),4.59,4.59,Low
0854-UYHZD,Female,0,Yes,Yes,13,Two year,No,19.55,265.3,Mailed check,3.92,3.92,Low
7243-LCGGZ,Female,0,No,No,1,Month-to-month,No,20.9,20.9,Mailed check,48.87,48.87,Medium
8267-KFGYD,Male,0,No,Yes,1,Month-to-month,No,21.05,21.05,Mailed check,50.81,50.81,Medium
4890-VMUAV,Male,0,No,No,63,One year,DSL,71.5,4576.3,Electronic check,10.26,10.26,Low
9261-WDCAF,Male,0,No,No,3,Month-to-month,DSL,54.65,189.1,Mailed check,55.46,55.46,Medium
3764-MNMOI,Male,0,No,No,46,Two year,No,19.2,908.15,Credit card (automatic),3.83,3.83,Low
7442-YGZFK,Male,0,No,No,1,Month-to-month,DSL,49.8,49.8,Credit card (automatic),59.86,59.86,Medium
0420-BWTPW,Male,0,No,Yes,8,Month-to-month,DSL,25.5,215.2,Mailed check,62.07,62.07,High
8229-BUJHX,Female,0,Yes,Yes,71,Two year,No,20.5,1500.95,Bank transfer (automatic),2.41,2.41,Low
7449-HVPIV,Male,0,Yes,Yes,55,Month-to-month,Fiber optic,90.4,5099.15,Credit card (automatic),55.42,55.42,Medium
5504-WSIUR,Female,0,No,No,70,One year,Fiber optic,90.25,6385.95,Bank transfer (automatic),13.81,13.81,Low
8183-ONMXC,Female,0,No,No,2,Month-to-month,Fiber optic,80.75,159.45,Electronic check,81.47,81.47,High
8466-PZBLH,Male,0,Yes,Yes,67,Two year,Fiber optic,104.6,6885.75,Bank transfer (automatic),1.41,1.41,Low
9614-RMGHA,Male,0,Yes,No,65,Month-to-month,Fiber optic,91.85,5940.85,Bank transfer (automatic),56.59,56.59,Medium
8735-IJJEG,Male,0,Yes,No,14,Month-to-month,DSL,50.2,668.85,Credit card (automatic),39.65,39.65,Medium
0564-MUUQK,Female,0,Yes,Yes,20,Month-to-month,Fiber optic,95.5,1916.2,Bank transfer (automatic),59.73,59.73,Medium
5054-IEXZT,Male,0,No,Yes,1,Month-to-month,Fiber optic,75.35,75.35,Electronic check,79.05,79.05,High
5834-ASPWA,Male,0,No,No,1,Month-to-month,Fiber optic,75.45,75.45,Electronic check,83.75,83.75,High
0701-RFGFI,Female,0,Yes,Yes,49,Month-to-month,Fiber optic,95.4,4613.95,Bank transfer (automatic),56.45,56.45,Medium
0019-EFAEP,Female,0,No,No,72,Two year,Fiber optic,101.3,7261.25,Bank transfer (automatic),6.11,6.11,Low
5619-PTMIK,Female,0,Yes,No,46,Month-to-month,DSL,53.1,2459.8,Electronic check,29.45,29.45,Low
3737-XBQDD,Male,0,No,No,24,Month-to-month,Fiber optic,84.85,2048.8,Bank transfer (automatic),66.6,66.6,High
5882-CMAZQ,Female,0,Yes,Yes,5,Month-to-month,DSL,34.25,163.55,Electronic check,45.03,45.03,Medium
5846-QFDFI,Female,0,Yes,Yes,33,Month-to-month,Fiber optic,88.6,2888.7,Credit card (automatic),47.87,47.87,Medium
4445-KWOKW,Female,0,No,No,42,One year,DSL,60.15,2421.6,Bank transfer (automatic),6.51,6.51,Low
3511-APPBJ,Male,0,No,No,23,One year,Fiber optic,99.95,2292.75,Credit card (automatic),46.08,46.08,Medium
7967-HYCDE,Male,0,No,No,8,Month-to-month,Fiber optic,70.7,553.4,Bank transfer (automatic),63.36,63.36,High
2430-RRYUW,Male,0,No,No,66,One year,DSL,54.8,3465.7,Mailed check,11.41,11.41,Low
3948-XHGNA,Male,0,No,No,24,Month-to-month,DSL,49.55,1210.4,Bank transfer (automatic),37.53,37.53,Medium
3723-BFBGR,Male,1,No,No,24,Month-to-month,DSL,54.8,1291.3,Credit card (automatic),40.24,40.24,Medium
0565-IYCGT,Male,0,No,No,69,One year,DSL,78.6,5356.45,Credit card (automatic),28.62,28.62,Low
5447-WZAFP,Female,0,No,No,53,One year,Fiber optic,100.3,5200.8,Mailed check,47.03,47.03,Medium
5110-CHOPY,Female,0,No,No,60,Two year,DSL,53.6,3237.05,Electronic check,10.18,10.18,Low
5445-UTODQ,Female,0,Yes,No,7,Month-to-month,Fiber optic,81.1,576.65,Electronic check,81.94,81.94,High
4425-OWHWB,Female,0,No,No,20,One year,No,19.35,433.75,Credit card (automatic),15.77,15.77,Low
7892-QVYKW,Female,0,Yes,Yes,23,Month-to-month,Fiber optic,85.6,1868.4,Electronic check,62.68,62.68,High
9675-ICXCT,Male,0,Yes,Yes,72,Two year,DSL,80.8,5728.55,Electronic check,3.24,3.24,Low
1024-VRZHF,Male,0,Yes,No,11,Month-to-month,Fiber optic,74.95,825.7,Electronic check,79.13,79.13,High
4703-MQYKT,Male,0,No,No,21,Two year,No,19.6,390.4,Mailed check,5.06,5.06,Low
9497-QCMMS,Male,1,No,No,1,Month-to-month,Fiber optic,93.55,93.55,Electronic check,93.28,93.28,High
5692-ICXLW,Male,1,No,No,31,Month-to-month,Fiber optic,90.7,2845.15,Electronic check,72.84,72.84,High
0602-DDUML,Female,0,No,No,57,Two year,DSL,69.75,3894.4,Mailed check,6.35,6.35,Low
2208-MPXIO,Female,0,Yes,Yes,45,Two year,No,20.0,886.4,Bank transfer (automatic),3.41,3.41,Low
1960-UYCNN,Male,0,No,No,10,Month-to-month,Fiber optic,95.25,1021.55,Electronic check,83.85,83.85,High
0348-SDKOL,Female,0,Yes,No,58,Month-to-month,Fiber optic,102.1,5885.4,Credit card (automatic),41.9,41.9,Medium
3190-FZATL,Male,0,No,Yes,14,Month-to-month,No,19.95,268.4,Mailed check,43.01,43.01,Medium
7336-RLLRH,Male,0,Yes,No,27,One year,DSL,80.85,2204.35,Mailed check,10.01,10.01,Low
4373-MAVJG,Female,0,Yes,Yes,14,Month-to-month,Fiber optic,90.9,1259.0,Bank transfer (automatic),79.06,79.06,High
8901-HJXTF,Female,0,Yes,Yes,12,Month-to-month,DSL,29.2,309.1,Mailed check,52.63,52.63,Medium
7710-JSYOA,Female,0,Yes,Yes,69,Two year,Fiber optic,93.3,6398.05,Bank transfer (automatic),9.79,9.79,Low
5419-KLXBN,Female,0,Yes,Yes,25,Month-to-month,Fiber optic,89.15,2257.75,Bank transfer (automatic),64.91,64.91,High
3424-NMNBO,Male,1,Yes,No,58,One year,Fiber optic,108.85,6287.25,Electronic check,48.31,48.31,Medium
9885-MFVSU,Female,0,Yes,Yes,35,Two year,DSL,46.35,1662.05,Credit card (automatic),3.15,3.15,Low
4514-GFCFI,Female,1,No,No,16,Month-to-month,Fiber optic,84.75,1350.15,Electronic check,85.01,85.01,High
0607-MVMGC,Male,0,Yes,Yes,45,One year,DSL,78.75,3600.65,Credit card (automatic),21.97,21.97,Low
3365-SAIGS,Female,0,No,No,17,Month-to-month,Fiber optic,83.55,1329.15,Electronic check,75.16,75.16,High
9828-AOQLM,Female,0,Yes,Yes,1,Month-to-month,DSL,45.7,45.7,Electronic check,64.72,64.72,High
8022-BECSI,Male,0,No,No,22,One year,No,19.6,422.5,Mailed check,11.5,11.5,Low
8000-REIQB,Female,1,No,No,1,Month-to-month,Fiber optic,69.95,69.95,Electronic check,84.36,84.36,High
9993-LHIEB,Male,0,Yes,Yes,67,Two year,DSL,67.85,4627.65,Mailed check,0.93,0.93,Low
0266-CLZKZ,Female,0,Yes,Yes,67,Two year,Fiber optic,105.65,6717.9,Bank transfer (automatic),15.96,15.96,Low
7615-ESMYF,Female,0,Yes,No,2,Month-to-month,DSL,44.6,97.1,Electronic check,79.36,79.36,High
3858-VOBET,Male,0,No,No,23,Month-to-month,Fiber optic,74.95,1710.45,Electronic check,72.65,72.65,High
7020-OZKXZ,Female,1,No,No,9,Month-to-month,Fiber optic,75.5,637.4,Credit card (automatic),69.0,69.0,High
3977-QCRSL,Female,0,No,No,5,Month-to-month,No,20.15,117.95,Mailed check,48.14,48.14,Medium
0017-DINOC,Male,0,No,No,54,Two year,DSL,45.2,2460.55,Credit card (automatic),2.94,2.94,Low
1447-PJGGA,Female,0,No,No,57,Two year,Fiber optic,95.25,5464.65,Electronic check,29.74,29.74,Low
8565-CLBZW,Male,0,No,No,24,Month-to-month,Fiber optic,89.85,2165.05,Mailed check,76.28,76.28,High
9139-WQQDY,Female,0,Yes,Yes,49,One year,Fiber optic,100.45,4941.8,Mailed check,32.46,32.46,Medium
0224-HJAPT,Male,0,No,No,5,Month-to-month,DSL,47.15,223.15,Electronic check,70.65,70.65,High
8086-OVPWV,Male,0,No,No,2,Month-to-month,Fiber optic,80.2,181.1,Electronic check,85.73,85.73,High
9430-FRQOC,Female,0,No,Yes,4,Month-to-month,Fiber optic,87.1,341.45,Mailed check,73.07,73.07,High
7639-OPLNG,Male,0,Yes,Yes,70,Two year,DSL,79.25,5731.85,Bank transfer (automatic),0.5,0.5,Low
3074-GQWYX,Male,0,No,No,5,Month-to-month,Fiber optic,75.9,357.75,Bank transfer (automatic),78.48,78.48,High
1492-QGCLU,Male,0,Yes,Yes,53,Month-to-month,DSL,85.7,4616.1,Electronic check,20.43,20.43,Low
6845-RGTYS,Female,0,Yes,No,47,Month-to-month,Fiber optic,98.75,4533.7,Electronic check,54.56,54.56,Medium
7328-OWMOM,Female,0,No,Yes,31,One year,No,20.1,589.25,Credit card (automatic),10.02,10.02,Low
4418-LZMSV,Male,0,Yes,Yes,13,Month-to-month,DSL,61.8,750.1,Bank transfer (automatic),43.83,43.83,Medium
5155-AZQPB,Female,0,Yes,Yes,28,Month-to-month,DSL,49.9,1410.25,Mailed check,33.85,33.85,Medium
8861-HGGKB,Female,0,No,No,10,Month-to-month,Fiber optic,86.45,830.85,Electronic check,84.63,84.63,High
1087-GRUYI,Male,0,Yes,No,38,Two year,No,20.4,743.5,Bank transfer (automatic),2.49,2.49,Low
7065-YUNRY,Female,0,No,No,1,Month-to-month,DSL,45.3,45.3,Mailed check,65.35,65.35,High
7694-VLBWQ,Male,0,Yes,No,67,One year,Fiber optic,104.1,7040.85,Electronic check,55.84,55.84,Medium
2546-KZAAT,Male,0,Yes,No,52,One year,DSL,75.4,3865.45,Mailed check,16.81,16.81,Low
0181-RITDD,Male,0,Yes,Yes,62,Two year,Fiber optic,108.15,6825.65,Mailed check,2.33,2.33,Low
5989-PGKJB,Female,0,No,No,16,Month-to-month,Fiber optic,86.25,1340.1,Electronic check,76.21,76.21,High
4795-KTRTH,Female,1,Yes,No,5,Month-to-month,Fiber optic,81.0,371.65,Electronic check,87.94,87.94,High
8272-ONJLV,Male,0,No,No,12,One year,Fiber optic,95.7,1184.0,Electronic check,66.12,66.12,High
1488-PBLJN,Female,0,Yes,Yes,72,Two year,Fiber optic,116.85,8477.7,Bank transfer (automatic),4.42,4.42,Low
0308-GIQJT,Male,1,No,No,71,One year,Fiber optic,105.75,7382.85,Bank transfer (automatic),27.03,27.03,Low
3778-FOAQW,Female,0,Yes,No,24,One year,No,20.15,456.85,Mailed check,8.89,8.89,Low
4452-ROHMO,Female,0,No,No,15,Two year,No,19.6,331.6,Mailed check,6.85,6.85,Low
6481-OGDOO,Male,0,Yes,No,67,One year,Fiber optic,90.6,6056.15,Credit card (automatic),21.65,21.65,Low
3090-LETTY,Male,0,No,Yes,2,Month-to-month,DSL,60.95,134.6,Bank transfer (automatic),42.64,42.64,Medium
5349-AZPEW,Female,0,Yes,Yes,5,Month-to-month,DSL,25.05,125.5,Mailed check,55.31,55.31,Medium
3753-TSEMP,Female,0,Yes,No,15,Month-to-month,Fiber optic,88.15,1390.6,Electronic check,73.8,73.8,High
8305-VHZBZ,Male,0,No,No,1,Month-to-month,No,20.2,20.2,Mailed check,51.89,51.89,Medium
9720-JJJOR,Male,0,Yes,Yes,41,One year,DSL,60.3,2511.3,Bank transfer (automatic),5.77,5.77,Low
8100-HZZLJ,Female,0,No,Yes,43,Month-to-month,DSL,63.95,2737.05,Electronic check,23.03,23.03,Low
8775-ERLNB,Male,1,Yes,No,1,Month-to-month,Fiber optic,74.3,74.3,Electronic check,85.19,85.19,High
8309-IEYJD,Female,1,No,No,1,Month-to-month,Fiber optic,70.6,70.6,Mailed check,85.28,85.28,High
9172-JITSM,Female,0,Yes,Yes,26,Month-to-month,Fiber optic,90.8,2361.8,Electronic check,67.88,67.88,High
6298-QDFNH,Male,0,No,No,22,Month-to-month,Fiber optic,79.35,1730.35,Electronic check,73.74,73.74,High
7398-HPYZQ,Male,0,Yes,No,71,Two year,DSL,90.55,6404.0,Bank transfer (automatic),1.57,1.57,Low
3546-GHEAE,Male,0,No,No,7,Two year,No,19.45,165.35,Mailed check,6.47,6.47,Low
7361-YPXFS,Female,1,No,No,28,Month-to-month,DSL,64.45,1867.6,Bank transfer (automatic),23.88,23.88,Low
6557-BZXLQ,Male,1,No,No,16,Month-to-month,Fiber optic,69.65,1043.3,Electronic check,66.1,66.1,High
2550-QHZGP,Male,0,No,No,7,One year,No,19.5,128.6,Mailed check,13.13,13.13,Low
7519-JTWQH,Female,0,No,No,69,Two year,Fiber optic,110.5,7455.45,Bank transfer (automatic),20.99,20.99,Low
2538-OIMXF,Female,0,No,Yes,1,Month-to-month,DSL,24.7,24.7,Mailed check,58.96,58.96,Medium
8543-MSDMF,Male,0,No,No,3,Month-to-month,DSL,77.4,206.15,Electronic check,70.08,70.08,High
9961-JBNMK,Male,1,No,No,21,Month-to-month,Fiber optic,96.8,2030.3,Bank transfer (automatic),78.12,78.12,High
1170-SASML,Female,0,Yes,No,69,Month-to-month,Fiber optic,85.4,5869.4,Bank transfer (automatic),35.45,35.45,Medium
4872-JCVCA,Female,0,Yes,No,71,Two year,DSL,47.6,3377.8,Bank transfer (automatic),0.37,0.37,Low
5346-BZCHP,Female,0,Yes,Yes,69,Two year,No,19.4,1346.2,Mailed check,2.18,2.18,Low
2038-LLMLM,Female,0,No,No,48,Month-to-month,Fiber optic,103.85,4946.05,Electronic check,61.79,61.79,High
6173-ITPWD,Male,0,Yes,No,47,Month-to-month,Fiber optic,83.35,4065.0,Bank transfer (automatic),55.17,55.17,Medium
9734-UYXQI,Female,0,No,No,2,Month-to-month,DSL,49.4,106.55,Electronic check,73.38,73.38,High
1216-BGTSP,Male,0,No,No,45,Month-to-month,Fiber optic,108.45,4964.7,Credit card (automatic),41.86,41.86,Medium
4138-NAXED,Male,0,No,No,51,Month-to-month,Fiber optic,81.0,4085.75,Bank transfer (automatic),38.42,38.42,Medium
2189-UXTKY,Female,0,Yes,No,22,Month-to-month,DSL,79.2,1742.75,Electronic check,54.58,54.58,Medium
0744-BIKKF,Male,0,No,No,72,Two year,DSL,86.65,6224.8,Bank transfer (automatic),2.13,2.13,Low
7483-IQWIB,Male,0,Yes,Yes,37,Month-to-month,Fiber optic,92.95,3415.25,Electronic check,73.66,73.66,High
5248-KWLAR,Male,0,Yes,Yes,71,Two year,DSL,90.35,6325.25,Electronic check,3.03,3.03,Low
4958-GZWIY,Male,0,Yes,Yes,7,Month-to-month,DSL,48.7,340.25,Electronic check,61.05,61.05,High
7996-MHXLW,Female,0,No,No,66,Two year,No,25.15,1683.6,Credit card (automatic),4.72,4.72,Low
7833-PKIHD,Male,0,Yes,Yes,51,One year,DSL,76.4,3966.3,Bank transfer (automatic),10.14,10.14,Low
7061-OVMIM,Female,0,Yes,Yes,30,One year,No,19.55,608.5,Bank transfer (automatic),12.43,12.43,Low
5153-RTHKF,Female,0,No,No,34,Month-to-month,Fiber optic,85.35,2896.6,Electronic check,69.99,69.99,High
1852-QSWCD,Male,0,Yes,Yes,64,Two year,No,24.8,1514.85,Mailed check,1.32,1.32,Low
4832-VRBMR,Male,1,Yes,No,65,One year,Fiber optic,103.15,6792.45,Bank transfer (automatic),44.77,44.77,Medium
9079-LWTFD,Male,0,No,No,47,Month-to-month,Fiber optic,100.75,4669.2,Mailed check,18.87,18.87,Low
6356-ELRKD,Female,0,No,No,1,Month-to-month,Fiber optic,95.6,95.6,Electronic check,87.77,87.77,High
8624-GIOUT,Female,0,No,No,49,Month-to-month,DSL,59.75,2934.3,Credit card (automatic),40.18,40.18,Medium
3392-EHMNK,Female,0,Yes,Yes,67,Two year,Fiber optic,94.1,6302.8,Credit card (automatic),10.31,10.31,Low
5986-WWXDV,Male,0,No,Yes,39,One year,No,19.35,779.2,Bank transfer (automatic),10.96,10.96,Low
3061-BCKYI,Male,0,No,No,14,Month-to-month,No,19.9,283.75,Mailed check,44.6,44.6,Medium
6179-GJPSO,Female,1,No,No,43,Month-to-month,Fiber optic,108.15,4600.7,Credit card (automatic),53.72,53.72,Medium
7901-TBKJX,Male,1,No,No,56,Month-to-month,Fiber optic,101.05,5594.0,Electronic check,68.95,68.95,High
7228-PAQPD,Female,0,No,No,14,One year,DSL,59.1,772.85,Credit card (automatic),26.55,26.55,Low
3177-LASXD,Female,0,No,No,1,Month-to-month,Fiber optic,71.35,71.35,Electronic check,76.62,76.62,High
7746-QYVCO,Male,0,Yes,Yes,16,One year,DSL,55.85,857.8,Mailed check,7.99,7.99,Low
5804-HYIEZ,Male,0,Yes,Yes,70,Month-to-month,Fiber optic,106.05,7554.05,Electronic check,34.03,34.03,Medium
9919-FZDED,Male,1,Yes,No,72,Two year,DSL,84.1,5981.65,Credit card (automatic),10.35,10.35,Low
5934-TSSAU,Female,0,Yes,Yes,23,Month-to-month,Fiber optic,75.3,1702.9,Credit card (automatic),60.3,60.3,High
3486-KHMLI,Male,0,No,Yes,21,Month-to-month,No,24.7,467.15,Mailed check,39.26,39.26,Medium
4897-QSUYC,Female,0,No,No,1,Month-to-month,No,20.15,20.15,Mailed check,53.63,53.63,Medium
1084-UQCHV,Male,0,No,Yes,1,Month-to-month,Fiber optic,69.75,69.75,Bank transfer (automatic),69.49,69.49,High
8290-YWKHZ,Female,1,Yes,No,32,Month-to-month,Fiber optic,93.2,2931.0,Electronic check,82.53,82.53,High
2955-BJZHG,Male,0,Yes,Yes,17,Month-to-month,Fiber optic,80.85,1400.85,Electronic check,75.82,75.82,High
3806-DXQOM,Female,0,No,No,4,Month-to-month,DSL,33.65,137.85,Electronic check,65.8,65.8,High
6784-XYJAE,Female,0,No,No,36,One year,DSL,55.8,1941.5,Electronic check,25.84,25.84,Low
3933-DQPWX,Female,0,No,No,50,Two year,DSL,39.7,1932.75,Credit card (automatic),4.4,4.4,Low
6661-EIPZC,Female,0,Yes,Yes,48,Month-to-month,DSL,29.5,1423.05,Credit card (automatic),30.39,30.39,Medium
8957-THMOA,Female,0,No,Yes,50,Two year,No,20.15,970.85,Credit card (automatic),3.0,3.0,Low
2251-PYLPB,Male,0,Yes,No,72,Two year,DSL,79.55,5810.9,Credit card (automatic),4.92,4.92,Low
5555-RNPGT,Male,0,No,Yes,10,Month-to-month,No,24.8,223.9,Credit card (automatic),32.98,32.98,Medium
1057-FOGLZ,Female,0,No,No,18,Month-to-month,No,19.65,391.7,Mailed check,44.31,44.31,Medium
9300-RENDD,Male,0,No,No,1,Month-to-month,Fiber optic,79.95,79.95,Electronic check,84.6,84.6,High
0761-AETCS,Female,0,No,No,1,Month-to-month,No,19.3,19.3,Electronic check,48.57,48.57,Medium
8087-LGYHQ,Male,0,No,No,9,Month-to-month,Fiber optic,94.05,811.65,Electronic check,86.69,86.69,High
4137-BTIKL,Male,0,No,No,2,Month-to-month,Fiber optic,90.75,174.75,Mailed check,78.81,78.81,High
2190-BCXEC,Female,0,Yes,No,40,Month-to-month,Fiber optic,78.85,3126.85,Credit card (automatic),52.11,52.11,Medium
6227-FBDXH,Male,0,Yes,No,69,One year,Fiber optic,99.5,6841.45,Bank transfer (automatic),31.6,31.6,Medium
2153-MREFK,Female,0,Yes,No,37,One year,Fiber optic,99.2,3754.6,Electronic check,40.21,40.21,Medium
2911-WDXMV,Male,0,No,Yes,18,Month-to-month,Fiber optic,80.55,1406.65,Credit card (automatic),65.48,65.48,High
7206-PQBBZ,Male,1,Yes,No,11,Month-to-month,Fiber optic,70.2,834.7,Electronic check,75.28,75.28,High
3106-ULWFW,Female,0,Yes,No,8,Month-to-month,Fiber optic,85.2,627.4,Credit card (automatic),82.2,82.2,High
0925-VYDLG,Female,0,No,No,3,Month-to-month,Fiber optic,75.25,242.0,Electronic check,82.17,82.17,High
4547-FZJWE,Male,0,Yes,Yes,55,One year,DSL,59.45,3157.0,Credit card (automatic),10.24,10.24,Low
7422-WNBTY,Male,0,Yes,No,33,Month-to-month,Fiber optic,93.35,3092.0,Electronic check,76.99,76.99,High
0842-IWYCP,Female,0,No,No,46,Month-to-month,DSL,44.95,2168.9,Bank transfer (automatic),31.31,31.31,Medium
3521-HTQTV,Male,0,No,No,34,Two year,No,26.1,980.35,Bank transfer (automatic),3.3,3.3,Low
3744-ZBHON,Female,0,No,No,3,Month-to-month,No,20.2,65.95,Electronic check,48.6,48.6,Medium
3373-DIUUN,Male,0,Yes,Yes,30,Two year,No,21.25,711.9,Mailed check,1.95,1.95,Low
8383-SGHJU,Female,0,No,No,33,One year,DSL,59.4,1952.8,Electronic check,7.64,7.64,Low
7607-QKKTJ,Male,0,Yes,Yes,45,One year,Fiber optic,95.0,4368.85,Credit card (automatic),34.45,34.45,Medium
7707-PYBBH,Male,0,No,No,40,Month-to-month,DSL,61.9,2647.1,Mailed check,21.82,21.82,Low
8984-HPEMB,Female,0,No,No,71,Two year,Fiber optic,118.65,8477.6,Electronic check,13.83,13.83,Low
4349-GFQHK,Male,0,No,No,1,Month-to-month,DSL,54.35,54.35,Electronic check,71.45,71.45,High
4139-DETXS,Female,0,Yes,Yes,72,Two year,DSL,64.45,4528.0,Bank transfer (automatic),2.62,2.62,Low
9779-DPNEJ,Female,0,Yes,Yes,22,Month-to-month,Fiber optic,80.15,1790.65,Electronic check,63.6,63.6,High
9805-FILKB,Male,0,Yes,Yes,46,One year,No,20.2,845.6,Bank transfer (automatic),6.92,6.92,Low
5793-YOLJN,Female,0,Yes,Yes,55,Two year,No,21.0,1210.3,Mailed check,2.48,2.48,Low
0673-IGUQO,Male,0,No,No,1,Month-to-month,No,20.45,20.45,Mailed check,46.25,46.25,Medium
4123-FCVCB,Female,0,No,No,12,One year,DSL,75.85,854.45,Mailed check,32.13,32.13,Medium
8819-IMISP,Male,0,No,No,31,Month-to-month,Fiber optic,80.45,2429.1,Electronic check,68.57,68.57,High
7802-EFKNY,Male,0,Yes,No,5,Month-to-month,DSL,24.95,100.4,Electronic check,82.32,82.32,High
8311-UEUAB,Female,0,Yes,Yes,67,Two year,DSL,75.5,5229.45,Electronic check,7.44,7.44,Low
5858-EAFCZ,Male,0,No,No,1,Month-to-month,DSL,44.45,44.45,Mailed check,66.78,66.78,High
8035-BUYVG,Male,0,Yes,No,40,One year,DSL,42.35,1716.45,Electronic check,10.1,10.1,Low
1163-ONYEY,Male,0,Yes,Yes,41,Month-to-month,DSL,74.55,3023.55,Credit card (automatic),37.8,37.8,Medium
9787-XVQIU,Male,0,No,No,1,Month-to-month,Fiber optic,75.3,75.3,Electronic check,83.75,83.75,High
8945-MUQUF,Male,0,No,No,51,One year,Fiber optic,94.8,4837.6,Electronic check,33.79,33.79,Medium
5656-MJEFC,Male,0,Yes,Yes,42,Two year,DSL,48.15,2032.3,Credit card (automatic),2.48,2.48,Low
6082-OQFBA,Male,0,Yes,Yes,23,One year,No,19.65,436.9,Mailed check,7.25,7.25,Low
8051-HJRLT,Female,1,No,No,1,Month-to-month,Fiber optic,70.55,70.55,Electronic check,84.39,84.39,High
8974-OVACP,Female,0,No,No,1,Month-to-month,No,20.15,20.15,Mailed check,48.75,48.75,Medium
4010-YLMVT,Female,0,No,No,56,Month-to-month,Fiber optic,106.6,5893.95,Credit card (automatic),47.88,47.88,Medium
1379-FRVEB,Male,0,No,Yes,15,Month-to-month,Fiber optic,91.0,1430.05,Electronic check,79.13,79.13,High
8612-GXIDD,Male,0,Yes,Yes,12,Two year,No,25.4,313.0,Bank transfer (automatic),2.77,2.77,Low
6288-CHQJB,Female,0,Yes,Yes,54,Two year,DSL,69.95,3871.85,Bank transfer (automatic),1.28,1.28,Low
8160-HOWOX,Female,0,No,No,7,Month-to-month,DSL,66.85,458.1,Electronic check,72.16,72.16,High
3023-GFLBR,Female,0,Yes,Yes,33,Month-to-month,Fiber optic,86.15,2745.7,Credit card (automatic),50.35,50.35,Medium
6648-INWPS,Male,0,Yes,Yes,16,Month-to-month,No,20.15,341.35,Electronic check,34.35,34.35,Medium
4223-BKEOR,Female,0,No,Yes,21,One year,DSL,64.85,1336.8,Mailed check,11.58,11.58,Low
4079-VTGLK,Male,1,Yes,No,30,Two year,DSL,74.85,2181.75,Electronic check,22.2,22.2,Low
1763-WQFUK,Male,0,No,No,3,Month-to-month,DSL,50.5,147.75,Mailed check,54.22,54.22,Medium
1391-UBDAR,Male,0,No,No,11,Month-to-month,Fiber optic,72.9,818.45,Electronic check,69.52,69.52,High
8894-JVDCV,Female,0,No,No,62,One year,Fiber optic,115.05,7133.45,Credit card (automatic),49.62,49.62,Medium
2023-VQFDL,Male,0,No,No,18,Month-to-month,No,19.0,348.8,Electronic check,40.16,40.16,Medium
1345-GKDZZ,Male,0,No,Yes,6,Month-to-month,No,19.55,128.6,Mailed check,44.71,44.71,Medium
2014-MKGMH,Female,0,No,No,46,One year,Fiber optic,101.1,4674.4,Electronic check,60.8,60.8,High
5628-FCGYG,Male,0,No,No,21,Month-to-month,Fiber optic,84.1,1737.45,Electronic check,79.0,79.0,High
2560-WBWXF,Male,0,No,No,68,Two year,No,24.15,1498.85,Bank transfer (automatic),2.97,2.97,Low
0248-IPDFW,Female,0,No,No,1,Month-to-month,DSL,50.1,50.1,Electronic check,73.93,73.93,High
7978-DKUQH,Female,0,Yes,No,25,Month-to-month,Fiber optic,74.6,1797.75,Electronic check,63.62,63.62,High
4335-UPJSI,Female,0,No,Yes,24,Two year,No,19.75,498.1,Mailed check,6.33,6.33,Low
0524-IAVZO,Female,0,Yes,No,30,Month-to-month,Fiber optic,85.0,2624.25,Electronic check,76.78,76.78,High
2737-YNGYW,Female,0,No,No,2,Month-to-month,Fiber optic,80.55,184.1,Electronic check,81.34,81.34,High
1784-EZDKJ,Male,0,Yes,No,51,One year,Fiber optic,106.8,5498.8,Bank transfer (automatic),58.22,58.22,Medium
9297-FVVDH,Female,0,Yes,Yes,57,Two year,DSL,84.5,4845.4,Electronic check,5.95,5.95,Low
8007-YYPWD,Female,0,No,No,15,Two year,No,25.05,369.1,Bank transfer (automatic),3.97,3.97,Low
7101-HRBLJ,Female,0,Yes,Yes,72,Two year,DSL,83.7,6096.9,Bank transfer (automatic),3.17,3.17,Low
5159-YFPKQ,Female,0,No,No,2,Month-to-month,Fiber optic,75.8,160.75,Electronic check,81.04,81.04,High
6635-CPNUN,Male,0,Yes,No,28,Month-to-month,Fiber optic,96.6,2684.35,Credit card (automatic),59.4,59.4,Medium
4021-RQSNY,Male,1,Yes,No,29,Month-to-month,Fiber optic,98.5,3004.15,Electronic check,82.84,82.84,High
5453-YBTWV,Male,0,Yes,Yes,70,Two year,Fiber optic,101.1,6994.8,Credit card (automatic),3.79,3.79,Low
5039-LZRQT,Female,0,No,No,13,One year,No,20.2,273.25,Mailed check,13.07,13.07,Low
2931-VUVJN,Female,1,Yes,No,59,One year,Fiber optic,94.05,5483.9,Electronic check,7.84,7.84,Low
9061-TIHDA,Male,1,Yes,No,13,Month-to-month,Fiber optic,95.25,1233.65,Electronic check,89.35,89.35,High
8699-ASUFO,Male,1,Yes,No,7,Month-to-month,Fiber optic,74.4,527.9,Mailed check,84.45,84.45,High
6418-PIQSP,Female,0,Yes,No,62,Two year,DSL,81.0,4985.9,Mailed check,2.32,2.32,Low
8220-OCUFY,Female,0,No,No,21,One year,DSL,60.25,1258.35,Electronic check,17.93,17.93,Low
3995-WFCSM,Female,0,No,No,2,Month-to-month,DSL,60.85,111.4,Electronic check,64.89,64.89,High
1895-QTKDO,Female,0,No,No,1,Month-to-month,DSL,43.95,43.95,Credit card (automatic),61.28,61.28,High
2038-OEQZH,Male,0,No,No,4,Month-to-month,Fiber optic,86.05,308.1,Electronic check,81.57,81.57,High
1178-PZGAB,Female,0,No,No,19,One year,No,20.25,383.65,Credit card (automatic),12.4,12.4,Low
7927-AUXBZ,Female,0,No,No,30,Month-to-month,Fiber optic,85.15,2555.9,Electronic check,55.12,55.12,Medium
2626-VEEWG,Male,0,Yes,Yes,67,Two year,No,19.4,1284.2,Credit card (automatic),2.35,2.35,Low
2878-RMWXY,Male,1,Yes,No,72,Two year,Fiber optic,102.65,7550.3,Credit card (automatic),11.72,11.72,Low
1657-DYMBM,Male,0,Yes,No,53,Two year,No,19.9,1110.05,Credit card (automatic),2.17,2.17,Low
7311-MQJCH,Female,0,No,No,5,One year,No,19.55,99.6,Electronic check,17.04,17.04,Low
7375-WMVMT,Male,1,Yes,No,71,Two year,Fiber optic,95.5,6707.15,Credit card (automatic),8.05,8.05,Low
1136-XGEQU,Female,0,Yes,Yes,50,One year,DSL,84.15,4164.4,Credit card (automatic),24.2,24.2,Low
2530-FMFXO,Male,0,Yes,Yes,56,Two year,Fiber optic,103.2,5873.75,Electronic check,24.39,24.39,Low
6844-DZKRF,Male,0,No,No,2,Month-to-month,DSL,50.2,109.25,Credit card (automatic),49.29,49.29,Medium
4695-WJZUE,Female,1,No,No,2,Month-to-month,Fiber optic,88.55,179.25,Electronic check,93.26,93.26,High
7619-ODSGN,Male,0,Yes,Yes,24,Month-to-month,DSL,54.75,1338.15,Electronic check,43.28,43.28,Medium
5970-GHJAW,Male,0,Yes,Yes,46,Two year,No,19.95,862.4,Credit card (automatic),1.92,1.92,Low
8879-XUAHX,Male,0,Yes,No,71,Two year,Fiber optic,116.25,8564.75,Electronic check,6.68,6.68,Low
3689-MOZGR,Female,0,No,No,29,Month-to-month,DSL,31.2,926.2,Electronic check,42.95,42.95,Medium
4195-PNGZS,Male,0,Yes,Yes,69,Two year,No,24.45,1718.2,Bank transfer (automatic),1.43,1.43,Low
5003-XZWWO,Male,0,Yes,No,71,Two year,DSL,84.2,5956.85,Credit card (automatic),5.94,5.94,Low
3988-RQIXO,Female,1,No,No,1,Month-to-month,Fiber optic,91.3,91.3,Electronic check,92.01,92.01,High
7622-FWGEW,Male,1,Yes,No,56,Two year,DSL,85.65,4824.45,Bank transfer (automatic),2.51,2.51,Low
6922-NCEDI,Male,0,No,Yes,56,One year,No,21.2,1238.65,Mailed check,8.85,8.85,Low
2514-GINMM,Male,0,No,No,1,Month-to-month,Fiber optic,79.5,79.5,Electronic check,84.57,84.57,High
9891-NQDBD,Female,0,Yes,No,28,One year,No,25.55,672.2,Mailed check,4.27,4.27,Low
6131-IUNXN,Female,0,Yes,Yes,19,Month-to-month,No,20.2,382.2,Mailed check,37.57,37.57,Medium
8548-AWOFC,Male,0,Yes,No,66,Month-to-month,DSL,63.85,4264.6,Electronic check,20.44,20.44,Low
9798-DRYDS,Female,0,Yes,Yes,17,One year,DSL,61.95,1070.7,Mailed check,7.57,7.57,Low
8532-UEFWH,Male,0,Yes,Yes,52,Two year,No,25.75,1345.85,Mailed check,1.26,1.26,Low
6296-DDOOR,Female,0,No,No,19,One year,DSL,58.2,1045.25,Electronic check,35.28,35.28,Medium
7951-VRDVK,Female,0,No,No,36,One year,DSL,85.85,3003.55,Bank transfer (automatic),36.56,36.56,Medium
5931-FLJJF,Male,1,Yes,No,7,Month-to-month,Fiber optic,70.1,467.55,Mailed check,78.44,78.44,High
4815-YOSUK,Male,0,Yes,Yes,72,One year,Fiber optic,104.9,7537.5,Credit card (automatic),30.74,30.74,Medium
2659-VXMWZ,Male,0,Yes,Yes,67,One year,Fiber optic,111.3,7482.1,Electronic check,39.95,39.95,Medium
0380-NEAVX,Male,1,No,No,34,One year,Fiber optic,99.85,3343.15,Electronic check,54.8,54.8,Medium
3207-OYBWH,Male,1,Yes,No,57,Month-to-month,Fiber optic,95.25,5427.05,Bank transfer (automatic),46.12,46.12,Medium
4285-GYRQC,Female,0,Yes,No,7,Month-to-month,Fiber optic,86.25,587.1,Electronic check,82.63,82.63,High
7216-EWTRS,Female,1,Yes,No,1,Month-to-month,Fiber optic,100.8,100.8,Electronic check,95.38,95.38,High
4365-MSDYN,Male,0,Yes,No,8,Month-to-month,No,19.55,161.15,Bank transfer (automatic),39.9,39.9,Medium
7036-TYDEC,Female,0,No,No,69,Two year,Fiber optic,104.0,7028.5,Electronic check,18.63,18.63,Low
5802-ADBRC,Female,0,Yes,No,50,One year,Fiber optic,104.4,5232.9,Mailed check,43.34,43.34,Medium
8076-FEZKJ,Male,0,No,No,10,One year,No,19.5,225.85,Mailed check,12.77,12.77,Low
5197-YPYBZ,Female,0,Yes,Yes,12,Two year,No,25.25,274.7,Credit card (automatic),7.5,7.5,Low
8337-MSSXB,Female,0,No,No,14,Month-to-month,Fiber optic,86.3,1180.95,Electronic check,77.54,77.54,High
4312-GVYNH,Female,0,Yes,No,70,Two year,DSL,49.85,3370.2,Bank transfer (automatic),1.81,1.81,Low
8495-LJDFO,Female,1,No,No,64,Month-to-month,Fiber optic,108.95,7111.3,Bank transfer (automatic),20.34,20.34,Low
0839-JTCUD,Female,0,Yes,Yes,66,Two year,DSL,89.9,5958.85,Credit card (automatic),6.95,6.95,Low
5494-WOZRZ,Female,0,Yes,Yes,71,Two year,DSL,82.0,5999.85,Credit card (automatic),6.95,6.95,Low
1302-UHBDD,Male,1,No,No,20,Month-to-month,Fiber optic,89.95,1648.45,Electronic check,73.08,73.08,High
2234-EOFPT,Male,0,Yes,No,72,Two year,DSL,79.35,5753.25,Bank transfer (automatic),1.91,1.91,Low
8619-IJNDK,Female,0,Yes,Yes,71,Two year,DSL,64.05,4492.9,Credit card (automatic),3.04,3.04,Low
8378-LKJAF,Male,0,Yes,Yes,38,Month-to-month,Fiber optic,101.15,3956.7,Credit card (automatic),66.08,66.08,High
8182-BJDSI,Female,0,No,No,28,Month-to-month,Fiber optic,89.95,2625.55,Electronic check,76.63,76.63,High
2528-HFYZX,Male,1,Yes,No,17,Month-to-month,Fiber optic,76.45,1233.4,Electronic check,71.94,71.94,High
1153-GNOLC,Male,0,No,No,33,One year,DSL,39.1,1309.0,Electronic check,41.93,41.93,Medium
3298-QEICA,Female,0,Yes,Yes,23,Two year,DSL,34.6,813.45,Mailed check,0.6,0.6,Low
0788-DXBFY,Male,0,Yes,Yes,58,One year,No,19.55,1108.8,Electronic check,7.7,7.7,Low
3597-YASZG,Female,1,Yes,No,70,Two year,Fiber optic,104.45,7349.35,Bank transfer (automatic),8.65,8.65,Low
3496-LFSZU,Male,0,Yes,No,4,Month-to-month,Fiber optic,70.5,294.2,Electronic check,78.11,78.11,High
5242-UOWHD,Male,0,Yes,Yes,45,Two year,No,20.35,929.2,Mailed check,1.95,1.95,Low
2482-CZGBB,Male,0,No,No,10,Month-to-month,Fiber optic,70.0,740.0,Electronic check,74.93,74.93,High
6479-SZPLM,Male,0,Yes,Yes,36,Two year,No,19.45,754.5,Credit card (automatic),2.17,2.17,Low
8097-VBQTZ,Male,0,No,No,54,Month-to-month,DSL,69.9,3883.3,Mailed check,24.47,24.47,Low
4500-HKANN,Male,0,Yes,Yes,23,Two year,DSL,59.7,1414.2,Mailed check,0.82,0.82,Low
9917-KWRBE,Female,0,Yes,Yes,41,One year,DSL,78.35,3211.2,Credit card (automatic),18.02,18.02,Low
3420-ZDBMA,Male,1,No,No,5,Month-to-month,Fiber optic,71.45,371.6,Mailed check,77.88,77.88,High
2212-LYASK,Male,0,Yes,Yes,27,One year,DSL,45.85,1246.4,Credit card (automatic),22.48,22.48,Low
1393-IMKZG,Female,0,No,No,1,Month-to-month,Fiber optic,95.85,95.85,Electronic check,83.95,83.95,High
8069-RHUXK,Female,0,Yes,Yes,67,Two year,DSL,35.7,2545.7,Credit card (automatic),2.32,2.32,Low
3398-GCPMU,Female,1,Yes,Yes,72,Two year,DSL,89.55,6448.85,Credit card (automatic),6.95,6.95,Low
2908-WGAXL,Female,0,Yes,Yes,56,Two year,No,24.95,1468.9,Credit card (automatic),5.31,5.31,Low
3378-AJRAO,Male,0,Yes,Yes,44,One year,No,24.85,1013.6,Electronic check,9.65,9.65,Low
1013-QCWAM,Female,1,Yes,No,66,Month-to-month,Fiber optic,100.8,6690.75,Electronic check,51.92,51.92,Medium
0866-QLSIR,Female,0,No,No,34,One year,DSL,64.4,2088.75,Mailed check,3.22,3.22,Low
6050-FFXES,Female,0,Yes,No,69,Two year,Fiber optic,105.35,7240.65,Bank transfer (automatic),9.65,9.65,Low
7181-BQYBV,Female,0,Yes,Yes,1,Month-to-month,Fiber optic,102.45,102.45,Electronic check,89.44,89.44,High
0362-RAOQO,Female,0,No,No,40,Two year,No,19.65,830.25,Credit card (automatic),3.71,3.71,Low
9554-DFKIC,Male,0,Yes,Yes,30,Month-to-month,DSL,54.45,1588.7,Bank transfer (automatic),25.95,25.95,Low
5527-ACHSO,Female,0,No,No,11,Month-to-month,DSL,70.5,829.3,Mailed check,43.47,43.47,Medium
0829-DDVLK,Female,0,No,No,15,One year,No,20.1,302.45,Credit card (automatic),13.03,13.03,Low
1399-UBQIU,Male,0,No,No,11,Month-to-month,DSL,69.35,712.25,Electronic check,73.77,73.77,High
1813-JLKWR,Female,0,Yes,Yes,64,One year,No,19.8,1336.65,Bank transfer (automatic),7.97,7.97,Low
0336-PIKEI,Male,1,Yes,No,72,Two year,DSL,74.4,5360.75,Bank transfer (automatic),0.99,0.99,Low
7322-OCWHC,Male,1,Yes,No,72,Two year,Fiber optic,93.05,6735.05,Bank transfer (automatic),0.56,0.56,Low
9537-VHDTA,Female,0,No,Yes,1,Month-to-month,DSL,51.2,51.2,Mailed check,48.2,48.2,Medium
4957-TIALW,Female,0,No,Yes,15,One year,DSL,65.6,1010.0,Credit card (automatic),23.82,23.82,Low
2054-PJOCK,Female,0,No,No,60,One year,DSL,80.55,4847.05,Credit card (automatic),27.4,27.4,Low
9150-HEPMB,Male,0,No,No,56,One year,DSL,52.7,3019.7,Mailed check,6.85,6.85,Low
9030-QGZNL,Female,0,No,No,8,Two year,No,20.85,161.65,Mailed check,8.43,8.43,Low
6204-IEUXJ,Female,0,No,No,3,Month-to-month,Fiber optic,80.1,217.55,Credit card (automatic),61.85,61.85,High
3126-WQMGH,Female,0,Yes,No,49,Month-to-month,DSL,52.15,2583.75,Credit card (automatic),40.39,40.39,Medium
4529-CKBCL,Female,0,No,No,2,Month-to-month,Fiber optic,80.2,146.05,Electronic check,84.68,84.68,High
2506-CLAKW,Female,0,No,No,6,Month-to-month,Fiber optic,98.15,567.45,Bank transfer (automatic),64.13,64.13,High
7176-WRTNX,Male,0,No,No,70,Two year,Fiber optic,114.95,7711.25,Bank transfer (automatic),5.79,5.79,Low
1583-IHQZE,Male,0,No,No,12,Month-to-month,Fiber optic,112.95,1384.75,Mailed check,76.86,76.86,High
5732-IKGQH,Male,1,Yes,No,52,One year,Fiber optic,104.45,5481.25,Bank transfer (automatic),25.81,25.81,Low
9239-GZHZE,Female,0,Yes,No,72,Two year,Fiber optic,113.65,8124.2,Credit card (automatic),11.49,11.49,Low
7205-BAIAD,Female,0,No,No,40,Two year,No,20.6,827.3,Bank transfer (automatic),4.94,4.94,Low
0151-ONTOV,Female,0,No,No,1,Month-to-month,Fiber optic,70.9,70.9,Mailed check,78.08,78.08,High
4140-MUHUG,Female,1,No,No,3,Month-to-month,Fiber optic,86.85,220.95,Electronic check,86.19,86.19,High
0093-EXYQL,Female,1,No,No,40,Month-to-month,Fiber optic,91.55,3673.6,Electronic check,63.35,63.35,High
8064-RAVOH,Male,0,No,Yes,1,Month-to-month,DSL,49.85,49.85,Electronic check,68.79,68.79,High
0219-QAERP,Male,0,Yes,No,30,One year,No,19.8,576.65,Credit card (automatic),9.19,9.19,Low
0320-JDNQG,Male,0,Yes,Yes,23,Month-to-month,Fiber optic,99.85,2331.3,Electronic check,62.37,62.37,High
7180-PISOG,Male,0,Yes,Yes,1,Month-to-month,Fiber optic,74.5,74.5,Electronic check,83.76,83.76,High
9168-INPSZ,Female,1,Yes,No,44,Month-to-month,Fiber optic,104.15,4495.65,Electronic check,49.18,49.18,Medium
3571-RFHAR,Male,0,No,No,65,Month-to-month,Fiber optic,109.15,6941.2,Electronic check,57.23,57.23,Medium
0015-UOCOJ,Female,1,No,No,7,Month-to-month,DSL,48.2,340.35,Electronic check,68.11,68.11,High
5334-AFQJB,Male,1,No,No,72,Two year,No,25.1,1789.9,Credit card (automatic),5.63,5.63,Low
2754-SDJRD,Female,1,No,No,8,Month-to-month,Fiber optic,100.15,908.55,Credit card (automatic),79.44,79.44,High
9578-VRMNM,Female,0,No,No,16,Month-to-month,DSL,65.2,1043.35,Credit card (automatic),56.4,56.4,Medium
1587-FKLZB,Male,1,Yes,Yes,66,Month-to-month,Fiber optic,99.5,6822.15,Credit card (automatic),46.17,46.17,Medium
6140-QNRQQ,Male,0,No,No,1,Month-to-month,Fiber optic,71.55,71.55,Mailed check,78.76,78.76,High
8963-JLGJT,Male,0,No,Yes,3,Month-to-month,DSL,55.9,157.55,Mailed check,47.14,47.14,Medium
4307-KTUMW,Male,0,Yes,No,53,Month-to-month,Fiber optic,93.9,5029.2,Electronic check,32.43,32.43,Medium
1465-LNTLJ,Male,1,Yes,No,8,Month-to-month,DSL,64.4,581.7,Credit card (automatic),49.78,49.78,Medium
5440-FLBQG,Male,1,Yes,No,69,Two year,Fiber optic,108.4,7318.2,Bank transfer (automatic),9.32,9.32,Low
2135-DQWAQ,Female,0,No,No,5,Month-to-month,Fiber optic,85.3,420.45,Mailed check,79.78,79.78,High
4056-QHXHZ,Female,0,Yes,Yes,72,Two year,Fiber optic,107.45,7576.7,Mailed check,2.36,2.36,Low
7470-MCQTK,Female,0,Yes,No,13,Month-to-month,DSL,48.75,633.4,Bank transfer (automatic),79.22,79.22,High
7488-MXJIV,Female,0,No,No,4,Month-to-month,Fiber optic,85.65,321.65,Electronic check,87.95,87.95,High
7401-JIXNM,Female,0,Yes,Yes,54,Two year,DSL,91.3,4965.0,Credit card (automatic),6.9,6.9,Low
9339-FIIJL,Male,0,Yes,No,72,Two year,DSL,85.95,6151.9,Bank transfer (automatic),6.56,6.56,Low
2027-FECZV,Male,0,No,No,12,Month-to-month,Fiber optic,106.7,1253.9,Electronic check,86.83,86.83,High
2672-DZUOY,Male,0,No,No,1,Month-to-month,DSL,25.15,25.15,Electronic check,84.26,84.26,High
4706-DGAHW,Male,1,No,No,1,Month-to-month,DSL,45.2,45.2,Electronic check,69.95,69.95,High
3870-MQAMG,Female,0,Yes,No,54,One year,Fiber optic,110.35,5893.15,Electronic check,51.21,51.21,Medium
6670-MFRPK,Male,0,Yes,Yes,69,Two year,Fiber optic,79.2,5420.65,Credit card (automatic),17.27,17.27,Low
6177-PEVRA,Female,0,No,No,48,Two year,DSL,55.5,2627.35,Credit card (automatic),4.9,4.9,Low
4800-CZMPC,Female,0,Yes,Yes,48,One year,Fiber optic,103.25,5037.55,Credit card (automatic),44.64,44.64,Medium
4813-HQMGZ,Female,0,Yes,No,8,Month-to-month,Fiber optic,90.25,743.75,Electronic check,83.3,83.3,High
7579-KKLOE,Male,0,Yes,Yes,71,Two year,DSL,91.25,6589.6,Mailed check,1.78,1.78,Low
7377-DMMRI,Male,0,No,No,2,Month-to-month,DSL,47.8,92.45,Electronic check,63.4,63.4,High
8402-EIVQS,Male,0,Yes,No,67,One year,Fiber optic,100.9,6733.15,Credit card (automatic),31.68,31.68,Medium
4947-DSMXK,Male,0,Yes,Yes,34,Month-to-month,Fiber optic,97.7,3410.0,Bank transfer (automatic),67.85,67.85,High
7245-NIIWQ,Female,0,No,No,3,Month-to-month,Fiber optic,69.85,199.85,Electronic check,80.59,80.59,High
0002-ORFBO,Female,0,Yes,Yes,9,One year,DSL,65.6,593.3,Mailed check,14.31,14.31,Low
3324-OIRTO,Male,0,Yes,Yes,71,One year,Fiber optic,104.65,7288.4,Bank transfer (automatic),24.69,24.69,Low
5414-OFQCB,Male,0,No,No,57,Two year,Fiber optic,90.45,5229.8,Credit card (automatic),16.31,16.31,Low
4967-WPNCF,Male,0,No,No,72,Two year,DSL,63.7,4464.8,Bank transfer (automatic),2.42,2.42,Low
8552-OBVRU,Female,1,Yes,Yes,48,Month-to-month,Fiber optic,104.5,5068.05,Electronic check,22.84,22.84,Low
8499-BRXTD,Male,0,No,No,18,One year,No,20.1,401.85,Mailed check,11.83,11.83,Low
9154-QDGTH,Male,0,Yes,Yes,43,One year,Fiber optic,104.3,4451.85,Credit card (automatic),33.18,33.18,Medium
8197-BFWVU,Female,0,Yes,Yes,72,Two year,DSL,93.25,6688.95,Bank transfer (automatic),2.94,2.94,Low
2577-GVSIL,Male,0,Yes,Yes,35,One year,DSL,73.45,2661.1,Bank transfer (automatic),25.23,25.23,Low
9367-OIUXP,Male,0,No,No,4,Month-to-month,No,20.7,73.05,Mailed check,46.28,46.28,Medium
6770-UAYGJ,Female,0,Yes,Yes,49,Two year,No,25.25,1211.65,Mailed check,1.63,1.63,Low
6463-HHXJR,Female,0,Yes,Yes,71,Two year,Fiber optic,100.5,7030.65,Bank transfer (automatic),2.46,2.46,Low
7928-VJYAB,Male,0,Yes,Yes,11,Month-to-month,Fiber optic,90.6,1020.2,Electronic check,77.83,77.83,High
1187-WILMM,Male,0,Yes,Yes,63,Two year,DSL,89.4,5597.65,Credit card (automatic),6.19,6.19,Low
9776-OJUZI,Female,1,No,No,65,Month-to-month,Fiber optic,95.45,6223.3,Bank transfer (automatic),39.46,39.46,Medium
1306-RPWXZ,Female,0,No,Yes,49,Two year,No,20.45,1024.65,Credit card (automatic),3.06,3.06,Low
8949-JTMAY,Female,0,No,No,29,Month-to-month,Fiber optic,98.6,2933.2,Credit card (automatic),72.98,72.98,High
2774-LVQUS,Female,1,Yes,No,15,Month-to-month,Fiber optic,83.05,1258.3,Electronic check,74.78,74.78,High
3097-PYWXL,Female,0,Yes,Yes,4,Month-to-month,No,19.95,82.9,Electronic check,56.41,56.41,Medium
2266-SJNAT,Female,0,Yes,No,72,One year,Fiber optic,109.15,7789.6,Credit card (automatic),44.3,44.3,Medium
0869-PAPRP,Female,1,Yes,No,26,Month-to-month,Fiber optic,85.7,2067.0,Credit card (automatic),61.48,61.48,High
4238-JSSWH,Female,1,Yes,No,35,Month-to-month,Fiber optic,102.05,3452.55,Bank transfer (automatic),62.33,62.33,High
2972-YDYUW,Female,0,No,No,57,One year,Fiber optic,94.7,5468.95,Electronic check,31.45,31.45,Medium
1104-FEJAM,Male,0,Yes,Yes,28,Month-to-month,DSL,64.4,1802.15,Electronic check,40.61,40.61,Medium
2809-ILCYT,Female,0,Yes,No,25,One year,No,26.8,733.55,Mailed check,4.03,4.03,Low
5499-ECUTN,Female,0,Yes,No,47,One year,DSL,66.05,3021.45,Credit card (automatic),24.13,24.13,Low
4981-FLTMF,Female,0,Yes,Yes,57,Month-to-month,DSL,65.2,3687.85,Bank transfer (automatic),11.98,11.98,Low
9121-PHQSR,Male,1,Yes,No,16,Month-to-month,Fiber optic,85.05,1391.15,Credit card (automatic),74.15,74.15,High
3113-IWHLC,Male,0,No,No,5,Month-to-month,DSL,55.8,274.35,Mailed check,51.15,51.15,Medium
3211-ILJTT,Male,0,Yes,No,17,Month-to-month,Fiber optic,70.4,1214.05,Bank transfer (automatic),64.55,64.55,High
4612-THJBS,Female,1,No,No,56,One year,Fiber optic,104.75,5510.65,Bank transfer (automatic),42.41,42.41,Medium
4277-BWBML,Male,0,Yes,Yes,72,Two year,No,19.95,1322.85,Bank transfer (automatic),1.48,1.48,Low
4094-NSEDU,Female,1,No,No,21,Month-to-month,Fiber optic,94.25,1973.75,Electronic check,87.78,87.78,High
0234-TEVTT,Female,0,Yes,Yes,48,One year,DSL,45.0,2196.3,Credit card (automatic),16.12,16.12,Low
4304-TSPVK,Female,0,Yes,No,68,Two year,Fiber optic,114.9,7843.55,Bank transfer (automatic),4.16,4.16,Low
1552-AAGRX,Female,0,No,No,30,Month-to-month,Fiber optic,106.4,3211.9,Bank transfer (automatic),39.3,39.3,Medium
2637-FKFSY,Female,0,Yes,No,3,Month-to-month,DSL,46.1,130.15,Mailed check,64.29,64.29,High
9796-MVYXX,Female,1,No,No,14,Two year,DSL,39.7,692.35,Mailed check,0.52,0.52,Low
7874-ECPQJ,Female,0,No,Yes,4,Month-to-month,No,20.05,85.5,Bank transfer (automatic),53.06,53.06,Medium
0020-INWCK,Female,0,Yes,Yes,71,Two year,Fiber optic,95.75,6849.4,Credit card (automatic),16.27,16.27,Low
7089-RKVSZ,Male,0,Yes,Yes,8,One year,No,24.4,203.95,Mailed check,6.76,6.76,Low
2683-JXWQQ,Male,0,Yes,Yes,61,Month-to-month,DSL,33.6,2117.2,Bank transfer (automatic),20.85,20.85,Low
9548-ZMVTX,Male,0,Yes,Yes,72,Two year,Fiber optic,90.45,6565.85,Bank transfer (automatic),1.98,1.98,Low
8739-XNIKG,Female,0,No,No,5,Month-to-month,Fiber optic,84.0,424.75,Electronic check,87.54,87.54,High
9755-JHNMN,Female,0,No,No,49,Two year,DSL,67.4,3306.85,Bank transfer (automatic),1.43,1.43,Low
3981-QSVQI,Male,0,No,No,8,Month-to-month,No,19.7,168.9,Bank transfer (automatic),47.29,47.29,Medium
2789-HQBOU,Male,0,No,No,3,Month-to-month,Fiber optic,80.35,253.8,Electronic check,85.21,85.21,High
9424-CMPOG,Male,0,Yes,Yes,9,Two year,No,19.6,197.4,Mailed check,2.18,2.18,Low
5067-WJEUN,Male,0,Yes,Yes,67,Two year,DSL,54.2,3838.2,Bank transfer (automatic),0.91,0.91,Low
3450-WXOAT,Male,0,No,No,46,Month-to-month,DSL,45.2,2065.15,Credit card (automatic),38.91,38.91,Medium
9251-WNSOD,Female,0,Yes,No,67,One year,DSL,75.1,5064.45,Mailed check,6.68,6.68,Low
6974-DAFLI,Female,0,Yes,No,55,One year,No,19.7,1140.05,Electronic check,7.72,7.72,Low
2616-UUTFK,Male,0,Yes,No,33,Month-to-month,DSL,72.75,2447.45,Bank transfer (automatic),26.04,26.04,Low
7064-JHXCE,Male,0,Yes,Yes,62,Two year,No,20.05,1263.9,Credit card (automatic),1.69,1.69,Low
5103-MHMHY,Female,0,No,Yes,1,Month-to-month,DSL,45.95,45.95,Mailed check,58.4,58.4,Medium
7989-AWGEH,Male,0,Yes,Yes,49,Month-to-month,DSL,39.2,1838.15,Electronic check,40.14,40.14,Medium
4373-VVHQL,Male,0,No,No,1,Month-to-month,DSL,44.75,44.75,Electronic check,70.72,70.72,High
4559-UWIHT,Male,0,Yes,No,14,Month-to-month,Fiber optic,82.65,1185.0,Electronic check,79.07,79.07,High
7268-IGMFD,Male,1,No,No,18,Month-to-month,Fiber optic,93.9,1743.9,Bank transfer (automatic),48.78,48.78,Medium
1846-XWOQN,Female,1,No,No,1,Month-to-month,Fiber optic,70.15,70.15,Electronic check,84.37,84.37,High
0235-KGSLC,Female,0,No,No,1,Month-to-month,Fiber optic,85.55,85.55,Credit card (automatic),76.34,76.34,High
6650-BWFRT,Female,0,Yes,No,72,Two year,Fiber optic,117.15,8529.5,Credit card (automatic),12.14,12.14,Low
9570-KYEUA,Male,0,No,No,64,Two year,Fiber optic,99.25,6549.45,Credit card (automatic),7.0,7.0,Low
6993-YGFJV,Male,0,Yes,No,69,Two year,Fiber optic,112.55,7806.5,Bank transfer (automatic),3.38,3.38,Low
2712-SYWAY,Female,0,No,No,1,Month-to-month,No,25.7,25.7,Electronic check,61.78,61.78,High
0730-BGQGF,Male,0,Yes,Yes,71,Two year,DSL,90.3,6287.3,Credit card (automatic),6.24,6.24,Low
5498-IBWPI,Female,0,Yes,Yes,66,One year,DSL,49.4,3251.85,Credit card (automatic),20.44,20.44,Low
9101-NTIXF,Male,0,No,No,2,Month-to-month,No,19.4,50.6,Mailed check,46.14,46.14,Medium
0013-SMEOE,Female,1,Yes,No,71,Two year,Fiber optic,109.7,7904.25,Bank transfer (automatic),4.75,4.75,Low
9314-QDMDW,Male,0,No,No,11,One year,DSL,61.25,729.95,Electronic check,37.96,37.96,Medium
9308-ANMVE,Male,0,No,Yes,47,Month-to-month,DSL,55.3,2654.05,Electronic check,35.62,35.62,Medium
2884-GBPFB,Female,0,Yes,No,35,Month-to-month,Fiber optic,70.3,2416.55,Electronic check,58.92,58.92,Medium
3757-NJYBX,Male,1,Yes,No,32,Month-to-month,Fiber optic,106.35,3520.75,Bank transfer (automatic),67.18,67.18,High
3413-DHLPB,Male,0,Yes,Yes,60,Month-to-month,Fiber optic,103.75,5969.95,Bank transfer (automatic),44.37,44.37,Medium
7649-PHJVR,Male,0,No,No,11,One year,No,19.5,226.8,Mailed check,12.61,12.61,Low
6114-TCFID,Female,0,No,No,29,One year,DSL,39.5,1082.75,Credit card (automatic),10.12,10.12,Low
3787-TRIAL,Male,0,Yes,Yes,21,Month-to-month,DSL,26.05,565.75,Electronic check,63.19,63.19,High
2573-GYRUU,Male,1,Yes,No,48,Month-to-month,Fiber optic,91.05,4370.75,Credit card (automatic),49.72,49.72,Medium
5156-UMKOW,Female,0,No,Yes,3,Month-to-month,DSL,29.65,90.05,Mailed check,54.61,54.61,Medium
1247-QBVSH,Female,0,Yes,Yes,43,Month-to-month,DSL,50.2,2169.4,Mailed check,30.78,30.78,Medium
6734-GMPVK,Male,0,No,No,5,Month-to-month,Fiber optic,105.3,550.6,Electronic check,86.59,86.59,High
9822-OAOVB,Female,0,No,No,1,Month-to-month,DSL,55.45,55.45,Electronic check,70.67,70.67,High
6161-ERDGD,Male,0,Yes,Yes,71,One year,DSL,85.45,6300.85,Electronic check,13.82,13.82,Low
1226-JZNKR,Female,0,Yes,Yes,8,One year,No,19.8,160.05,Electronic check,15.42,15.42,Low
7318-EIVKO,Male,0,No,No,8,Month-to-month,DSL,59.25,436.6,Electronic check,74.26,74.26,High
3771-PZOBW,Male,0,No,No,20,Month-to-month,Fiber optic,90.7,1781.35,Credit card (automatic),68.55,68.55,High
5136-KCKGI,Female,0,Yes,Yes,33,One year,Fiber optic,103.7,3467.0,Mailed check,55.52,55.52,Medium
8231-BSWXX,Male,0,No,No,71,One year,Fiber optic,79.05,5552.5,Credit card (automatic),24.81,24.81,Low
6486-LHTMA,Female,1,Yes,No,31,One year,Fiber optic,90.7,2835.5,Electronic check,67.47,67.47,High
4083-BFNYK,Female,1,Yes,No,38,One year,Fiber optic,95.0,3591.25,Credit card (automatic),29.18,29.18,Low
3722-WPXTK,Male,0,No,No,1,Month-to-month,Fiber optic,88.35,88.35,Electronic check,89.77,89.77,High
7389-KBFIT,Female,0,Yes,Yes,2,Month-to-month,DSL,30.25,63.75,Mailed check,57.23,57.23,Medium
7176-WIONM,Female,0,Yes,No,12,Month-to-month,DSL,49.85,617.15,Bank transfer (automatic),79.95,79.95,High
5141-ZUVBH,Female,0,No,Yes,9,Month-to-month,Fiber optic,93.0,870.25,Bank transfer (automatic),37.1,37.1,Medium
1089-HDMKP,Male,1,No,Yes,11,Month-to-month,DSL,54.55,601.25,Electronic check,51.73,51.73,Medium
7623-HKYRK,Male,0,No,Yes,6,Month-to-month,No,19.7,111.65,Mailed check,44.7,44.7,Medium
0310-SUCIN,Female,0,Yes,No,71,One year,DSL,84.8,6046.1,Bank transfer (automatic),15.67,15.67,Low
5197-PYEPU,Female,0,Yes,Yes,42,One year,Fiber optic,94.45,3923.8,Credit card (automatic),25.26,25.26,Low
2929-ERCFZ,Female,0,Yes,Yes,8,Month-to-month,Fiber optic,94.2,777.3,Electronic check,84.84,84.84,High
7548-SEPYI,Female,0,No,No,5,Month-to-month,Fiber optic,96.25,512.45,Electronic check,85.78,85.78,High
8835-VSDSE,Female,0,Yes,No,2,Month-to-month,Fiber optic,70.7,141.45,Electronic check,80.34,80.34,High
6619-RPLQZ,Female,0,Yes,Yes,45,Two year,No,20.85,892.15,Mailed check,2.63,2.63,Low
3275-RHRNE,Male,0,Yes,Yes,28,One year,DSL,60.0,1682.05,Credit card (automatic),21.85,21.85,Low
3503-TYDAY,Female,0,Yes,No,43,Month-to-month,Fiber optic,80.45,3398.9,Electronic check,51.08,51.08,Medium
6901-GOGZG,Male,0,No,Yes,60,Two year,DSL,84.95,4984.85,Electronic check,5.33,5.33,Low
1623-NLDOT,Female,0,Yes,No,42,One year,DSL,33.55,1445.3,Mailed check,4.17,4.17,Low
7021-XSNYE,Male,0,Yes,Yes,7,Two year,DSL,49.65,305.55,Credit card (automatic),6.71,6.71,Low
9621-OUPYD,Female,0,Yes,No,25,One year,No,20.2,507.9,Bank transfer (automatic),8.24,8.24,Low
9898-KZQDZ,Female,1,Yes,Yes,40,Month-to-month,Fiber optic,94.55,3640.45,Credit card (automatic),63.74,63.74,High
8982-NHAVY,Male,0,No,No,27,One year,Fiber optic,100.5,2673.45,Bank transfer (automatic),70.52,70.52,High
4307-KWMXE,Male,0,No,No,10,Month-to-month,DSL,35.75,389.8,Electronic check,52.54,52.54,Medium
0141-YEAYS,Female,1,No,No,27,Month-to-month,Fiber optic,86.45,2401.05,Bank transfer (automatic),70.51,70.51,High
2450-ZKEED,Female,0,No,No,11,One year,DSL,53.8,651.55,Bank transfer (automatic),14.07,14.07,Low
3694-DELSO,Male,0,Yes,Yes,4,Month-to-month,DSL,38.55,156.1,Credit card (automatic),57.08,57.08,Medium
3893-JRNFS,Male,0,No,No,68,Month-to-month,DSL,39.9,2796.35,Bank transfer (automatic),29.31,29.31,Low
9603-OAIHC,Male,1,No,No,1,Month-to-month,Fiber optic,70.05,70.05,Electronic check,80.21,80.21,High
1133-KXCGE,Female,0,No,No,18,One year,No,20.1,407.05,Mailed check,12.42,12.42,Low
5236-PERKL,Female,0,No,No,57,Two year,Fiber optic,112.95,6465.0,Bank transfer (automatic),19.98,19.98,Low
0142-GVYSN,Male,0,No,No,26,Month-to-month,No,20.3,511.25,Electronic check,43.81,43.81,Medium
1049-FYSYG,Female,0,Yes,No,17,Month-to-month,DSL,35.65,646.05,Credit card (automatic),58.0,58.0,Medium
7854-FOKSF,Male,0,No,No,1,Month-to-month,DSL,35.9,35.9,Electronic check,84.98,84.98,High
2519-FAKOD,Male,0,No,Yes,38,Month-to-month,Fiber optic,99.25,3777.15,Bank transfer (automatic),65.71,65.71,High
8406-LNMHF,Male,1,Yes,No,59,One year,Fiber optic,82.95,4903.15,Credit card (automatic),16.64,16.64,Low
1821-BUCWY,Male,0,No,No,30,Two year,DSL,55.65,1653.85,Mailed check,2.67,2.67,Low
8263-JQAIK,Male,1,No,No,2,Month-to-month,DSL,24.45,47.5,Mailed check,81.21,81.21,High
0023-UYUPN,Female,1,Yes,No,50,One year,No,25.2,1306.3,Electronic check,9.77,9.77,Low
8314-DPQHL,Male,0,No,No,9,One year,DSL,50.8,463.6,Mailed check,10.68,10.68,Low
1465-WCZVT,Female,0,Yes,Yes,3,Month-to-month,No,19.65,60.65,Mailed check,41.88,41.88,Medium
9481-SFCQY,Female,0,No,Yes,14,Month-to-month,DSL,59.8,824.85,Credit card (automatic),56.25,56.25,Medium
6360-SVNWV,Female,1,No,No,31,Month-to-month,Fiber optic,73.55,2094.65,Credit card (automatic),57.88,57.88,Medium
0567-GGCAC,Female,0,No,No,7,Month-to-month,DSL,61.4,438.9,Electronic check,56.66,56.66,Medium
7089-IVVAZ,Female,0,No,No,8,Month-to-month,Fiber optic,103.35,847.3,Bank transfer (automatic),79.76,79.76,High
8884-MRNSU,Male,0,Yes,Yes,17,One year,No,19.9,329.75,Bank transfer (automatic),8.98,8.98,Low
2171-UDMFD,Male,0,Yes,Yes,32,Month-to-month,No,19.45,674.55,Credit card (automatic),24.42,24.42,Low
9050-IKDZA,Female,1,No,No,2,Month-to-month,Fiber optic,81.5,162.55,Mailed check,84.74,84.74,High
2205-YMZZJ,Male,1,No,No,7,Month-to-month,Fiber optic,84.8,546.95,Electronic check,85.66,85.66,High
9802-CAQUT,Female,0,Yes,Yes,72,Two year,Fiber optic,109.55,7887.25,Credit card (automatic),11.19,11.19,Low
1254-IZEYF,Female,1,No,No,31,Month-to-month,Fiber optic,99.95,3186.65,Electronic check,79.78,79.78,High
0187-WZNAB,Female,0,Yes,Yes,27,Month-to-month,Fiber optic,74.4,1972.35,Mailed check,27.31,27.31,Low
9492-TOKRI,Female,0,No,No,18,Month-to-month,Fiber optic,90.0,1527.35,Credit card (automatic),74.05,74.05,High
1475-VWVDO,Male,0,No,No,7,Month-to-month,Fiber optic,74.9,490.55,Electronic check,76.93,76.93,High
9221-OTIVJ,Female,1,No,No,14,Month-to-month,Fiber optic,104.85,1531.4,Electronic check,90.06,90.06,High
1357-MVDOZ,Male,0,Yes,Yes,11,Month-to-month,DSL,59.65,683.25,Bank transfer (automatic),60.78,60.78,High
7602-MVRMB,Female,0,Yes,Yes,72,Two year,Fiber optic,110.45,8058.85,Bank transfer (automatic),4.67,4.67,Low
3325-FUYCG,Male,0,Yes,Yes,28,One year,Fiber optic,106.1,2847.4,Electronic check,44.76,44.76,Medium
5908-QMGOE,Male,1,No,No,15,Month-to-month,Fiber optic,74.2,1133.9,Credit card (automatic),68.48,68.48,High
1197-BVMVG,Female,1,No,No,4,Month-to-month,Fiber optic,74.45,294.45,Electronic check,88.04,88.04,High
5406-KGRMX,Female,0,No,No,71,Two year,No,24.55,1719.15,Electronic check,4.17,4.17,Low
8481-YYXWG,Female,0,No,No,5,Month-to-month,Fiber optic,89.35,461.7,Electronic check,75.72,75.72,High
5968-HYJRZ,Male,0,Yes,Yes,47,Two year,No,24.55,1160.45,Mailed check,1.22,1.22,Low
5198-EFNBM,Male,1,Yes,No,57,One year,Fiber optic,90.65,5199.8,Electronic check,36.84,36.84,Medium
7516-GMHUV,Male,1,Yes,No,50,Two year,Fiber optic,105.05,5163.3,Credit card (automatic),29.98,29.98,Low
7140-ADSMJ,Male,0,No,No,8,Month-to-month,No,20.45,162.3,Credit card (automatic),35.94,35.94,Medium
2230-XTUWL,Female,0,Yes,Yes,48,Two year,No,19.55,883.35,Mailed check,2.54,2.54,Low
7706-YLMQA,Female,0,No,No,70,One year,No,19.7,1341.5,Bank transfer (automatic),7.21,7.21,Low
2585-KTFRE,Male,0,No,Yes,1,Month-to-month,DSL,70.45,70.45,Bank transfer (automatic),40.87,40.87,Medium
7994-UYIVZ,Male,0,Yes,No,8,Month-to-month,Fiber optic,85.65,659.45,Bank transfer (automatic),84.04,84.04,High
2609-IAICY,Female,0,No,No,1,Month-to-month,Fiber optic,77.15,77.15,Electronic check,86.42,86.42,High
1740-CSDJP,Male,0,No,No,1,Month-to-month,DSL,35.25,35.25,Bank transfer (automatic),82.6,82.6,High
7717-BICXI,Male,0,Yes,Yes,60,Two year,No,20.55,1205.05,Mailed check,1.79,1.79,Low
6559-RAKOZ,Male,0,Yes,Yes,49,One year,Fiber optic,97.95,4917.9,Electronic check,49.86,49.86,Medium
2636-OHFMN,Male,0,Yes,No,4,Month-to-month,DSL,48.55,201.0,Electronic check,86.67,86.67,High
4716-MRVEN,Female,0,No,No,29,One year,No,20.0,599.3,Mailed check,10.4,10.4,Low
2143-LJULT,Female,0,Yes,No,67,Two year,No,25.25,1733.15,Credit card (automatic),4.03,4.03,Low
1323-OOEPC,Female,0,Yes,No,53,Month-to-month,Fiber optic,98.4,5149.5,Credit card (automatic),58.56,58.56,Medium
3200-MNQTF,Male,0,Yes,No,67,Two year,DSL,70.9,4677.1,Credit card (automatic),2.16,2.16,Low
6164-HXUGH,Female,0,Yes,Yes,6,Month-to-month,No,19.85,119.3,Mailed check,41.25,41.25,Medium
5630-IXDXV,Female,0,No,No,47,Month-to-month,Fiber optic,106.35,4849.1,Electronic check,65.98,65.98,High
0320-DWVTU,Female,0,No,No,53,Two year,Fiber optic,99.5,5424.25,Mailed check,3.77,3.77,Low
9135-MGVPY,Male,0,Yes,No,69,Two year,DSL,84.7,5878.9,Mailed check,2.46,2.46,Low
1212-GLHMD,Male,0,No,No,3,Month-to-month,Fiber optic,86.05,244.85,Mailed check,79.77,79.77,High
7878-JGDKK,Male,0,No,No,4,Month-to-month,DSL,44.55,220.75,Mailed check,64.33,64.33,High
1088-AUUZZ,Male,0,Yes,Yes,56,Two year,DSL,75.85,4261.2,Credit card (automatic),4.8,4.8,Low
0397-GZBBC,Male,1,Yes,No,59,Month-to-month,Fiber optic,93.85,5574.75,Bank transfer (automatic),60.6,60.6,High
6614-YWYSC,Male,1,Yes,No,61,Two year,No,25.0,1501.75,Bank transfer (automatic),1.32,1.32,Low
9588-OZDMQ,Female,0,Yes,No,2,Month-to-month,DSL,45.0,89.75,Electronic check,64.83,64.83,High
7641-EUYET,Male,1,Yes,Yes,46,Month-to-month,Fiber optic,100.7,4541.2,Electronic check,52.38,52.38,Medium
6476-EPYZR,Male,0,Yes,Yes,12,Month-to-month,No,20.5,255.5,Mailed check,36.95,36.95,Medium
9921-ZVRHG,Female,0,No,No,14,Month-to-month,Fiber optic,80.45,1072.0,Electronic check,80.36,80.36,High
1174-FGIFN,Female,0,Yes,Yes,28,One year,Fiber optic,90.45,2509.25,Electronic check,49.0,49.0,Medium
6620-HVDUJ,Male,0,No,No,24,Month-to-month,DSL,60.45,1440.75,Bank transfer (automatic),29.13,29.13,Low
4701-MLJPN,Male,0,No,No,31,Month-to-month,DSL,55.25,1715.65,Electronic check,44.89,44.89,Medium
1032-MAELW,Female,0,Yes,Yes,68,One year,DSL,78.45,5333.35,Electronic check,10.97,10.97,Low
7641-TQFHN,Male,0,No,Yes,39,Two year,Fiber optic,100.55,3895.35,Mailed check,10.74,10.74,Low
1552-TKMXS,Female,0,Yes,No,42,Month-to-month,No,20.35,869.9,Credit card (automatic),27.24,27.24,Low
9206-GVPEQ,Male,0,Yes,No,13,Month-to-month,DSL,54.45,706.85,Electronic check,76.4,76.4,High
8622-ZLFKO,Female,0,Yes,No,6,Month-to-month,Fiber optic,90.75,512.25,Electronic check,89.81,89.81,High
1596-BBVTG,Male,0,No,No,35,Month-to-month,Fiber optic,75.35,2636.05,Credit card (automatic),51.76,51.76,Medium
6188-UXBBR,Female,0,Yes,No,38,One year,No,20.25,814.75,Credit card (automatic),9.13,9.13,Low
2333-KWEWW,Male,0,No,No,18,Two year,No,20.05,388.6,Credit card (automatic),6.61,6.61,Low
5702-SKUOB,Female,0,Yes,No,4,Month-to-month,No,19.6,93.45,Mailed check,44.84,44.84,Medium
1134-YWTYF,Male,0,Yes,No,27,Month-to-month,DSL,53.8,1389.85,Electronic check,39.25,39.25,Medium
6061-GWWAV,Male,0,No,Yes,41,One year,DSL,70.2,2894.55,Mailed check,14.25,14.25,Low
0679-TDGAK,Male,0,Yes,Yes,50,One year,DSL,75.5,4025.6,Electronic check,9.43,9.43,Low
6585-WCEWR,Male,0,Yes,Yes,72,Two year,No,20.35,1354.4,Electronic check,1.61,1.61,Low
9067-YGSCA,Female,0,No,No,70,One year,No,26.05,1856.4,Credit card (automatic),8.14,8.14,Low
9067-SQTNS,Male,0,Yes,Yes,44,One year,No,20.6,926.0,Bank transfer (automatic),7.99,7.99,Low
8433-WXGNA,Male,0,No,No,2,Month-to-month,Fiber optic,75.7,189.2,Electronic check,74.96,74.96,High
1776-SPBWV,Female,0,Yes,Yes,34,One year,No,20.1,682.1,Bank transfer (automatic),9.79,9.79,Low
8735-SDUFN,Female,1,Yes,No,72,Two year,No,24.3,1778.7,Bank transfer (automatic),1.51,1.51,Low
9668-PUGNU,Male,0,Yes,No,71,Two year,No,24.5,1816.2,Electronic check,4.36,4.36,Low
9405-GPBBG,Female,0,No,No,64,Two year,Fiber optic,110.5,7069.25,Credit card (automatic),23.02,23.02,Low
1926-QUZNN,Female,0,Yes,No,72,Two year,No,25.25,1841.2,Bank transfer (automatic),1.46,1.46,Low
3707-GNWHM,Male,0,No,No,1,Month-to-month,Fiber optic,74.25,74.25,Mailed check,84.03,84.03,High
7016-NVRIC,Male,1,Yes,No,29,One year,Fiber optic,90.1,2656.7,Bank transfer (automatic),18.25,18.25,Low
5829-NVSQN,Female,0,Yes,No,23,One year,DSL,68.75,1689.45,Bank transfer (automatic),15.3,15.3,Low
9565-AXSMR,Male,0,Yes,Yes,52,Two year,No,19.2,1054.75,Mailed check,1.9,1.9,Low
8922-LIEGH,Female,1,No,No,25,Month-to-month,Fiber optic,89.7,2187.55,Electronic check,81.17,81.17,High
8869-LIHMK,Female,0,No,No,64,Two year,Fiber optic,115.1,7334.05,Bank transfer (automatic),7.21,7.21,Low
8245-UMPYT,Female,1,No,No,16,Month-to-month,Fiber optic,96.4,1581.2,Electronic check,89.78,89.78,High
5186-SAMNZ,Male,1,No,No,1,Month-to-month,Fiber optic,69.5,69.5,Bank transfer (automatic),76.59,76.59,High
0447-RXSGD,Male,0,No,No,24,Month-to-month,Fiber optic,99.65,2404.85,Bank transfer (automatic),77.5,77.5,High
4927-WWOOZ,Male,0,Yes,No,2,Month-to-month,Fiber optic,91.45,171.45,Electronic check,87.66,87.66,High
5788-YPOEG,Female,0,Yes,Yes,34,Two year,DSL,84.75,2839.45,Mailed check,4.3,4.3,Low
5373-SFODM,Male,1,Yes,No,36,Month-to-month,Fiber optic,85.25,3132.75,Credit card (automatic),58.83,58.83,Medium
0661-KBKPA,Male,0,Yes,Yes,53,One year,DSL,78.75,3942.45,Mailed check,21.99,21.99,Low
9081-WWXKP,Female,0,Yes,Yes,47,Two year,No,20.25,873.4,Credit card (automatic),2.52,2.52,Low
0784-ZQJZX,Male,0,No,Yes,72,Two year,No,19.9,1529.65,Credit card (automatic),2.09,2.09,Low
3133-PZNSR,Male,0,Yes,Yes,72,Two year,Fiber optic,97.75,6991.6,Credit card (automatic),6.93,6.93,Low
5766-ZJYBB,Male,0,No,No,1,Month-to-month,No,19.4,19.4,Mailed check,46.11,46.11,Medium
8931-GJJIQ,Female,0,No,No,9,Month-to-month,Fiber optic,83.3,803.3,Electronic check,88.16,88.16,High
4277-PVRAN,Female,0,No,No,8,Month-to-month,Fiber optic,80.1,679.3,Bank transfer (automatic),78.68,78.68,High
0022-TCJCI,Male,1,No,No,45,One year,DSL,62.7,2791.5,Credit card (automatic),22.21,22.21,Low
0722-SVSFK,Female,0,No,No,7,Month-to-month,Fiber optic,100.4,715.0,Electronic check,82.36,82.36,High
3612-YVGSJ,Female,0,Yes,No,71,Two year,No,24.45,1681.6,Credit card (automatic),3.76,3.76,Low
9825-YCXWZ,Female,1,No,No,41,One year,Fiber optic,101.1,4016.2,Bank transfer (automatic),36.53,36.53,Medium
5397-NSKQG,Male,0,Yes,Yes,67,Two year,DSL,50.9,3281.65,Credit card (automatic),7.39,7.39,Low
8565-HBFNN,Male,0,Yes,No,69,One year,Fiber optic,107.2,7317.1,Credit card (automatic),32.33,32.33,Medium
2000-DHJUY,Female,1,Yes,No,70,Two year,DSL,92.2,6474.45,Bank transfer (automatic),1.76,1.76,Low
0203-HHYIJ,Male,0,No,No,25,One year,No,25.3,676.35,Bank transfer (automatic),9.0,9.0,Low
8670-ERCJH,Male,0,No,No,72,Two year,Fiber optic,113.4,8164.1,Bank transfer (automatic),3.16,3.16,Low
7758-UJWYS,Male,0,Yes,Yes,34,Two year,DSL,40.55,1325.85,Electronic check,5.26,5.26,Low
2050-ONYDQ,Female,0,Yes,Yes,65,Two year,No,26.0,1654.85,Credit card (automatic),2.66,2.66,Low
7055-JCGNI,Female,0,No,No,70,Two year,Fiber optic,111.95,7795.95,Credit card (automatic),20.17,20.17,Low
0739-UUAJR,Female,0,Yes,Yes,72,Two year,DSL,53.8,3952.45,Credit card (automatic),12.8,12.8,Low
4826-DXMUP,Male,0,No,Yes,35,One year,DSL,72.1,2495.15,Mailed check,28.42,28.42,Low
0952-KMEEH,Male,0,No,No,13,Month-to-month,Fiber optic,98.15,1230.25,Mailed check,75.27,75.27,High
7285-KLOTR,Female,0,Yes,No,12,One year,DSL,78.85,876.75,Electronic check,27.87,27.87,Low
0654-PQKDW,Female,0,Yes,Yes,62,One year,DSL,70.75,4263.45,Bank transfer (automatic),7.39,7.39,Low
7175-NTIXE,Female,0,No,No,25,Month-to-month,DSL,76.15,1992.95,Credit card (automatic),47.23,47.23,Medium
7963-SHNDT,Female,0,No,No,52,Two year,DSL,39.1,1982.1,Mailed check,0.55,0.55,Low
9796-BPKIW,Male,1,No,No,8,Month-to-month,Fiber optic,69.95,562.7,Credit card (automatic),67.94,67.94,High
0188-GWFLE,Male,0,No,No,2,Month-to-month,No,20.05,33.7,Mailed check,46.2,46.2,Medium
8129-GMVGI,Female,0,Yes,Yes,56,Two year,No,20.05,1090.1,Mailed check,2.42,2.42,Low
2882-DDZPG,Female,0,No,No,12,Month-to-month,No,19.45,227.45,Bank transfer (automatic),46.49,46.49,Medium
3547-LQRIK,Female,0,Yes,No,47,One year,No,26.9,1250.85,Electronic check,8.07,8.07,Low
9137-NOQKA,Male,1,No,No,2,Month-to-month,No,19.2,37.2,Electronic check,53.72,53.72,Medium
5843-TTHGI,Female,0,No,No,18,Month-to-month,DSL,50.0,892.7,Mailed check,53.35,53.35,Medium
1849-RJYIG,Female,0,No,No,8,Month-to-month,DSL,60.0,487.75,Electronic check,56.78,56.78,Medium
8868-GAGIO,Male,0,Yes,No,45,Month-to-month,Fiber optic,84.55,3713.95,Mailed check,31.06,31.06,Medium
4061-UKJWL,Male,0,No,No,3,Month-to-month,DSL,45.45,141.7,Mailed check,65.37,65.37,High
5380-XPJNZ,Female,0,No,No,38,One year,No,20.05,678.2,Mailed check,8.5,8.5,Low
8263-QMNTJ,Male,0,Yes,No,72,Two year,Fiber optic,115.55,8425.3,Electronic check,6.62,6.62,Low
8178-EYZUO,Male,0,No,No,46,Month-to-month,Fiber optic,93.7,4154.8,Electronic check,54.09,54.09,Medium
3230-JCNZS,Female,0,Yes,Yes,71,Two year,Fiber optic,99.0,7061.65,Credit card (automatic),9.2,9.2,Low
0277-ORXQS,Male,0,Yes,Yes,66,Two year,DSL,50.55,3364.55,Bank transfer (automatic),6.19,6.19,Low
5130-IEKQT,Male,1,No,No,25,Month-to-month,Fiber optic,105.95,2655.25,Mailed check,76.36,76.36,High
3230-WYKIR,Male,0,No,No,18,One year,DSL,82.0,1425.45,Credit card (automatic),39.63,39.63,Medium
7996-BPXHY,Female,0,Yes,Yes,13,Two year,No,25.0,332.5,Bank transfer (automatic),3.52,3.52,Low
3227-WLKLI,Female,0,Yes,Yes,65,Two year,DSL,91.55,5963.95,Bank transfer (automatic),2.77,2.77,Low
0407-BDJKB,Male,0,Yes,No,60,Month-to-month,Fiber optic,95.75,5742.9,Electronic check,67.7,67.7,High
2266-FUBDZ,Male,0,Yes,Yes,15,Two year,No,19.35,278.85,Mailed check,2.04,2.04,Low
8237-ULIXL,Female,0,Yes,No,72,Two year,No,24.85,1871.85,Credit card (automatic),2.27,2.27,Low
9600-UDOPK,Male,0,Yes,No,30,Month-to-month,Fiber optic,94.05,2866.45,Credit card (automatic),76.02,76.02,High
8216-AZUUZ,Female,0,Yes,Yes,42,Two year,Fiber optic,100.4,4303.65,Electronic check,17.63,17.63,Low
9153-BTBVV,Female,0,Yes,No,71,Two year,No,25.0,1753.0,Bank transfer (automatic),1.45,1.45,Low
4074-SJFFA,Female,0,No,No,1,Month-to-month,DSL,54.75,54.75,Mailed check,66.68,66.68,High
3269-ATYWD,Male,1,No,No,39,Month-to-month,Fiber optic,95.65,3759.05,Bank transfer (automatic),72.9,72.9,High
5186-PEIZU,Female,0,No,No,35,Month-to-month,No,19.25,617.65,Bank transfer (automatic),36.33,36.33,Medium
1074-AMIOH,Female,0,Yes,Yes,53,Month-to-month,Fiber optic,108.25,5935.1,Bank transfer (automatic),28.74,28.74,Low
4910-GMJOT,Female,0,No,No,1,Month-to-month,Fiber optic,94.6,94.6,Electronic check,93.15,93.15,High
0354-WYROK,Female,1,Yes,Yes,31,Month-to-month,Fiber optic,98.9,2911.3,Electronic check,56.04,56.04,Medium
4361-FEBGN,Male,0,No,No,48,Two year,No,20.15,982.95,Credit card (automatic),3.73,3.73,Low
7748-UMTRK,Female,1,No,Yes,30,Month-to-month,Fiber optic,101.3,2974.5,Electronic check,66.39,66.39,High
0380-ZCSBI,Male,0,No,No,10,Month-to-month,No,20.0,198.7,Credit card (automatic),28.35,28.35,Low
7145-FEJWU,Female,0,No,Yes,12,Month-to-month,Fiber optic,105.3,1275.65,Electronic check,84.7,84.7,High
6463-MVYRY,Female,1,No,No,57,Two year,DSL,69.85,4003.0,Bank transfer (automatic),1.59,1.59,Low
3969-JQABI,Female,0,Yes,No,58,Month-to-month,DSL,65.25,3791.6,Credit card (automatic),34.29,34.29,Medium
9624-EGDEQ,Female,0,No,No,37,Two year,No,19.8,813.3,Mailed check,4.68,4.68,Low
1051-EQPZR,Female,0,Yes,Yes,44,Month-to-month,No,19.6,780.25,Mailed check,25.6,25.6,Low
5849-ASHZJ,Male,0,No,Yes,27,One year,No,20.05,552.9,Credit card (automatic),9.58,9.58,Low
5780-INQIK,Female,0,No,No,8,Month-to-month,DSL,49.4,408.25,Electronic check,52.69,52.69,Medium
7576-OYWBN,Male,1,No,No,3,Month-to-month,Fiber optic,76.05,231.8,Electronic check,85.15,85.15,High
4526-ZJJTM,Female,1,Yes,No,25,Month-to-month,Fiber optic,88.4,2191.15,Bank transfer (automatic),56.92,56.92,Medium
8384-FZBJK,Female,0,Yes,Yes,57,Month-to-month,Fiber optic,100.6,5611.7,Electronic check,55.16,55.16,Medium
3750-RNQKR,Female,0,No,No,12,Month-to-month,No,19.45,246.25,Mailed check,46.49,46.49,Medium
0962-CQPWQ,Female,0,Yes,Yes,62,Two year,No,20.3,1296.15,Bank transfer (automatic),2.72,2.72,Low
3096-YXENJ,Female,0,Yes,No,65,Two year,Fiber optic,107.65,7082.85,Bank transfer (automatic),11.82,11.82,Low
1265-BCFEO,Female,0,Yes,No,71,Two year,DSL,80.45,5662.25,Bank transfer (automatic),6.59,6.59,Low
5837-LXSDN,Female,0,Yes,Yes,21,One year,DSL,58.85,1215.45,Credit card (automatic),22.36,22.36,Low
5945-AZYHT,Male,0,Yes,No,71,One year,Fiber optic,109.6,7854.15,Electronic check,47.84,47.84,Medium
8325-QRPZR,Female,0,No,No,7,Month-to-month,Fiber optic,75.15,525.0,Electronic check,78.66,78.66,High
6384-VMJHP,Female,0,No,No,72,Two year,DSL,73.0,5265.2,Credit card (automatic),7.08,7.08,Low
2262-SLNVK,Female,0,No,No,1,Month-to-month,Fiber optic,70.1,70.1,Electronic check,76.63,76.63,High
7730-CLDSV,Female,0,Yes,Yes,72,Two year,Fiber optic,98.65,7129.45,Bank transfer (automatic),11.23,11.23,Low
1135-HIORI,Female,0,Yes,Yes,64,One year,Fiber optic,111.45,7266.95,Electronic check,47.74,47.74,Medium
0164-APGRB,Female,0,No,No,72,Two year,Fiber optic,114.9,8496.7,Electronic check,13.5,13.5,Low
6481-ESCNL,Female,0,No,No,29,Month-to-month,Fiber optic,100.55,2878.75,Bank transfer (automatic),68.38,68.38,High
1790-NESIO,Female,0,No,No,13,Two year,No,20.4,261.3,Mailed check,7.04,7.04,Low
1550-EENBN,Female,0,No,No,31,Month-to-month,Fiber optic,104.35,3205.6,Electronic check,57.43,57.43,Medium
5539-TMZLF,Male,1,No,No,1,Month-to-month,Fiber optic,69.75,69.75,Electronic check,80.21,80.21,High
4323-SADQS,Male,0,Yes,Yes,7,Month-to-month,DSL,34.5,279.25,Electronic check,56.59,56.59,Medium
4446-BZKHU,Male,0,Yes,No,61,Month-to-month,Fiber optic,105.55,6281.45,Electronic check,72.46,72.46,High
5202-IVJNU,Female,0,No,Yes,39,Month-to-month,DSL,30.1,1131.3,Credit card (automatic),46.19,46.19,Medium
5976-JCJRH,Male,0,Yes,No,10,Month-to-month,Fiber optic,70.3,738.2,Electronic check,75.14,75.14,High
8198-RKSZG,Female,0,Yes,Yes,14,Month-to-month,DSL,80.45,1137.05,Credit card (automatic),29.93,29.93,Low
0137-OCGAB,Female,0,No,No,1,Month-to-month,Fiber optic,80.2,80.2,Mailed check,87.19,87.19,High
3351-NQLDI,Female,0,Yes,Yes,67,One year,Fiber optic,94.35,6341.45,Credit card (automatic),24.72,24.72,Low
9297-EONCV,Female,0,No,No,72,Two year,DSL,91.35,6697.2,Bank transfer (automatic),3.36,3.36,Low
7593-JNWRU,Male,0,Yes,Yes,6,Month-to-month,DSL,44.6,260.8,Bank transfer (automatic),60.46,60.46,High
4588-YBNIB,Female,0,No,No,1,Month-to-month,No,19.6,19.6,Mailed check,53.61,53.61,Medium
1069-QJOEE,Male,0,Yes,Yes,25,One year,No,19.9,505.45,Electronic check,10.15,10.15,Low
3336-JORSO,Female,1,No,No,33,Month-to-month,Fiber optic,110.45,3655.45,Electronic check,67.46,67.46,High
7799-DSEWS,Male,0,No,No,18,Month-to-month,DSL,68.35,1299.8,Electronic check,49.85,49.85,Medium
8766-PAFNE,Male,0,Yes,No,71,Two year,DSL,79.1,5564.85,Credit card (automatic),4.23,4.23,Low
5315-CKEQK,Male,1,Yes,Yes,28,One year,DSL,51.0,1381.8,Electronic check,29.02,29.02,Low
3130-ICDUP,Female,0,No,Yes,2,Month-to-month,Fiber optic,80.55,188.1,Credit card (automatic),60.78,60.78,High
0820-FNRNX,Male,0,Yes,Yes,17,Month-to-month,DSL,66.7,1077.05,Mailed check,42.12,42.12,Medium
0880-FVFWF,Male,0,No,No,56,Month-to-month,Fiber optic,86.4,4922.4,Electronic check,40.06,40.06,Medium
4611-ANLQC,Female,0,Yes,No,60,One year,DSL,50.05,2911.5,Electronic check,12.56,12.56,Low
4213-HKBJO,Female,0,No,No,33,Two year,No,25.7,826.1,Credit card (automatic),7.14,7.14,Low
2792-LSHWX,Female,0,No,No,1,Month-to-month,Fiber optic,83.4,83.4,Mailed check,57.03,57.03,Medium
5028-GZLDO,Male,0,No,No,2,Month-to-month,Fiber optic,70.7,140.7,Credit card (automatic),66.01,66.01,High
0014-BMAQU,Male,0,Yes,No,63,Two year,Fiber optic,84.65,5377.8,Credit card (automatic),3.6,3.6,Low
6861-XWTWQ,Male,1,Yes,No,7,Month-to-month,Fiber optic,99.25,665.45,Electronic check,92.58,92.58,High
9018-PCIOK,Female,0,No,No,55,Two year,DSL,64.75,3617.1,Mailed check,12.16,12.16,Low
4837-QUSFT,Female,0,Yes,No,65,One year,Fiber optic,100.15,6643.5,Bank transfer (automatic),6.2,6.2,Low
6877-TJMBR,Male,0,Yes,No,1,Month-to-month,Fiber optic,84.8,84.8,Electronic check,81.58,81.58,High
9953-ZMKSM,Male,0,No,No,63,Two year,No,25.25,1559.3,Mailed check,2.66,2.66,Low
0907-HQNTS,Female,1,Yes,No,70,Two year,Fiber optic,113.0,7987.6,Credit card (automatic),13.98,13.98,Low
7665-NKLAV,Female,0,Yes,Yes,36,Two year,DSL,40.65,1547.35,Credit card (automatic),2.02,2.02,Low
6769-DCQLI,Male,0,No,No,52,One year,Fiber optic,105.0,5426.85,Bank transfer (automatic),46.22,46.22,Medium
2433-KMEAS,Male,0,No,No,22,Month-to-month,DSL,54.45,1127.35,Electronic check,50.68,50.68,Medium
4391-LNRXK,Male,0,No,No,22,Month-to-month,Fiber optic,94.95,2142.8,Bank transfer (automatic),45.15,45.15,Medium
8250-ZNGGW,Female,1,No,No,5,Month-to-month,DSL,59.9,287.85,Credit card (automatic),64.44,64.44,High
2195-ZRVAX,Female,0,Yes,No,47,Month-to-month,Fiber optic,85.3,4045.65,Electronic check,32.53,32.53,Medium
3550-SAHFP,Female,0,No,No,33,Month-to-month,Fiber optic,83.35,2757.85,Electronic check,75.69,75.69,High
2011-TRQYE,Male,0,No,No,18,Month-to-month,DSL,33.5,600.0,Credit card (automatic),56.56,56.56,Medium
8562-GHPPI,Female,0,No,No,1,Month-to-month,No,19.8,19.8,Credit card (automatic),32.75,32.75,Medium
5893-PYOLZ,Male,0,No,No,56,Two year,DSL,81.8,4534.45,Credit card (automatic),8.64,8.64,Low
4986-MXSFP,Female,0,No,No,2,Month-to-month,No,20.0,40.9,Mailed check,53.32,53.32,Medium
6131-FOYAS,Male,0,No,No,35,Month-to-month,DSL,59.6,2094.9,Electronic check,39.54,39.54,Medium
3027-YNWZU,Female,0,Yes,No,64,Two year,No,25.0,1584.8,Credit card (automatic),2.68,2.68,Low
5609-IMCGG,Female,0,No,No,15,Month-to-month,Fiber optic,84.35,1302.65,Credit card (automatic),64.49,64.49,High
4873-ILOLJ,Male,0,No,No,24,Month-to-month,Fiber optic,90.35,2238.5,Electronic check,78.86,78.86,High
4727-MCYZG,Male,0,No,No,1,Month-to-month,DSL,55.55,55.55,Mailed check,57.96,57.96,Medium
9481-WHGWY,Female,0,Yes,Yes,70,Two year,DSL,75.35,5437.75,Credit card (automatic),3.3,3.3,Low
2725-KXXWT,Male,0,Yes,No,1,Month-to-month,Fiber optic,90.75,90.75,Electronic check,90.58,90.58,High
9565-DJPIB,Female,0,No,Yes,4,Month-to-month,Fiber optic,89.6,365.65,Mailed check,80.18,80.18,High
4328-VUFWD,Female,0,No,No,39,One year,DSL,59.3,2209.15,Electronic check,17.79,17.79,Low
3301-LSLWQ,Female,0,No,No,29,Month-to-month,DSL,66.1,1912.15,Electronic check,41.95,41.95,Medium
7473-ZBDSN,Female,0,Yes,Yes,14,Two year,No,18.8,255.55,Mailed check,3.85,3.85,Low
3166-PNEOF,Female,0,No,No,61,Two year,DSL,86.45,5175.3,Credit card (automatic),10.38,10.38,Low
5639-NTUPK,Male,0,No,Yes,13,Month-to-month,DSL,52.1,670.65,Credit card (automatic),53.55,53.55,Medium
8780-YRMTT,Female,0,No,No,66,Two year,DSL,47.4,3177.25,Mailed check,0.61,0.61,Low
8348-HFYIV,Male,0,No,No,2,Month-to-month,DSL,49.25,90.35,Electronic check,89.72,89.72,High
5140-FOMCQ,Female,0,Yes,No,59,One year,Fiber optic,109.15,6557.75,Credit card (automatic),40.73,40.73,Medium
6242-SGYTS,Male,0,Yes,Yes,62,One year,Fiber optic,94.95,5791.85,Credit card (automatic),20.61,20.61,Low
8166-ORCHU,Male,1,Yes,No,33,One year,Fiber optic,93.55,3055.5,Electronic check,28.44,28.44,Low
8414-OOEEL,Male,0,No,Yes,66,Two year,DSL,79.5,5196.1,Credit card (automatic),9.18,9.18,Low
8454-AATJP,Female,0,No,No,72,Two year,Fiber optic,115.05,8405.0,Credit card (automatic),18.1,18.1,Low
6849-WLEYG,Male,0,No,Yes,1,Month-to-month,No,19.75,19.75,Mailed check,44.82,44.82,Medium
4659-NZRUF,Female,0,No,No,19,Month-to-month,Fiber optic,95.15,1789.25,Electronic check,76.03,76.03,High
4531-AUZNK,Female,0,Yes,Yes,51,One year,Fiber optic,95.15,5000.05,Mailed check,5.43,5.43,Low
4191-XOVOM,Male,0,No,No,63,Month-to-month,Fiber optic,105.4,6713.2,Electronic check,52.98,52.98,Medium
2150-OEGBV,Male,0,No,No,27,One year,No,20.1,562.6,Bank transfer (automatic),12.2,12.2,Low
8429-XIBUM,Male,0,No,No,22,Month-to-month,Fiber optic,101.35,2317.1,Bank transfer (automatic),75.08,75.08,High
1855-CFULU,Female,1,No,No,4,Month-to-month,No,20.05,91.45,Mailed check,58.45,58.45,Medium
4878-BUNFV,Male,0,Yes,Yes,42,Two year,No,20.7,828.85,Mailed check,1.94,1.94,Low
1872-EBWSC,Female,0,No,No,29,One year,No,20.35,617.35,Mailed check,10.41,10.41,Low
2608-BHKFN,Female,0,No,No,4,Month-to-month,Fiber optic,70.05,266.9,Credit card (automatic),72.78,72.78,High
7026-YMSBE,Male,0,No,No,30,One year,No,19.7,625.05,Mailed check,11.28,11.28,Low
7341-LXCAF,Male,0,Yes,No,4,Month-to-month,Fiber optic,74.65,301.4,Electronic check,82.9,82.9,High
6997-UVGOX,Male,0,Yes,Yes,71,Two year,DSL,85.45,6029.9,Bank transfer (automatic),1.7,1.7,Low
9674-EHPPG,Male,0,Yes,No,46,Two year,DSL,40.4,1842.7,Credit card (automatic),1.86,1.86,Low
9462-MJUAW,Male,0,No,No,4,Month-to-month,DSL,50.4,206.6,Mailed check,68.68,68.68,High
8128-YVJRG,Female,0,No,No,7,Month-to-month,Fiber optic,79.65,604.7,Mailed check,73.14,73.14,High
5440-VHLUL,Male,0,No,No,69,One year,Fiber optic,105.2,7386.05,Bank transfer (automatic),41.04,41.04,Medium
5781-BKHOP,Female,0,Yes,No,72,Two year,Fiber optic,100.65,7334.05,Bank transfer (automatic),2.5,2.5,Low
4283-FUTGF,Male,1,No,No,19,Month-to-month,Fiber optic,79.85,1471.75,Electronic check,76.08,76.08,High
5213-TWWJU,Male,0,No,No,28,Month-to-month,Fiber optic,91.0,2626.15,Electronic check,31.86,31.86,Medium
1569-TTNYJ,Male,0,Yes,No,5,Month-to-month,Fiber optic,78.75,412.1,Electronic check,83.41,83.41,High
8628-MFKAX,Female,1,Yes,No,72,Two year,Fiber optic,116.75,8277.05,Credit card (automatic),14.16,14.16,Low
2397-BRLOM,Male,1,Yes,Yes,8,Month-to-month,Fiber optic,80.45,583.45,Credit card (automatic),76.32,76.32,High
7629-WIXZF,Female,0,No,No,7,One year,DSL,59.1,369.25,Electronic check,28.89,28.89,Low
5445-GLVOT,Female,0,No,No,22,Month-to-month,DSL,49.8,1049.05,Electronic check,53.41,53.41,Medium
3976-HXHCE,Male,0,No,No,72,Two year,No,19.3,1414.8,Bank transfer (automatic),3.44,3.44,Low
2466-NEJOJ,Male,0,Yes,Yes,8,Month-to-month,No,19.65,169.75,Credit card (automatic),26.78,26.78,Low
0254-KCJGT,Male,0,Yes,No,52,One year,DSL,81.4,4354.45,Credit card (automatic),22.65,22.65,Low
5472-CVMDX,Female,0,No,No,68,Two year,DSL,38.9,2719.2,Mailed check,0.59,0.59,Low
6461-SZMCV,Female,0,Yes,No,71,Two year,DSL,87.95,6365.35,Bank transfer (automatic),2.44,2.44,Low
8150-QUDFX,Male,0,No,No,2,Month-to-month,No,19.85,51.6,Mailed check,46.2,46.2,Medium
9508-ILZDG,Female,1,No,No,34,Month-to-month,Fiber optic,96.35,3190.25,Electronic check,62.6,62.6,High
2346-DJQTB,Female,0,No,No,35,Month-to-month,DSL,24.15,812.5,Electronic check,50.84,50.84,Medium
1697-LYYYX,Female,0,Yes,Yes,61,One year,No,19.1,1143.8,Credit card (automatic),5.05,5.05,Low
1942-OQFRW,Male,0,No,No,1,Month-to-month,DSL,44.0,44.0,Electronic check,68.6,68.6,High
4749-VFKVB,Female,0,No,No,1,Month-to-month,DSL,50.1,50.1,Mailed check,71.95,71.95,High
9640-ZSLDC,Female,0,Yes,Yes,53,One year,DSL,60.6,3297.0,Credit card (automatic),15.64,15.64,Low
4231-LZUYM,Female,0,Yes,No,72,Two year,No,25.65,1887.0,Bank transfer (automatic),1.46,1.46,Low
7598-UAASY,Male,0,Yes,No,2,Month-to-month,Fiber optic,76.4,151.8,Electronic check,78.37,78.37,High
7938-OUHIO,Male,0,No,No,3,Month-to-month,Fiber optic,98.7,293.65,Electronic check,84.41,84.41,High
8510-AWCXC,Female,1,No,No,13,Month-to-month,Fiber optic,100.8,1308.1,Electronic check,88.38,88.38,High
6128-AQBMT,Male,1,Yes,No,41,Month-to-month,DSL,53.95,2215.4,Electronic check,78.26,78.26,High
3594-BDSOA,Female,0,Yes,No,24,One year,No,20.4,482.8,Credit card (automatic),10.75,10.75,Low
0431-APWVY,Female,0,Yes,Yes,28,One year,Fiber optic,90.1,2598.95,Bank transfer (automatic),49.71,49.71,Medium
5133-VRSAB,Male,0,No,No,8,Month-to-month,DSL,29.35,216.45,Mailed check,48.87,48.87,Medium
5996-DAOQL,Male,0,No,No,1,Month-to-month,No,20.45,20.45,Mailed check,51.91,51.91,Medium
6838-YAUVY,Female,0,No,No,54,Two year,Fiber optic,95.1,5064.85,Bank transfer (automatic),16.75,16.75,Low
0484-JPBRU,Male,0,No,No,41,Month-to-month,No,25.25,996.45,Bank transfer (automatic),28.16,28.16,Low
7883-ROJOC,Female,0,Yes,No,19,Month-to-month,DSL,44.9,839.65,Mailed check,46.49,46.49,Medium
0244-LGNFY,Female,0,Yes,Yes,72,Two year,DSL,92.65,6733.0,Bank transfer (automatic),2.5,2.5,Low
7274-CGTOD,Male,0,No,No,62,Two year,DSL,43.7,2618.3,Bank transfer (automatic),0.55,0.55,Low
4295-YURET,Female,1,Yes,Yes,56,Two year,DSL,72.6,4084.35,Credit card (automatic),10.02,10.02,Low
3426-NIYYL,Male,0,No,No,15,Month-to-month,DSL,51.55,765.5,Electronic check,65.13,65.13,High
8225-BTJAU,Male,1,No,No,10,Month-to-month,Fiber optic,79.25,793.55,Electronic check,79.84,79.84,High
4635-EJYPD,Male,0,Yes,Yes,32,Two year,No,18.95,613.95,Mailed check,1.92,1.92,Low
1866-ZSLJM,Male,0,No,No,21,Month-to-month,No,20.5,402.85,Credit card (automatic),27.42,27.42,Low
4636-TVXVG,Male,0,Yes,Yes,62,One year,No,19.95,1244.8,Bank transfer (automatic),6.12,6.12,Low
4236-UJPWO,Female,0,No,No,2,Month-to-month,DSL,24.5,46.4,Electronic check,75.41,75.41,High
9392-XBGTD,Male,0,No,Yes,27,Two year,No,20.6,581.85,Mailed check,4.07,4.07,Low
3387-VATUS,Male,0,No,No,5,Month-to-month,Fiber optic,94.85,462.8,Bank transfer (automatic),89.11,89.11,High
6402-SSEJG,Female,0,No,No,25,One year,DSL,61.05,1540.2,Electronic check,32.04,32.04,Medium
1143-NMNQJ,Female,0,No,No,2,Month-to-month,Fiber optic,85.7,169.8,Electronic check,90.94,90.94,High
1169-SAOCL,Male,0,No,No,49,One year,Fiber optic,106.65,5168.1,Bank transfer (automatic),50.22,50.22,Medium
1110-KYLGQ,Female,0,No,No,63,Month-to-month,Fiber optic,108.25,6780.1,Credit card (automatic),42.01,42.01,Medium
9929-PLVPA,Female,0,No,Yes,4,Month-to-month,No,20.4,94.5,Credit card (automatic),32.85,32.85,Medium
3518-PZXZQ,Female,0,Yes,No,1,Month-to-month,DSL,55.3,55.3,Mailed check,70.98,70.98,High
2371-JUNGC,Male,0,No,No,11,Month-to-month,No,20.25,208.0,Mailed check,45.1,45.1,Medium
7693-QPEFS,Male,1,No,No,52,Month-to-month,Fiber optic,72.95,3829.75,Bank transfer (automatic),38.18,38.18,Medium
0924-BJCRC,Female,1,Yes,No,60,Month-to-month,Fiber optic,89.45,5294.6,Electronic check,29.05,29.05,Low
5074-FBGHB,Male,0,No,No,64,One year,Fiber optic,104.65,6889.8,Credit card (automatic),43.91,43.91,Medium
2351-BKRZW,Female,0,Yes,Yes,43,Two year,DSL,75.2,3254.35,Bank transfer (automatic),3.39,3.39,Low
4455-BFSPD,Female,0,Yes,No,61,One year,Fiber optic,101.15,6383.9,Bank transfer (automatic),22.58,22.58,Low
0415-MOSGF,Female,0,No,No,1,Month-to-month,DSL,44.4,44.4,Mailed check,64.96,64.96,High
1724-BQUHA,Male,1,No,No,5,Month-to-month,Fiber optic,89.5,477.7,Electronic check,89.17,89.17,High
3948-KXDUF,Male,0,No,No,66,Two year,DSL,68.75,4447.55,Bank transfer (automatic),0.57,0.57,Low
2323-ARSVR,Male,0,Yes,No,67,Two year,Fiber optic,111.05,7321.05,Electronic check,6.38,6.38,Low
0815-MFZGM,Female,0,Yes,No,42,Two year,Fiber optic,99.0,4135.0,Credit card (automatic),12.01,12.01,Low
4826-XTSOH,Male,1,Yes,No,1,Month-to-month,Fiber optic,86.05,86.05,Electronic check,88.77,88.77,High
5480-XTFFL,Female,0,Yes,Yes,31,Two year,No,21.0,697.7,Mailed check,2.87,2.87,Low
8295-FHIVV,Male,0,No,No,7,Month-to-month,No,19.4,168.65,Mailed check,51.65,51.65,Medium
2495-INZWQ,Male,0,No,No,4,Month-to-month,DSL,44.55,174.3,Electronic check,90.19,90.19,High
9086-YJYXS,Male,0,Yes,Yes,34,One year,DSL,77.2,2753.8,Bank transfer (automatic),24.1,24.1,Low
1179-INLAT,Male,0,No,No,3,One year,No,19.45,69.25,Mailed check,18.07,18.07,Low
7909-FIOIY,Female,0,Yes,Yes,19,Month-to-month,DSL,24.85,434.8,Mailed check,47.1,47.1,Medium
4139-SUGLD,Male,0,Yes,Yes,31,Month-to-month,DSL,35.4,1077.5,Bank transfer (automatic),20.38,20.38,Low
6857-VWJDT,Female,0,No,No,1,Month-to-month,Fiber optic,95.65,95.65,Mailed check,91.68,91.68,High
6351-SCJKT,Male,0,No,No,3,Month-to-month,DSL,41.35,107.25,Mailed check,44.65,44.65,Medium
5468-BPMMO,Male,0,Yes,No,46,Month-to-month,No,19.6,851.2,Electronic check,25.74,25.74,Low
5624-BQSSA,Female,0,No,No,1,Month-to-month,No,20.95,20.95,Mailed check,48.88,48.88,Medium
0197-PNKNK,Female,0,Yes,Yes,69,One year,Fiber optic,84.45,5848.6,Bank transfer (automatic),6.35,6.35,Low
2439-QKJUL,Male,0,No,No,5,Month-to-month,No,20.25,109.8,Mailed check,46.15,46.15,Medium
1194-SPVSP,Male,0,No,No,1,Month-to-month,No,19.65,19.65,Bank transfer (automatic),46.26,46.26,Medium
9534-NSXEM,Male,0,No,No,26,One year,No,20.65,595.5,Credit card (automatic),13.96,13.96,Low
2408-WITXK,Female,1,No,No,10,Month-to-month,DSL,34.7,329.8,Electronic check,82.69,82.69,High
8929-KSWIH,Male,0,No,No,25,Two year,Fiber optic,99.3,2513.5,Bank transfer (automatic),20.87,20.87,Low
2250-IVBWA,Male,0,Yes,Yes,64,Month-to-month,Fiber optic,81.05,5135.35,Electronic check,13.77,13.77,Low
1810-MVMAI,Male,0,Yes,Yes,30,Month-to-month,DSL,67.6,2000.2,Electronic check,30.74,30.74,Medium
9506-UXUSK,Male,0,No,No,13,Month-to-month,Fiber optic,70.15,931.75,Electronic check,73.67,73.67,High
1229-RCALF,Female,0,Yes,No,64,One year,Fiber optic,115.0,7396.15,Electronic check,34.25,34.25,Medium
3572-UOLYZ,Female,0,No,Yes,46,Month-to-month,Fiber optic,84.8,3958.85,Bank transfer (automatic),26.03,26.03,Low
1429-UYJSV,Female,0,No,No,12,One year,No,19.7,260.9,Mailed check,13.22,13.22,Low
5577-OTWWW,Female,0,No,No,15,Month-to-month,No,19.75,297.3,Bank transfer (automatic),45.71,45.71,Medium
6100-QQHEB,Male,0,Yes,Yes,17,Month-to-month,Fiber optic,92.55,1515.1,Electronic check,84.79,84.79,High
6366-XIVKZ,Female,0,Yes,Yes,13,Month-to-month,DSL,63.15,816.8,Mailed check,45.45,45.45,Medium
3470-OBUET,Female,0,Yes,Yes,67,Two year,DSL,74.0,4868.4,Credit card (automatic),3.82,3.82,Low
2770-NSVDG,Male,0,Yes,No,24,Month-to-month,DSL,29.1,688.0,Electronic check,70.6,70.6,High
9375-MHRRS,Male,0,No,No,6,Month-to-month,DSL,50.05,288.35,Mailed check,41.17,41.17,Medium
2634-HCZGT,Male,1,Yes,No,53,One year,DSL,60.05,3229.65,Electronic check,5.35,5.35,Low
7503-QQRVF,Male,1,Yes,No,16,Month-to-month,Fiber optic,74.3,1178.25,Credit card (automatic),61.68,61.68,High
4860-YZGZM,Male,0,No,No,10,Month-to-month,No,20.0,185.4,Electronic check,42.3,42.3,Medium
6599-GZWCM,Female,0,No,No,13,One year,Fiber optic,74.65,966.25,Mailed check,44.86,44.86,Medium
2691-NZETQ,Male,0,No,No,9,Month-to-month,Fiber optic,85.35,758.6,Electronic check,84.83,84.83,High
4404-HIBDJ,Female,0,No,No,25,One year,DSL,74.3,1863.8,Mailed check,21.02,21.02,Low
5533-NHFRF,Male,1,No,No,7,Month-to-month,DSL,44.4,265.8,Electronic check,70.69,70.69,High
7037-MTYVW,Male,0,Yes,Yes,38,Two year,DSL,85.4,3297.0,Bank transfer (automatic),2.44,2.44,Low
4760-THGOT,Female,0,Yes,No,43,Month-to-month,Fiber optic,94.1,4107.3,Electronic check,56.11,56.11,Medium
7295-JOMMD,Female,0,No,Yes,4,Month-to-month,Fiber optic,98.1,396.3,Bank transfer (automatic),78.29,78.29,High
4016-BJKTZ,Female,0,No,No,25,Two year,Fiber optic,108.9,2809.05,Electronic check,30.59,30.59,Medium
6584-VQMYT,Male,0,No,Yes,27,One year,DSL,56.2,1567.55,Mailed check,9.48,9.48,Low
9838-BFCQT,Male,0,Yes,Yes,72,Two year,No,26.1,1851.45,Mailed check,1.43,1.43,Low
2790-XUYMV,Male,0,No,Yes,71,One year,Fiber optic,85.45,6028.95,Credit card (automatic),15.24,15.24,Low
0581-MDMPW,Female,0,No,No,24,Month-to-month,Fiber optic,88.95,2072.75,Credit card (automatic),71.22,71.22,High
5013-SBUIH,Female,0,No,No,50,Two year,Fiber optic,109.65,5551.15,Electronic check,13.87,13.87,Low
1023-BQXZE,Male,0,No,No,57,Two year,DSL,74.35,4317.35,Bank transfer (automatic),9.44,9.44,Low
9163-GHAYE,Female,0,No,No,15,Month-to-month,DSL,48.85,736.8,Electronic check,51.94,51.94,Medium
3904-UKFRE,Male,0,No,No,4,Month-to-month,Fiber optic,80.1,336.15,Electronic check,75.93,75.93,High
5353-WILCI,Female,0,No,No,28,Month-to-month,DSL,56.05,1522.65,Electronic check,44.71,44.71,Medium
0709-TVGUR,Female,1,No,No,9,Month-to-month,Fiber optic,74.55,622.9,Electronic check,86.0,86.0,High
0058-EVZWM,Female,0,Yes,No,55,Month-to-month,Fiber optic,89.8,4959.6,Bank transfer (automatic),35.27,35.27,Medium
6023-YEBUP,Male,0,No,No,3,Month-to-month,Fiber optic,100.95,329.95,Electronic check,91.49,91.49,High
7209-JCUDS,Male,0,No,No,10,Month-to-month,Fiber optic,94.9,1048.85,Electronic check,85.71,85.71,High
7009-PCARS,Male,0,No,Yes,55,One year,No,19.1,1001.5,Bank transfer (automatic),9.37,9.37,Low
0519-DRGTI,Female,0,Yes,Yes,20,Month-to-month,No,20.35,442.6,Mailed check,37.22,37.22,Medium
1017-FBQMM,Female,0,Yes,Yes,62,One year,Fiber optic,106.05,6703.5,Credit card (automatic),37.67,37.67,Medium
3001-CBHLQ,Male,1,Yes,No,32,Month-to-month,Fiber optic,104.9,3351.55,Electronic check,74.54,74.54,High
1985-MBRYP,Female,0,No,No,43,Two year,No,19.65,779.25,Bank transfer (automatic),4.86,4.86,Low
6158-DWPZT,Male,0,Yes,No,9,One year,DSL,24.1,259.8,Bank transfer (automatic),23.25,23.25,Low
9372-TXXPS,Female,0,Yes,No,60,Two year,DSL,59.85,3483.45,Bank transfer (automatic),0.66,0.66,Low
3259-QMXUN,Male,0,Yes,No,58,Two year,DSL,86.1,4890.5,Electronic check,8.62,8.62,Low
1015-JPFYW,Male,0,No,Yes,7,One year,No,19.45,136.75,Mailed check,10.94,10.94,Low
6645-MXQJT,Male,0,Yes,Yes,2,Month-to-month,Fiber optic,97.1,184.15,Electronic check,81.99,81.99,High
4360-QRAVE,Male,1,No,No,37,Month-to-month,DSL,36.65,1315.0,Electronic check,58.88,58.88,Medium
8433-WPJTV,Female,1,Yes,Yes,65,One year,Fiber optic,103.9,6767.1,Bank transfer (automatic),22.62,22.62,Low
5804-JMYIO,Female,0,Yes,Yes,39,Two year,No,19.75,757.95,Mailed check,2.66,2.66,Low
3763-GCZHZ,Male,0,Yes,No,66,One year,Fiber optic,104.05,6890.0,Electronic check,56.5,56.5,Medium
6484-LATFU,Male,0,No,No,68,Two year,No,24.55,1657.4,Mailed check,2.61,2.61,Low
7599-NTMDP,Female,0,Yes,Yes,62,Two year,DSL,48.7,3008.55,Bank transfer (automatic),0.59,0.59,Low
0772-GYEQQ,Male,0,No,No,3,Month-to-month,Fiber optic,88.35,262.05,Mailed check,77.59,77.59,High
0536-ACXIP,Female,0,Yes,No,72,Two year,Fiber optic,109.55,8165.1,Electronic check,18.07,18.07,Low
0936-NQLJU,Female,0,Yes,No,41,Two year,No,20.65,875.55,Credit card (automatic),2.95,2.95,Low
4831-EOBFE,Male,0,Yes,Yes,29,Month-to-month,Fiber optic,94.65,2649.15,Credit card (automatic),52.86,52.86,Medium
1575-KRZZE,Female,0,No,No,4,Month-to-month,DSL,55.2,220.65,Electronic check,58.5,58.5,Medium
3251-YMVWZ,Male,0,No,No,53,One year,No,24.05,1301.9,Bank transfer (automatic),6.62,6.62,Low
4102-OQUPX,Male,1,Yes,No,1,Month-to-month,Fiber optic,74.4,74.4,Electronic check,86.85,86.85,High
9170-GYZJC,Female,0,Yes,Yes,41,Month-to-month,DSL,79.9,3326.2,Credit card (automatic),49.27,49.27,Medium
4884-LEVMQ,Male,0,Yes,No,39,Two year,No,20.45,790.0,Bank transfer (automatic),2.93,2.93,Low
8857-CUPFQ,Male,0,Yes,No,63,Two year,No,19.25,1237.65,Mailed check,1.86,1.86,Low
7610-TVOPG,Male,0,No,No,15,Month-to-month,No,26.35,378.6,Electronic check,48.66,48.66,Medium
3638-DIMPH,Female,0,Yes,No,13,One year,DSL,43.8,592.65,Electronic check,25.26,25.26,Low
1845-ZLLIG,Male,0,No,No,1,Month-to-month,DSL,50.15,50.15,Mailed check,61.19,61.19,High
8559-WNQZS,Male,0,No,No,1,Two year,No,20.45,20.45,Mailed check,7.19,7.19,Low
3999-QGRJH,Male,1,No,No,8,Month-to-month,Fiber optic,69.7,560.85,Electronic check,76.36,76.36,High
1699-UOTXU,Male,0,No,No,60,Two year,DSL,61.4,3638.25,Electronic check,2.78,2.78,Low
2454-RPBRZ,Female,1,Yes,No,12,Month-to-month,Fiber optic,98.1,1060.2,Electronic check,87.06,87.06,High
0635-WKOLD,Male,0,Yes,No,40,One year,DSL,70.75,2921.75,Credit card (automatic),22.7,22.7,Low
5993-JSUWV,Female,0,No,No,66,Two year,DSL,61.15,4017.45,Bank transfer (automatic),3.58,3.58,Low
4518-FZBSX,Male,0,Yes,Yes,42,One year,No,20.25,854.9,Mailed check,5.98,5.98,Low
5387-ASZNZ,Female,1,No,No,66,One year,DSL,63.85,4174.35,Credit card (automatic),7.86,7.86,Low
6988-CJEYV,Male,0,No,No,49,Month-to-month,Fiber optic,98.7,4920.55,Electronic check,66.31,66.31,High
2002-MZHWP,Female,0,No,No,1,Month-to-month,No,20.5,20.5,Mailed check,48.81,48.81,Medium
3097-FQTVJ,Female,0,No,No,41,Two year,No,20.0,810.3,Mailed check,4.42,4.42,Low
5465-BUBFA,Female,0,Yes,Yes,41,Two year,No,19.3,772.4,Bank transfer (automatic),3.4,3.4,Low
7299-GNVPL,Female,0,Yes,Yes,23,Month-to-month,Fiber optic,84.4,1936.85,Mailed check,33.72,33.72,Medium
9743-DQKQW,Male,0,No,No,3,Month-to-month,DSL,25.1,79.8,Electronic check,79.6,79.6,High
1215-VFYVK,Female,0,No,No,4,Month-to-month,DSL,48.25,202.25,Mailed check,46.12,46.12,Medium
9371-BITHB,Female,0,Yes,Yes,52,Two year,No,19.85,1070.5,Mailed check,2.49,2.49,Low
2265-CYWIV,Female,1,Yes,No,4,Month-to-month,Fiber optic,99.6,347.65,Electronic check,91.13,91.13,High
9093-FPDLG,Female,0,No,No,11,Month-to-month,Fiber optic,94.2,999.9,Electronic check,72.01,72.01,High
0541-FITGH,Female,0,Yes,No,2,Month-to-month,DSL,62.15,113.1,Mailed check,60.96,60.96,High
6985-HAYWX,Female,0,Yes,No,26,Month-to-month,Fiber optic,79.3,2015.8,Bank transfer (automatic),61.44,61.44,High
7508-KBIMB,Male,0,Yes,Yes,24,One year,DSL,56.25,1454.25,Credit card (automatic),14.17,14.17,Low
6838-HVLXG,Female,0,No,No,12,Month-to-month,No,20.3,246.7,Mailed check,46.6,46.6,Medium
2277-DJJDL,Male,1,Yes,No,60,Month-to-month,Fiber optic,99.0,6017.9,Electronic check,58.57,58.57,Medium
1897-OKVMW,Female,0,Yes,Yes,64,Two year,DSL,90.6,5817.45,Mailed check,2.41,2.41,Low
5485-ITNPC,Male,0,Yes,No,66,Two year,DSL,85.9,5595.3,Bank transfer (automatic),2.44,2.44,Low
0233-FTHAV,Female,0,No,No,60,One year,Fiber optic,79.2,4765.0,Bank transfer (automatic),19.57,19.57,Low
4644-PIZRT,Male,0,Yes,Yes,17,One year,DSL,70.35,1201.65,Bank transfer (automatic),7.46,7.46,Low
8922-NPKBJ,Male,0,Yes,Yes,42,Two year,No,19.35,867.3,Mailed check,1.93,1.93,Low
2740-TVLFN,Male,0,No,No,1,Month-to-month,DSL,50.15,50.15,Electronic check,74.34,74.34,High
7771-CFQRQ,Female,0,Yes,Yes,47,Two year,DSL,63.8,3007.25,Bank transfer (automatic),4.4,4.4,Low
9512-PHSMG,Female,0,Yes,No,10,Month-to-month,No,20.55,252.75,Mailed check,46.35,46.35,Medium
6963-EZQEE,Male,1,Yes,No,70,Two year,DSL,88.55,6306.5,Credit card (automatic),6.39,6.39,Low
2452-KDRRH,Male,1,No,No,67,Month-to-month,Fiber optic,101.4,6841.05,Credit card (automatic),44.91,44.91,Medium
2004-OCQXK,Female,0,No,No,1,Month-to-month,Fiber optic,81.95,81.95,Electronic check,87.11,87.11,High
5027-QPKTE,Male,0,Yes,No,7,Month-to-month,Fiber optic,69.35,451.1,Electronic check,77.4,77.4,High
4146-SVFUD,Male,0,No,No,1,Month-to-month,DSL,44.6,44.6,Mailed check,66.8,66.8,High
1564-HJUVY,Male,0,No,No,4,Month-to-month,DSL,63.75,226.2,Bank transfer (automatic),49.65,49.65,Medium
3617-XLSGQ,Female,0,Yes,Yes,66,Two year,Fiber optic,109.25,7082.5,Bank transfer (automatic),5.9,5.9,Low
7517-LDMPS,Female,0,No,No,12,Month-to-month,Fiber optic,84.6,1017.35,Electronic check,78.6,78.6,High
7244-KXYZN,Female,0,No,No,24,One year,No,20.45,527.35,Credit card (automatic),11.85,11.85,Low
5226-NOZFC,Male,0,No,No,26,Month-to-month,Fiber optic,85.75,2146.5,Electronic check,70.69,70.69,High
2672-HUYVI,Female,0,No,No,6,Month-to-month,Fiber optic,91.1,455.3,Electronic check,88.39,88.39,High
1400-WIVLL,Male,0,Yes,No,57,Two year,Fiber optic,107.95,5969.85,Electronic check,15.71,15.71,Low
7508-MYBOG,Male,0,Yes,No,14,Month-to-month,Fiber optic,86.1,1235.55,Electronic check,82.07,82.07,High
8148-NLEGT,Female,0,Yes,Yes,42,Two year,No,22.95,1014.25,Electronic check,3.81,3.81,Low
0148-DCDOS,Male,0,No,No,25,Month-to-month,Fiber optic,94.7,2362.1,Bank transfer (automatic),78.79,78.79,High
8347-GDTMP,Female,0,Yes,No,64,Two year,No,19.45,1225.65,Credit card (automatic),1.99,1.99,Low
9992-RRAMN,Male,0,Yes,No,22,Month-to-month,Fiber optic,85.1,1873.7,Electronic check,79.68,79.68,High
6746-WAUWT,Male,0,No,No,19,One year,No,19.7,386.5,Credit card (automatic),14.11,14.11,Low
0310-MVLET,Female,0,Yes,Yes,61,Month-to-month,Fiber optic,99.15,6010.05,Electronic check,52.05,52.05,Medium
0428-IKYCP,Male,0,Yes,No,22,Month-to-month,Fiber optic,87.0,1850.65,Bank transfer (automatic),67.87,67.87,High
4550-VBOFE,Male,1,Yes,No,70,Month-to-month,Fiber optic,102.95,7101.5,Electronic check,58.05,58.05,Medium
2187-PKZAY,Male,0,No,No,12,Month-to-month,Fiber optic,79.95,1043.4,Bank transfer (automatic),73.56,73.56,High
4003-OCTMP,Female,0,Yes,No,31,One year,DSL,64.0,1910.75,Electronic check,15.2,15.2,Low
6652-YFFJO,Female,0,No,No,11,Month-to-month,DSL,64.9,716.1,Electronic check,69.09,69.09,High
7225-IILWY,Male,0,Yes,Yes,68,Two year,No,25.75,1686.15,Mailed check,1.37,1.37,Low
5248-RPYWW,Female,1,Yes,Yes,72,Two year,DSL,90.15,6716.45,Bank transfer (automatic),2.14,2.14,Low
7923-IYJWY,Male,1,No,No,67,Two year,Fiber optic,116.1,7839.85,Credit card (automatic),21.07,21.07,Low
3170-GWYKC,Female,0,No,No,60,Month-to-month,Fiber optic,104.95,6236.75,Bank transfer (automatic),21.52,21.52,Low
5696-QURRL,Male,0,No,No,1,Month-to-month,DSL,45.05,45.05,Mailed check,65.66,65.66,High
7409-KIUTL,Female,1,No,Yes,1,Month-to-month,Fiber optic,71.0,71.0,Electronic check,83.16,83.16,High
9830-ECLEN,Male,0,Yes,Yes,58,One year,DSL,50.0,2919.85,Mailed check,10.09,10.09,Low
1732-VHUBQ,Female,1,Yes,Yes,47,Month-to-month,Fiber optic,70.55,3309.25,Bank transfer (automatic),29.66,29.66,Low
0495-RVCBF,Female,0,No,No,1,Month-to-month,Fiber optic,79.7,79.7,Electronic check,86.96,86.96,High
2668-TZSPS,Male,0,No,No,1,Month-to-month,No,20.45,20.45,Mailed check,46.25,46.25,Medium
7854-EDSSA,Male,0,No,No,22,Month-to-month,DSL,59.0,1254.7,Electronic check,43.81,43.81,Medium
8869-TORSS,Female,0,No,No,48,One year,DSL,60.35,2896.4,Credit card (automatic),19.9,19.9,Low
7446-SFAOA,Female,0,Yes,No,37,One year,No,19.85,717.5,Bank transfer (automatic),7.3,7.3,Low
9522-ZSINC,Male,0,No,No,13,One year,No,19.95,253.8,Electronic check,21.32,21.32,Low
8234-GSZYK,Male,0,No,No,43,Two year,No,26.45,1110.05,Bank transfer (automatic),3.1,3.1,Low
6505-OZNPG,Female,0,No,No,6,Two year,DSL,63.4,348.8,Mailed check,9.04,9.04,Low
6164-HAQTX,Male,0,No,No,71,Two year,DSL,53.95,3888.65,Bank transfer (automatic),0.71,0.71,Low
0679-IDSTG,Female,1,Yes,Yes,1,Month-to-month,Fiber optic,69.25,69.25,Electronic check,82.85,82.85,High
7765-LWVVH,Female,0,Yes,Yes,72,Two year,Fiber optic,95.1,6843.15,Electronic check,6.98,6.98,Low
1658-TJVOA,Female,1,No,No,6,Month-to-month,Fiber optic,74.1,450.9,Electronic check,76.43,76.43,High
0953-LGOVU,Male,0,Yes,Yes,12,Month-to-month,DSL,35.5,432.25,Mailed check,32.61,32.61,Medium
2115-BFTIW,Male,0,No,No,25,Month-to-month,Fiber optic,70.95,1767.35,Mailed check,53.68,53.68,Medium
4692-NNQRU,Female,0,Yes,No,21,One year,Fiber optic,79.2,1742.45,Electronic check,19.58,19.58,Low
7742-MYPGI,Female,0,Yes,Yes,6,Month-to-month,DSL,48.8,297.35,Mailed check,49.02,49.02,Medium
0611-DFXKO,Male,0,Yes,No,20,Month-to-month,Fiber optic,89.0,1820.45,Mailed check,81.1,81.1,High
7780-OTDSO,Male,0,Yes,No,18,Month-to-month,Fiber optic,99.4,1742.95,Electronic check,82.93,82.93,High
9619-GSATL,Female,0,No,No,43,One year,DSL,55.45,2444.25,Electronic check,21.98,21.98,Low
5622-UEJFI,Female,0,Yes,Yes,35,Two year,No,25.4,949.8,Credit card (automatic),7.14,7.14,Low
9747-DDZOS,Female,0,No,No,1,Month-to-month,Fiber optic,73.5,73.5,Bank transfer (automatic),71.09,71.09,High
0674-DGMAQ,Male,1,Yes,No,32,Month-to-month,Fiber optic,93.5,2970.8,Electronic check,75.27,75.27,High
6203-HBZPA,Male,0,No,No,52,Two year,DSL,63.9,3334.95,Credit card (automatic),6.73,6.73,Low
0484-FFVBJ,Male,0,No,No,32,One year,DSL,64.85,2010.95,Bank transfer (automatic),36.49,36.49,Medium
0301-FIDRB,Female,0,Yes,Yes,72,Two year,DSL,63.8,4684.3,Bank transfer (automatic),1.98,1.98,Low
4139-JPIAM,Male,0,No,No,51,Month-to-month,DSL,44.45,2181.55,Credit card (automatic),37.0,37.0,Medium
2181-TIDSV,Male,0,Yes,Yes,68,Two year,No,19.95,1303.25,Bank transfer (automatic),2.55,2.55,Low
2761-XECQW,Male,1,Yes,No,8,Month-to-month,DSL,43.35,371.4,Mailed check,85.34,85.34,High
1936-CZAKF,Male,0,Yes,No,49,Two year,DSL,49.65,2409.9,Credit card (automatic),12.61,12.61,Low
9453-PATOS,Female,0,Yes,No,72,Two year,DSL,85.1,6155.4,Mailed check,2.75,2.75,Low
0564-JJHGS,Male,0,No,No,9,Month-to-month,Fiber optic,95.5,829.1,Electronic check,89.29,89.29,High
3348-CFRNX,Female,0,Yes,No,28,Month-to-month,Fiber optic,92.35,2602.9,Mailed check,68.02,68.02,High
4402-FTBXC,Male,0,No,No,54,Month-to-month,Fiber optic,89.8,4667.0,Mailed check,21.09,21.09,Low
1428-GTBJJ,Male,0,No,No,11,Month-to-month,Fiber optic,74.55,824.75,Electronic check,73.42,73.42,High
2931-XIQBR,Female,0,Yes,Yes,50,One year,Fiber optic,103.05,5153.5,Mailed check,16.52,16.52,Low
0106-UGRDO,Female,0,Yes,No,69,Two year,Fiber optic,116.0,8182.85,Electronic check,9.47,9.47,Low
5542-TBBWB,Male,0,No,No,1,Month-to-month,Fiber optic,69.9,69.9,Electronic check,79.74,79.74,High
1930-QPBVZ,Male,0,Yes,Yes,68,Two year,Fiber optic,95.1,6683.4,Bank transfer (automatic),1.13,1.13,Low
2606-PKWJB,Male,0,No,Yes,40,One year,DSL,40.25,1564.05,Mailed check,2.57,2.57,Low
5322-ZSMZY,Male,0,Yes,Yes,31,Two year,No,25.75,755.6,Mailed check,1.33,1.33,Low
8059-UDZFY,Female,1,No,Yes,33,Month-to-month,Fiber optic,105.35,3465.05,Bank transfer (automatic),66.81,66.81,High
7740-BTPUX,Male,1,Yes,No,55,Two year,Fiber optic,113.6,6292.7,Electronic check,21.36,21.36,Low
5220-AGAAX,Male,0,Yes,Yes,68,Two year,No,24.0,1664.3,Bank transfer (automatic),1.67,1.67,Low
0208-BPQEJ,Female,0,Yes,Yes,12,Month-to-month,No,19.4,198.1,Bank transfer (automatic),42.54,42.54,Medium
9435-JMLSX,Male,0,Yes,No,71,Two year,DSL,86.1,6045.9,Bank transfer (automatic),2.44,2.44,Low
3352-ALMCK,Male,0,No,No,40,Month-to-month,Fiber optic,102.65,4108.15,Mailed check,69.74,69.74,High
5312-IRCFR,Female,0,Yes,Yes,64,One year,Fiber optic,92.85,5980.75,Electronic check,34.25,34.25,Medium
5294-IMHHT,Male,0,Yes,No,53,One year,Fiber optic,97.75,5043.2,Bank transfer (automatic),23.47,23.47,Low
8802-UNOJF,Male,1,No,No,12,Month-to-month,Fiber optic,83.8,1029.75,Mailed check,60.49,60.49,High
6313-GIDIT,Male,1,No,No,53,Month-to-month,DSL,54.45,2854.55,Electronic check,65.45,65.45,High
6176-YJWAS,Male,0,Yes,No,72,Two year,Fiber optic,97.95,7114.25,Credit card (automatic),6.46,6.46,Low
5310-NOOVA,Male,0,No,No,46,Two year,No,19.95,907.05,Electronic check,4.53,4.53,Low
4526-EXKKN,Male,0,No,No,40,Two year,No,24.6,973.95,Mailed check,3.54,3.54,Low
5311-IHLEI,Male,0,No,No,12,Month-to-month,DSL,50.95,605.75,Bank transfer (automatic),46.96,46.96,Medium
3987-KQDDU,Male,0,No,No,9,Month-to-month,Fiber optic,75.6,661.55,Electronic check,62.8,62.8,High
3404-JNXAX,Female,0,Yes,Yes,51,Month-to-month,Fiber optic,80.75,4116.9,Electronic check,44.11,44.11,Medium
5131-PONJI,Male,0,Yes,Yes,49,Month-to-month,Fiber optic,90.4,4494.65,Credit card (automatic),47.36,47.36,Medium
2845-AFFTX,Male,1,Yes,No,41,Month-to-month,Fiber optic,99.8,4259.3,Electronic check,76.6,76.6,High
3489-VSFRD,Female,0,No,No,56,One year,DSL,60.25,3282.75,Credit card (automatic),19.04,19.04,Low
3345-JHUEO,Male,0,No,No,4,Month-to-month,No,20.2,55.7,Electronic check,49.89,49.89,Medium
5815-HGGHV,Male,0,Yes,No,20,One year,DSL,64.15,1274.45,Mailed check,11.42,11.42,Low
5260-UMPWX,Female,0,Yes,Yes,26,Month-to-month,No,20.25,493.95,Credit card (automatic),38.54,38.54,Medium
2249-YPRNG,Female,0,Yes,Yes,20,Month-to-month,Fiber optic,105.85,2239.65,Bank transfer (automatic),76.51,76.51,High
7410-YTJIK,Female,0,No,No,7,Month-to-month,Fiber optic,75.45,480.75,Mailed check,82.44,82.44,High
4626-GYCZP,Male,0,No,No,7,Month-to-month,Fiber optic,93.85,635.6,Electronic check,89.95,89.95,High
5649-RXQTV,Male,0,No,No,51,Month-to-month,Fiber optic,99.0,5038.15,Electronic check,53.67,53.67,Medium
2674-MIAHT,Female,0,No,No,4,Month-to-month,Fiber optic,80.3,324.2,Mailed check,85.78,85.78,High
2576-HXMPA,Female,0,No,No,1,Month-to-month,No,19.55,19.55,Credit card (automatic),32.72,32.72,Medium
7587-AOVVU,Male,0,Yes,Yes,27,Month-to-month,Fiber optic,100.75,2793.55,Electronic check,41.97,41.97,Medium
5590-BYNII,Male,0,No,No,22,Month-to-month,Fiber optic,100.75,2095.0,Electronic check,80.77,80.77,High
6898-MDLZW,Male,0,No,No,12,Month-to-month,DSL,53.75,648.65,Mailed check,48.59,48.59,Medium
3237-AJGEH,Female,0,Yes,Yes,3,Month-to-month,DSL,31.0,95.05,Mailed check,49.55,49.55,Medium
4707-YNOQA,Female,0,Yes,Yes,34,One year,No,25.6,917.15,Credit card (automatic),10.81,10.81,Low
9357-UJRUN,Male,0,Yes,No,24,One year,DSL,58.35,1346.9,Electronic check,7.26,7.26,Low
1591-NFNLQ,Male,0,No,No,51,Month-to-month,Fiber optic,80.0,4242.35,Credit card (automatic),46.0,46.0,Medium
8648-PFRMP,Female,1,No,No,14,Month-to-month,DSL,46.35,672.7,Electronic check,86.16,86.16,High
7663-CUXZB,Male,0,Yes,No,59,Two year,Fiber optic,113.75,6561.25,Electronic check,4.98,4.98,Low
0258-NOKBL,Male,0,No,No,3,Month-to-month,Fiber optic,90.4,268.45,Electronic check,75.05,75.05,High
1163-VIPRI,Female,0,Yes,Yes,65,Two year,Fiber optic,109.3,7337.55,Electronic check,5.02,5.02,Low
2815-CPTUL,Male,1,No,No,5,Month-to-month,Fiber optic,70.25,331.9,Mailed check,77.96,77.96,High
9348-ROUAI,Female,0,Yes,Yes,59,Two year,DSL,90.3,5194.05,Credit card (automatic),6.74,6.74,Low
9443-JUBUO,Male,0,Yes,Yes,72,Two year,DSL,65.25,4478.85,Credit card (automatic),4.8,4.8,Low
0596-BQCEQ,Female,0,Yes,Yes,62,Month-to-month,Fiber optic,100.15,6283.3,Electronic check,34.32,34.32,Medium
1481-ZUWZA,Male,0,No,No,28,Month-to-month,Fiber optic,94.5,2659.4,Credit card (automatic),58.62,58.62,Medium
3043-TYBNO,Male,0,No,No,3,Month-to-month,DSL,60.65,196.9,Mailed check,36.69,36.69,Medium
4830-FAXFM,Male,0,No,Yes,19,Month-to-month,No,24.1,439.2,Credit card (automatic),41.36,41.36,Medium
5906-BFOZT,Male,0,No,No,1,Month-to-month,No,19.5,19.5,Mailed check,51.82,51.82,Medium
2960-NKRSO,Male,0,No,No,24,Month-to-month,Fiber optic,85.95,2107.15,Electronic check,60.14,60.14,High
8996-ZROXE,Male,1,No,No,57,One year,DSL,53.5,3035.8,Electronic check,15.85,15.85,Low
5598-IKHQQ,Female,0,No,No,72,Two year,No,25.45,1866.45,Credit card (automatic),3.15,3.15,Low
0397-ZXWQF,Male,0,No,No,67,Two year,No,20.5,1430.95,Bank transfer (automatic),3.69,3.69,Low
5266-PFRQK,Male,0,Yes,Yes,52,One year,No,20.85,1071.6,Credit card (automatic),5.54,5.54,Low
4674-HGNUA,Male,0,Yes,Yes,71,Two year,DSL,89.9,6457.15,Credit card (automatic),6.33,6.33,Low
6765-MBQNU,Female,0,Yes,No,26,One year,No,26.0,684.05,Mailed check,4.41,4.41,Low
9786-IJYDL,Female,0,No,No,35,Two year,Fiber optic,113.2,3914.05,Mailed check,11.16,11.16,Low
1303-SRDOK,Female,0,Yes,Yes,55,Two year,Fiber optic,69.05,3842.6,Credit card (automatic),12.64,12.64,Low
3769-MHZNV,Female,0,Yes,Yes,33,Two year,No,20.1,670.35,Mailed check,2.78,2.78,Low
6295-OSINB,Male,0,Yes,No,72,Two year,Fiber optic,109.65,7880.25,Electronic check,15.5,15.5,Low
3308-MHOOC,Male,0,No,Yes,1,Month-to-month,No,19.2,19.2,Mailed check,50.58,50.58,Medium
2309-OSFEU,Male,0,No,No,10,Month-to-month,DSL,33.9,298.45,Mailed check,79.84,79.84,High
2207-QPJED,Female,1,Yes,No,37,Month-to-month,Fiber optic,90.0,3371.75,Electronic check,38.78,38.78,Medium
4177-JPDFU,Male,0,No,No,12,Month-to-month,DSL,34.0,442.45,Mailed check,47.91,47.91,Medium
2239-CFOUJ,Male,0,Yes,Yes,1,One year,No,20.4,20.4,Mailed check,9.89,9.89,Low
8046-DNVTL,Male,0,Yes,No,62,Two year,DSL,38.6,2345.55,Credit card (automatic),1.27,1.27,Low
2209-XADXF,Female,0,No,No,1,Month-to-month,DSL,25.25,25.25,Bank transfer (automatic),70.04,70.04,High
6620-JDYNW,Female,0,No,No,18,Month-to-month,DSL,60.6,1156.35,Mailed check,30.14,30.14,Medium
1891-FZYSA,Male,1,Yes,No,69,Month-to-month,Fiber optic,89.95,6143.15,Electronic check,59.76,59.76,Medium
4770-UEZOX,Male,0,No,No,2,Month-to-month,Fiber optic,74.75,144.8,Electronic check,78.21,78.21,High
1038-RQOST,Male,0,Yes,Yes,19,Month-to-month,No,20.6,414.95,Mailed check,35.78,35.78,Medium
7613-LLQFO,Male,0,No,No,12,Month-to-month,Fiber optic,84.45,1059.55,Electronic check,83.26,83.26,High
4568-TTZRT,Male,0,No,No,9,Month-to-month,No,20.4,181.8,Mailed check,45.54,45.54,Medium
9513-DXHDA,Male,0,No,No,27,One year,DSL,81.7,2212.55,Electronic check,26.85,26.85,Low
2640-PMGFL,Male,0,No,Yes,27,Month-to-month,Fiber optic,79.5,2180.55,Electronic check,57.17,57.17,Medium
3801-HMYNL,Male,0,Yes,Yes,1,Month-to-month,Fiber optic,89.15,89.15,Mailed check,86.02,86.02,High
0516-QREYC,Female,1,No,No,24,Month-to-month,No,20.3,459.95,Mailed check,56.49,56.49,Medium
9685-WKZGT,Male,1,No,No,14,Month-to-month,Fiber optic,74.95,1036.75,Electronic check,79.23,79.23,High
6022-UGGSO,Female,1,No,No,32,Month-to-month,Fiber optic,74.4,2276.95,Electronic check,61.39,61.39,High
8084-OIVBS,Female,0,No,No,11,One year,No,20.0,211.95,Mailed check,13.32,13.32,Low
8896-BQTTI,Male,0,No,No,1,Month-to-month,No,25.0,25.0,Mailed check,53.18,53.18,Medium
3865-QBWSJ,Male,1,No,Yes,38,Month-to-month,Fiber optic,80.45,3162.65,Mailed check,25.62,25.62,Low
3352-RICWQ,Female,0,Yes,Yes,9,Two year,No,19.75,210.65,Mailed check,4.31,4.31,Low
2160-GPFXD,Male,0,Yes,Yes,54,Two year,DSL,65.65,3566.7,Credit card (automatic),1.59,1.59,Low
2065-MMKGR,Female,0,No,No,29,One year,DSL,71.0,2080.1,Credit card (automatic),29.37,29.37,Low
5857-TYBCJ,Male,1,Yes,No,44,Month-to-month,Fiber optic,89.2,4040.2,Electronic check,69.11,69.11,High
1498-NHTLT,Male,0,Yes,Yes,59,Two year,DSL,86.75,5186.0,Electronic check,3.8,3.8,Low
4484-CGXFK,Female,0,No,No,3,Month-to-month,DSL,55.3,196.15,Electronic check,68.37,68.37,High
1402-PTHGN,Female,0,Yes,Yes,18,One year,DSL,61.5,1087.45,Mailed check,6.16,6.16,Low
4176-RELJR,Male,1,No,No,67,Two year,No,25.1,1672.15,Credit card (automatic),3.51,3.51,Low
6214-EDAKZ,Female,0,Yes,Yes,22,Month-to-month,DSL,55.15,1206.05,Electronic check,44.01,44.01,Medium
5199-FPUSP,Male,0,No,Yes,33,One year,DSL,34.05,1113.95,Credit card (automatic),6.72,6.72,Low
6377-KSLXC,Male,0,No,No,5,Month-to-month,No,19.95,107.05,Mailed check,46.11,46.11,Medium
1796-JANOW,Female,0,No,No,2,Month-to-month,No,19.95,38.15,Mailed check,48.61,48.61,Medium
0238-WHBIQ,Male,0,Yes,Yes,72,Two year,DSL,89.7,6339.3,Credit card (automatic),6.22,6.22,Low
8735-NBLWT,Male,0,No,Yes,9,Month-to-month,No,20.4,184.1,Mailed check,44.49,44.49,Medium
6651-RLGGM,Male,0,Yes,Yes,67,Two year,No,26.3,1688.9,Mailed check,1.37,1.37,Low
6127-ISGTU,Female,0,Yes,No,16,Month-to-month,Fiber optic,84.95,1378.25,Electronic check,81.73,81.73,High
1614-JBEBI,Female,0,No,No,8,Month-to-month,No,20.7,137.6,Mailed check,51.5,51.5,Medium
8740-XLHDR,Male,0,No,No,5,Month-to-month,DSL,43.25,219.0,Mailed check,44.09,44.09,Medium
1208-DNHLN,Male,0,Yes,Yes,23,One year,DSL,48.35,1067.15,Credit card (automatic),25.54,25.54,Low
1761-AEZZR,Male,0,No,No,1,Month-to-month,Fiber optic,79.55,79.55,Electronic check,84.57,84.57,High
3923-CSIHK,Female,1,Yes,No,50,Month-to-month,Fiber optic,71.05,3444.85,Electronic check,51.5,51.5,Medium
5696-EXCYS,Male,0,No,No,17,Two year,No,19.45,369.05,Credit card (automatic),6.66,6.66,Low
5795-KTGUD,Female,0,Yes,No,68,Two year,Fiber optic,110.8,7553.6,Bank transfer (automatic),12.23,12.23,Low
7120-RFMVS,Male,0,No,No,1,Month-to-month,Fiber optic,84.5,84.5,Electronic check,84.94,84.94,High
7924-GJZFI,Female,1,Yes,No,25,Month-to-month,Fiber optic,69.3,1813.1,Electronic check,69.13,69.13,High
4702-HDRKD,Male,0,No,No,67,One year,DSL,49.35,3321.35,Bank transfer (automatic),3.41,3.41,Low
8512-WIWYV,Male,0,No,No,32,One year,No,20.35,707.5,Credit card (automatic),10.36,10.36,Low
5897-ZYEKH,Female,1,Yes,No,67,One year,Fiber optic,105.6,7112.15,Electronic check,29.04,29.04,Low
5456-ITGIC,Male,1,Yes,No,72,Two year,DSL,64.45,4641.1,Credit card (automatic),4.38,4.38,Low
7317-GGVPB,Male,0,Yes,No,71,Two year,Fiber optic,108.6,7690.9,Credit card (automatic),16.4,16.4,Low
1406-PUQVY,Male,0,No,Yes,1,Month-to-month,DSL,49.9,49.9,Electronic check,63.74,63.74,High
1322-AGOQM,Male,0,No,No,46,Month-to-month,DSL,30.3,1380.1,Bank transfer (automatic),39.77,39.77,Medium
3677-IYRBF,Female,1,No,No,2,Month-to-month,DSL,30.4,78.65,Electronic check,87.33,87.33,High
5692-FPTAH,Female,0,No,No,1,Month-to-month,DSL,45.4,45.4,Mailed check,65.36,65.36,High
9114-AAFQH,Female,0,Yes,No,48,One year,DSL,65.65,3094.65,Electronic check,26.43,26.43,Low
8715-KKTFG,Female,0,Yes,No,61,One year,Fiber optic,103.3,6518.35,Bank transfer (automatic),26.86,26.86,Low
1550-LOAHA,Female,0,Yes,No,32,Month-to-month,Fiber optic,84.15,2585.95,Bank transfer (automatic),41.14,41.14,Medium
1728-BQDMA,Female,0,No,No,2,Month-to-month,DSL,44.45,82.7,Electronic check,64.8,64.8,High
0268-QKIWO,Female,0,No,No,3,Month-to-month,No,19.75,58.85,Electronic check,48.53,48.53,Medium
0876-WDUUZ,Female,0,No,No,5,Month-to-month,Fiber optic,85.4,425.9,Credit card (automatic),72.13,72.13,High
5117-ZSMHQ,Female,0,Yes,Yes,71,Two year,DSL,89.9,6342.7,Bank transfer (automatic),2.52,2.52,Low
5151-HQRDG,Male,0,Yes,No,37,Month-to-month,DSL,55.05,2030.75,Mailed check,20.98,20.98,Low
0960-HUWBM,Male,0,Yes,Yes,65,Two year,Fiber optic,104.1,6700.05,Bank transfer (automatic),14.02,14.02,Low
6465-GSRCL,Female,0,No,Yes,67,One year,Fiber optic,106.6,7244.7,Bank transfer (automatic),34.04,34.04,Medium
0617-FHSGK,Male,0,No,Yes,49,Month-to-month,Fiber optic,75.2,3678.3,Credit card (automatic),48.82,48.82,Medium
0263-FJTQO,Male,0,Yes,Yes,50,Two year,DSL,70.5,3486.65,Credit card (automatic),2.25,2.25,Low
7319-ZNRTR,Male,0,Yes,Yes,25,One year,No,19.6,411.15,Electronic check,10.12,10.12,Low
2858-MOFSQ,Female,0,No,Yes,17,One year,DSL,55.85,937.5,Mailed check,26.29,26.29,Low
7503-EPSZW,Female,0,Yes,Yes,64,Two year,No,24.05,1559.15,Mailed check,1.52,1.52,Low
7089-XXAYG,Male,0,Yes,No,25,One year,DSL,38.1,970.4,Credit card (automatic),32.61,32.61,Medium
8118-LSUEL,Male,1,No,No,23,Month-to-month,Fiber optic,106.4,2483.5,Electronic check,83.18,83.18,High
8070-AAWZP,Male,1,Yes,No,24,Month-to-month,DSL,34.25,828.2,Mailed check,39.53,39.53,Medium
1666-JXLKU,Female,0,No,No,37,Month-to-month,Fiber optic,100.05,3810.55,Electronic check,76.4,76.4,High
7855-DIWPO,Female,0,No,No,21,Month-to-month,Fiber optic,68.65,1493.2,Electronic check,71.37,71.37,High
5133-POWUA,Male,0,No,No,1,Month-to-month,DSL,45.8,45.8,Mailed check,65.73,65.73,High
5652-MSDEY,Female,0,No,No,10,Month-to-month,Fiber optic,75.75,777.3,Mailed check,82.45,82.45,High
7005-CCBKV,Male,0,No,No,6,Month-to-month,Fiber optic,84.4,556.35,Electronic check,81.2,81.2,High
1810-BOHSY,Male,0,Yes,No,51,One year,Fiber optic,96.4,4911.05,Credit card (automatic),32.17,32.17,Medium
1784-BXEFA,Female,0,No,No,10,Month-to-month,No,20.55,187.35,Mailed check,51.19,51.19,Medium
7351-MHQVU,Female,0,No,No,6,Month-to-month,DSL,50.95,307.6,Credit card (automatic),56.85,56.85,Medium
9224-VTYID,Male,0,Yes,Yes,47,Two year,DSL,90.5,4318.35,Mailed check,1.68,1.68,Low
9500-IWPXQ,Female,0,Yes,Yes,61,One year,DSL,79.4,4820.55,Electronic check,11.53,11.53,Low
5762-TJXGK,Female,0,No,No,52,Two year,DSL,58.75,3038.55,Bank transfer (automatic),6.96,6.96,Low
4504-YOULA,Female,0,Yes,Yes,35,Month-to-month,DSL,59.45,2136.9,Credit card (automatic),48.14,48.14,Medium
5569-IDSEY,Male,0,Yes,No,71,One year,Fiber optic,105.7,7472.15,Bank transfer (automatic),55.17,55.17,Medium
4250-FDVOU,Female,0,No,No,6,Month-to-month,DSL,56.25,389.1,Electronic check,57.72,57.72,Medium
7284-ZZLOH,Male,0,Yes,No,45,Two year,DSL,53.3,2296.25,Credit card (automatic),3.12,3.12,Low
5277-ZLOOR,Female,1,No,No,2,Month-to-month,Fiber optic,85.55,187.45,Electronic check,90.54,90.54,High
2141-RRYGO,Female,0,No,No,4,Month-to-month,DSL,68.65,261.25,Bank transfer (automatic),57.11,57.11,Medium
1777-JYQPJ,Male,0,No,No,2,Month-to-month,DSL,24.3,38.45,Mailed check,76.74,76.74,High
6376-GAHQE,Male,0,No,No,4,Month-to-month,Fiber optic,77.85,299.2,Electronic check,80.17,80.17,High
3401-URHDA,Male,0,No,No,51,One year,DSL,59.9,3043.6,Credit card (automatic),12.56,12.56,Low
1599-EAHXY,Male,0,Yes,Yes,60,One year,No,23.95,1506.4,Credit card (automatic),8.22,8.22,Low
8631-XVRZL,Male,0,No,No,9,One year,No,20.15,163.7,Mailed check,16.13,16.13,Low
5052-PNLOS,Male,0,No,No,3,Month-to-month,Fiber optic,105.35,323.25,Bank transfer (automatic),88.51,88.51,High
3853-LYGAM,Male,0,No,No,17,Month-to-month,Fiber optic,95.65,1640.0,Bank transfer (automatic),61.58,61.58,High
6979-ZNSFF,Female,0,No,No,8,Month-to-month,Fiber optic,87.05,762.1,Electronic check,86.37,86.37,High
5751-USDBL,Male,0,Yes,Yes,46,Two year,DSL,81.0,3846.35,Mailed check,1.4,1.4,Low
5680-LQOGP,Female,0,No,No,68,Two year,DSL,82.45,5646.6,Credit card (automatic),10.58,10.58,Low
2386-LAHRK,Male,0,No,No,1,Month-to-month,DSL,53.5,53.5,Mailed check,66.69,66.69,High
8189-DUKMV,Female,0,Yes,No,4,One year,No,20.5,79.05,Bank transfer (automatic),12.73,12.73,Low
6032-IGALN,Female,0,No,No,1,Month-to-month,DSL,25.1,25.1,Mailed check,73.09,73.09,High
9931-DCEZH,Male,0,No,Yes,28,One year,DSL,54.4,1516.6,Credit card (automatic),23.06,23.06,Low
1898-JSNDC,Female,0,No,No,39,One year,DSL,58.6,2224.5,Credit card (automatic),22.68,22.68,Low
0315-LVCRK,Male,0,No,No,11,Month-to-month,Fiber optic,84.8,888.75,Electronic check,76.15,76.15,High
3911-RSNHI,Female,0,Yes,No,71,Two year,DSL,61.4,4310.35,Credit card (automatic),6.7,6.7,Low
2410-CIYFZ,Male,0,No,Yes,2,Month-to-month,No,20.4,42.9,Mailed check,44.94,44.94,Medium
4248-HCETZ,Male,1,Yes,No,30,Month-to-month,Fiber optic,79.65,2365.15,Mailed check,63.15,63.15,High
5505-OVWQW,Female,0,No,No,17,One year,No,20.15,353.65,Mailed check,12.54,12.54,Low
7271-AJDTL,Female,0,Yes,No,55,Month-to-month,Fiber optic,94.45,5073.1,Credit card (automatic),52.15,52.15,Medium
1867-TJHTS,Female,0,No,No,58,Month-to-month,Fiber optic,79.8,4526.85,Bank transfer (automatic),17.87,17.87,Low
0516-WJVXC,Female,0,No,No,5,Month-to-month,DSL,54.2,308.25,Electronic check,55.69,55.69,Medium
9174-FKWZE,Female,1,No,No,1,Month-to-month,No,19.45,19.45,Electronic check,57.8,57.8,Medium
6860-YRJZP,Male,1,No,No,9,Month-to-month,Fiber optic,74.05,678.45,Electronic check,81.64,81.64,High
4429-WYGFR,Male,0,No,No,26,Month-to-month,DSL,49.15,1237.3,Bank transfer (automatic),27.5,27.5,Low
2817-LVCPP,Female,0,No,No,50,Two year,No,19.4,1023.95,Credit card (automatic),2.99,2.99,Low
5038-ETMLM,Female,0,Yes,No,72,Two year,Fiber optic,113.65,8182.75,Bank transfer (automatic),4.63,4.63,Low
5056-FIMPT,Female,0,No,Yes,43,One year,Fiber optic,106.0,4532.3,Credit card (automatic),39.9,39.9,Medium
4521-WFJAI,Male,0,No,No,56,Two year,No,25.95,1444.05,Bank transfer (automatic),3.2,3.2,Low
6569-KTMDU,Female,0,No,No,1,Month-to-month,No,19.1,19.1,Mailed check,48.58,48.58,Medium
8809-RIHDD,Male,0,Yes,Yes,72,Two year,Fiber optic,103.4,7372.65,Electronic check,31.06,31.06,Medium
8809-XKHMD,Male,0,Yes,No,72,Two year,Fiber optic,100.55,7325.1,Bank transfer (automatic),1.96,1.96,Low
0396-YCHWO,Male,0,Yes,No,36,Month-to-month,Fiber optic,95.4,3474.2,Electronic check,79.28,79.28,High
0867-LDTTC,Male,0,No,No,5,Month-to-month,DSL,75.15,392.65,Bank transfer (automatic),35.02,35.02,Medium
4822-NGOCH,Female,0,No,No,13,Month-to-month,Fiber optic,84.45,1058.6,Electronic check,81.28,81.28,High
9391-DXGGG,Female,1,No,No,44,One year,Fiber optic,89.15,3990.75,Credit card (automatic),21.81,21.81,Low
9844-FELAJ,Female,1,Yes,Yes,70,One year,Fiber optic,107.9,7475.85,Electronic check,39.13,39.13,Medium
2122-SZZZD,Male,0,No,No,44,One year,No,19.5,835.5,Credit card (automatic),9.6,9.6,Low
5307-DZCVC,Female,1,Yes,No,32,Month-to-month,Fiber optic,85.95,2628.6,Credit card (automatic),66.89,66.89,High
3148-AOIQT,Female,0,Yes,No,69,Two year,No,24.95,1718.35,Credit card (automatic),3.9,3.9,Low
8679-JOEVF,Female,1,No,No,16,Month-to-month,DSL,59.4,1023.9,Electronic check,63.66,63.66,High
8395-ETZKQ,Male,1,Yes,Yes,68,One year,No,19.5,1193.55,Bank transfer (automatic),7.4,7.4,Low
6692-YQHXC,Male,0,No,No,16,Month-to-month,Fiber optic,69.95,1205.5,Credit card (automatic),58.26,58.26,Medium
3889-VWBID,Male,0,Yes,Yes,68,Two year,DSL,82.85,5776.45,Bank transfer (automatic),1.34,1.34,Low
5222-JCXZT,Male,0,No,No,4,Month-to-month,No,19.0,78.9,Mailed check,46.07,46.07,Medium
9754-CLVZW,Female,0,Yes,Yes,26,Month-to-month,DSL,38.85,1025.15,Credit card (automatic),46.85,46.85,Medium
1432-FPAXX,Female,0,No,No,29,Month-to-month,DSL,30.6,856.35,Electronic check,61.55,61.55,High
2739-CCZMB,Male,0,No,Yes,5,Month-to-month,No,20.35,122.0,Credit card (automatic),29.25,29.25,Low
7080-TNUWP,Male,0,Yes,No,70,One year,Fiber optic,95.0,6602.9,Bank transfer (automatic),22.69,22.69,Low
0496-AHOOK,Male,0,Yes,No,24,One year,DSL,74.4,1712.9,Bank transfer (automatic),20.4,20.4,Low
8336-TAVKX,Female,1,Yes,No,72,Two year,DSL,78.45,5682.25,Bank transfer (automatic),0.98,0.98,Low
2468-SJFLM,Male,0,No,No,1,Month-to-month,Fiber optic,74.3,74.3,Mailed check,68.72,68.72,High
3181-VTHOE,Male,0,Yes,No,70,One year,DSL,51.05,3635.15,Bank transfer (automatic),12.63,12.63,Low
7168-HDQHG,Female,0,Yes,Yes,36,Month-to-month,No,19.2,702.9,Bank transfer (automatic),35.35,35.35,Medium
4803-AXVYP,Female,1,No,No,38,Month-to-month,Fiber optic,99.55,3734.25,Electronic check,67.84,67.84,High
3884-HCSWG,Female,0,No,No,17,Month-to-month,Fiber optic,70.0,1144.5,Electronic check,73.38,73.38,High
4567-AKPIA,Female,0,Yes,Yes,41,One year,Fiber optic,109.1,4454.25,Bank transfer (automatic),35.71,35.71,Medium
5077-DXTCG,Female,0,No,No,1,Month-to-month,DSL,45.3,45.3,Electronic check,70.99,70.99,High
1142-WACZW,Male,0,No,No,2,Month-to-month,DSL,29.85,75.6,Bank transfer (automatic),53.79,53.79,Medium
7901-HXJVA,Male,0,No,No,14,Month-to-month,Fiber optic,76.45,1117.55,Electronic check,66.56,66.56,High
5649-ANRML,Male,1,No,No,2,Month-to-month,Fiber optic,95.1,180.25,Credit card (automatic),72.0,72.0,High
4892-VLANZ,Male,0,No,No,1,Month-to-month,No,19.8,19.8,Mailed check,46.17,46.17,Medium
5924-IFQTT,Male,0,Yes,Yes,13,Month-to-month,DSL,72.8,930.05,Electronic check,59.31,59.31,Medium
7968-QUXNS,Male,0,No,No,6,Month-to-month,No,18.95,110.15,Mailed check,45.88,45.88,Medium
2919-HBCJO,Female,0,No,No,4,Month-to-month,Fiber optic,76.65,333.6,Bank transfer (automatic),74.58,74.58,High
4236-XPXAV,Female,0,Yes,Yes,5,Month-to-month,Fiber optic,99.15,465.05,Mailed check,77.07,77.07,High
8903-WMRNW,Female,0,Yes,No,15,Month-to-month,Fiber optic,101.75,1669.4,Electronic check,67.47,67.47,High
2452-SNHFZ,Female,0,No,No,47,Month-to-month,Fiber optic,75.45,3545.1,Credit card (automatic),39.61,39.61,Medium
3629-WEAAM,Female,0,No,No,8,Month-to-month,DSL,64.1,504.05,Mailed check,35.38,35.38,Medium
6029-CSMJE,Male,0,No,No,17,Month-to-month,DSL,25.65,440.2,Mailed check,69.2,69.2,High
7993-NQLJE,Male,0,Yes,Yes,15,Month-to-month,Fiber optic,75.1,1151.55,Mailed check,35.41,35.41,Medium
9909-DFRJA,Female,0,No,No,26,One year,Fiber optic,95.85,2475.35,Bank transfer (automatic),22.53,22.53,Low
9099-FTUHS,Female,0,No,No,23,Month-to-month,DSL,54.4,1249.25,Electronic check,41.96,41.96,Medium
0581-BXBUB,Female,1,No,No,4,Month-to-month,Fiber optic,72.75,317.75,Electronic check,75.91,75.91,High
4962-CHQPW,Male,0,No,Yes,29,One year,No,19.85,535.05,Mailed check,9.41,9.41,Low
9467-ROOLM,Female,0,No,No,25,Month-to-month,No,19.05,461.3,Mailed check,41.99,41.99,Medium
3030-YZADT,Male,0,No,No,9,Month-to-month,DSL,44.95,431.0,Mailed check,58.0,58.0,Medium
7410-KTVFV,Male,0,Yes,No,18,Month-to-month,DSL,49.55,878.35,Mailed check,49.59,49.59,Medium
5150-ITWWB,Male,1,No,No,3,Month-to-month,Fiber optic,94.85,335.75,Electronic check,92.65,92.65,High
2253-KPMNB,Female,0,Yes,Yes,69,Two year,DSL,46.25,3121.4,Bank transfer (automatic),0.55,0.55,Low
1345-ZUKID,Male,0,No,No,14,One year,No,19.35,324.8,Mailed check,12.27,12.27,Low
6429-SHBCB,Male,0,No,No,19,Month-to-month,DSL,69.6,1394.55,Mailed check,47.96,47.96,Medium
9281-OFDMF,Male,1,No,No,39,Month-to-month,Fiber optic,90.7,3413.25,Electronic check,62.81,62.81,High
2603-HVKCG,Male,0,No,No,31,Month-to-month,Fiber optic,101.4,3143.65,Electronic check,68.75,68.75,High
1834-WULEG,Male,0,Yes,Yes,24,One year,No,20.25,439.75,Mailed check,7.2,7.2,Low
9097-ZUBYC,Male,0,Yes,No,14,Month-to-month,DSL,48.8,664.4,Bank transfer (automatic),29.05,29.05,Low
5148-ORICT,Female,0,Yes,No,64,Two year,DSL,74.35,4759.55,Mailed check,2.35,2.35,Low
4893-GYUJU,Female,0,No,No,50,One year,No,19.35,1033.0,Mailed check,8.03,8.03,Low
4578-PHJYZ,Male,0,Yes,Yes,52,One year,DSL,68.75,3482.85,Electronic check,25.65,25.65,Low
7272-QDCKA,Male,0,No,No,28,One year,Fiber optic,100.2,2688.45,Electronic check,62.15,62.15,High
8908-SLFCJ,Female,0,No,No,21,Two year,No,20.85,435.25,Credit card (automatic),7.4,7.4,Low
8393-DLHGA,Male,0,No,Yes,25,Month-to-month,Fiber optic,95.9,2448.75,Electronic check,67.94,67.94,High
9766-HGEDE,Female,0,Yes,No,17,One year,No,19.35,307.0,Mailed check,9.05,9.05,Low
6968-MHOMU,Male,0,Yes,No,58,One year,DSL,45.0,2689.35,Credit card (automatic),29.04,29.04,Low
7395-IGJOS,Male,1,Yes,No,17,Month-to-month,Fiber optic,81.5,1329.2,Bank transfer (automatic),68.3,68.3,High
5044-XDPYX,Female,0,Yes,No,51,Two year,No,25.5,1281.25,Mailed check,1.43,1.43,Low
1814-WFGVS,Male,0,Yes,Yes,72,Two year,DSL,48.9,3527.0,Mailed check,0.49,0.49,Low
2834-SPCJV,Male,0,Yes,No,52,Month-to-month,Fiber optic,84.1,4348.65,Electronic check,30.43,30.43,Medium
3721-WKIIL,Female,0,No,No,27,Two year,No,19.6,561.15,Mailed check,5.27,5.27,Low
6734-CKRSM,Female,0,No,No,3,Month-to-month,No,20.0,63.6,Mailed check,48.48,48.48,Medium
1265-ZFOSD,Female,0,Yes,No,64,Two year,DSL,81.3,5129.3,Mailed check,1.44,1.44,Low
6568-POCUI,Female,0,Yes,No,45,Two year,Fiber optic,95.2,4285.8,Credit card (automatic),12.76,12.76,Low
7890-VYYWG,Male,1,Yes,No,3,Month-to-month,DSL,36.45,93.7,Mailed check,87.76,87.76,High
5197-LQXXH,Female,0,Yes,No,71,Two year,DSL,83.3,5894.5,Credit card (automatic),5.96,5.96,Low
9907-SWKKF,Female,1,No,No,1,Month-to-month,DSL,25.05,25.05,Mailed check,81.37,81.37,High
3457-PQBYH,Female,0,Yes,Yes,58,Two year,No,20.3,1160.75,Credit card (automatic),2.1,2.1,Low
7682-AZNDK,Male,0,Yes,Yes,34,Month-to-month,Fiber optic,89.85,3091.75,Electronic check,67.2,67.2,High
0587-DMGBH,Female,0,No,No,8,Month-to-month,DSL,49.85,365.55,Electronic check,58.68,58.68,Medium
5384-ZTTWP,Female,0,Yes,Yes,15,Month-to-month,No,19.8,272.95,Mailed check,38.79,38.79,Medium
3745-HRPHI,Male,0,Yes,Yes,66,Two year,DSL,54.65,3632.0,Bank transfer (automatic),6.95,6.95,Low
7636-OWBPG,Male,1,No,No,12,Month-to-month,DSL,29.35,381.2,Credit card (automatic),64.42,64.42,High
1231-YNDEK,Male,0,No,No,58,Two year,No,19.15,1035.5,Bank transfer (automatic),4.54,4.54,Low
1407-DIGZV,Female,0,Yes,Yes,3,Two year,No,19.1,52.0,Mailed check,5.04,5.04,Low
6397-JNZZG,Female,1,Yes,No,43,Month-to-month,DSL,55.55,2342.2,Credit card (automatic),50.3,50.3,Medium
0570-BFQHT,Female,0,No,No,9,Month-to-month,Fiber optic,80.55,653.9,Electronic check,69.66,69.66,High
4393-OBCRR,Female,0,No,No,3,One year,No,20.25,71.2,Mailed check,15.13,15.13,Low
3523-QRQLL,Female,0,Yes,Yes,22,One year,DSL,69.5,1498.2,Bank transfer (automatic),32.72,32.72,Medium
8564-LDKFL,Male,0,Yes,No,40,One year,Fiber optic,106.0,4178.65,Bank transfer (automatic),63.5,63.5,High
3696-DFHHB,Female,0,No,No,68,Two year,No,25.5,1821.8,Bank transfer (automatic),2.47,2.47,Low
0895-DQHEW,Male,0,Yes,No,54,Month-to-month,Fiber optic,104.3,5278.15,Electronic check,73.43,73.43,High
4717-GHADL,Female,0,No,No,50,Two year,DSL,79.6,4024.2,Mailed check,7.54,7.54,Low
5501-TVMGM,Male,0,No,No,1,Month-to-month,DSL,55.25,55.25,Electronic check,72.76,72.76,High
5879-HMFFH,Female,0,Yes,No,72,Two year,DSL,88.05,6520.8,Bank transfer (automatic),2.45,2.45,Low
6772-WFQRD,Male,0,No,Yes,40,One year,No,20.4,854.9,Bank transfer (automatic),11.9,11.9,Low
3810-DVDQQ,Female,0,Yes,Yes,72,Two year,Fiber optic,117.6,8308.9,Bank transfer (automatic),4.45,4.45,Low
6972-SNKKW,Female,0,No,No,6,Month-to-month,No,20.0,109.2,Mailed check,48.01,48.01,Medium
3694-GLTJM,Female,0,No,No,5,Month-to-month,No,19.65,92.05,Credit card (automatic),47.68,47.68,Medium
8550-XSXUQ,Male,0,Yes,No,48,One year,DSL,70.55,3420.5,Credit card (automatic),28.52,28.52,Low
8149-RSOUN,Female,0,No,No,1,Month-to-month,Fiber optic,93.85,93.85,Electronic check,93.14,93.14,High
9055-MOJJJ,Female,0,Yes,Yes,64,One year,DSL,65.8,4068.0,Mailed check,5.73,5.73,Low
4359-INNWN,Female,0,No,No,17,One year,No,20.05,337.9,Credit card (automatic),12.7,12.7,Low
0585-EGDDA,Male,0,Yes,No,40,Month-to-month,Fiber optic,80.0,3168.75,Electronic check,57.27,57.27,Medium
4032-RMHCI,Female,0,Yes,Yes,41,One year,DSL,35.4,1412.4,Credit card (automatic),11.65,11.65,Low
0549-CYCQN,Male,1,No,No,51,One year,Fiber optic,79.6,3974.7,Bank transfer (automatic),17.34,17.34,Low
3481-JHUZH,Male,0,Yes,No,41,Month-to-month,Fiber optic,80.25,3439.0,Electronic check,64.58,64.58,High
7250-EQKIY,Female,0,Yes,Yes,1,Month-to-month,DSL,50.45,50.45,Mailed check,64.79,64.79,High
3594-IVHJZ,Female,0,No,No,2,Month-to-month,No,20.45,42.45,Mailed check,53.34,53.34,Medium
6869-FGJJC,Male,0,No,No,68,One year,Fiber optic,79.6,5461.45,Credit card (automatic),18.03,18.03,Low
3896-ZVNET,Female,0,Yes,Yes,24,Two year,No,24.7,571.75,Mailed check,2.23,2.23,Low
8205-VSLRB,Male,0,Yes,No,70,Two year,DSL,77.3,5498.2,Credit card (automatic),4.58,4.58,Low
5960-MVTUK,Male,0,No,No,3,Month-to-month,DSL,29.75,96.85,Electronic check,67.66,67.66,High
6817-WTYHE,Male,0,No,No,2,Month-to-month,DSL,44.9,111.05,Bank transfer (automatic),58.51,58.51,Medium
3082-VQXNH,Male,0,Yes,No,3,Month-to-month,DSL,29.8,94.4,Credit card (automatic),57.33,57.33,Medium
4013-UBXWQ,Female,0,No,No,7,Month-to-month,DSL,74.65,521.1,Electronic check,70.38,70.38,High
4931-TRZWN,Female,0,No,No,13,Month-to-month,DSL,71.95,923.85,Electronic check,59.97,59.97,Medium
0750-EKNGL,Male,0,No,No,7,Month-to-month,No,20.75,141.1,Mailed check,45.93,45.93,Medium
7669-LCRSD,Male,0,Yes,Yes,12,Month-to-month,DSL,56.3,628.65,Mailed check,61.8,61.8,High
3567-PQTSO,Male,0,Yes,Yes,53,One year,Fiber optic,105.25,5576.3,Electronic check,57.23,57.23,Medium
5519-NPHVG,Female,0,No,No,12,Month-to-month,Fiber optic,94.2,1046.1,Electronic check,89.85,89.85,High
8043-PNYSD,Male,0,Yes,Yes,63,Two year,No,19.55,1245.6,Mailed check,1.71,1.71,Low
9938-EKRGF,Female,0,No,No,15,Month-to-month,DSL,84.45,1287.85,Mailed check,42.99,42.99,Medium
2703-AMTUL,Male,0,Yes,Yes,36,One year,DSL,53.65,1939.35,Mailed check,6.92,6.92,Low
0928-JMXNP,Male,1,Yes,No,4,Month-to-month,DSL,29.9,118.25,Electronic check,85.4,85.4,High
8173-RXAYP,Female,0,Yes,Yes,24,Two year,No,19.7,452.55,Mailed check,3.21,3.21,Low
4825-XJGDM,Female,0,No,No,61,One year,DSL,43.7,2696.55,Credit card (automatic),11.88,11.88,Low
5402-HTOTQ,Male,0,No,No,16,Month-to-month,DSL,55.3,875.35,Electronic check,58.26,58.26,Medium
6734-JDTTV,Male,0,Yes,Yes,65,Two year,No,19.85,1267.05,Credit card (automatic),2.4,2.4,Low
7850-THJMU,Female,0,Yes,Yes,26,Two year,No,19.65,494.9,Credit card (automatic),3.4,3.4,Low
3890-RTCMS,Male,0,No,No,16,Month-to-month,DSL,49.45,799.0,Mailed check,42.34,42.34,Medium
8849-GYOKR,Female,0,Yes,No,54,One year,Fiber optic,106.55,5763.3,Bank transfer (automatic),27.36,27.36,Low
3148-BLQJT,Male,0,No,No,1,Month-to-month,No,20.1,20.1,Mailed check,46.21,46.21,Medium
3717-FDJFU,Male,0,No,Yes,5,Two year,No,20.45,106.9,Mailed check,5.68,5.68,Low
3665-JATSN,Female,0,No,No,19,Month-to-month,DSL,39.7,710.05,Electronic check,69.0,69.0,High
7966-YOTQW,Male,0,No,No,10,Month-to-month,DSL,54.5,568.2,Credit card (automatic),48.79,48.79,Medium
0461-CVKMU,Female,0,Yes,Yes,23,Month-to-month,Fiber optic,83.8,1900.25,Electronic check,50.42,50.42,Medium
8806-EAGWC,Male,0,No,No,3,Month-to-month,DSL,55.15,159.15,Mailed check,60.86,60.86,High
8853-TZDGH,Female,0,No,No,72,Two year,Fiber optic,111.6,8012.75,Bank transfer (automatic),21.3,21.3,Low
7779-LGOVN,Male,1,Yes,No,10,Month-to-month,Fiber optic,86.65,856.65,Electronic check,87.5,87.5,High
4324-BZCKL,Female,0,Yes,Yes,10,Month-to-month,DSL,55.55,551.3,Mailed check,58.39,58.39,Medium
6924-TDGMT,Male,0,Yes,No,11,One year,No,20.55,184.95,Mailed check,6.93,6.93,Low
9710-ZUSHQ,Female,1,No,No,37,Month-to-month,Fiber optic,106.75,4056.75,Bank transfer (automatic),60.46,60.46,High
1536-YHDOE,Male,0,Yes,Yes,17,One year,DSL,62.1,1096.65,Mailed check,2.25,2.25,Low
8123-QBNAZ,Female,0,Yes,Yes,36,Month-to-month,Fiber optic,104.5,3684.95,Credit card (automatic),59.55,59.55,Medium
3629-ZNKXA,Male,1,No,No,17,Month-to-month,Fiber optic,101.8,1752.45,Electronic check,80.46,80.46,High
4827-LTQRJ,Female,1,Yes,Yes,66,One year,Fiber optic,110.6,7210.85,Credit card (automatic),42.36,42.36,Medium
7711-YIJWC,Male,0,Yes,Yes,61,One year,DSL,84.9,5264.5,Bank transfer (automatic),20.09,20.09,Low
5482-VXSXJ,Male,0,No,No,22,Month-to-month,Fiber optic,93.2,2157.3,Mailed check,73.28,73.28,High
7365-BVCJH,Male,0,No,No,1,Month-to-month,DSL,24.4,24.4,Electronic check,84.27,84.27,High
9620-ENEJV,Female,0,No,No,6,Month-to-month,Fiber optic,70.55,433.95,Credit card (automatic),67.47,67.47,High
4183-WCSEP,Male,0,No,No,31,Month-to-month,Fiber optic,78.45,2435.15,Electronic check,54.57,54.57,Medium
2378-YIZKA,Female,0,Yes,Yes,68,Two year,DSL,85.0,5607.75,Credit card (automatic),5.37,5.37,Low
5498-TXHLF,Female,0,Yes,Yes,34,Month-to-month,Fiber optic,87.45,2874.15,Electronic check,60.72,60.72,High
0689-DSXGL,Female,0,Yes,Yes,52,Month-to-month,Fiber optic,85.8,4433.3,Bank transfer (automatic),21.64,21.64,Low
6818-DJXAA,Female,0,No,Yes,10,Month-to-month,Fiber optic,91.1,964.35,Electronic check,74.24,74.24,High
9722-UJOJR,Male,0,Yes,Yes,29,Month-to-month,Fiber optic,70.75,1974.8,Electronic check,64.74,64.74,High
0464-WJTKO,Female,0,Yes,Yes,72,Two year,No,20.1,1460.85,Bank transfer (automatic),2.36,2.36,Low
8902-ZEOVF,Male,0,Yes,Yes,47,One year,No,20.05,951.55,Mailed check,5.56,5.56,Low
6778-EICRF,Male,0,Yes,Yes,24,One year,DSL,74.8,1821.2,Mailed check,14.44,14.44,Low
2662-NNTDK,Male,0,No,No,65,One year,No,24.8,1600.95,Credit card (automatic),10.26,10.26,Low
4132-KALRO,Female,0,No,No,4,Month-to-month,Fiber optic,100.85,399.25,Mailed check,85.84,85.84,High
3902-FOIGH,Male,1,Yes,No,12,Month-to-month,Fiber optic,101.35,1218.55,Electronic check,89.03,89.03,High
6772-KSATR,Male,0,No,No,1,Month-to-month,Fiber optic,81.7,81.7,Electronic check,77.53,77.53,High
7112-OPOTK,Male,0,No,No,33,Month-to-month,Fiber optic,68.25,2171.15,Electronic check,56.17,56.17,Medium
2874-YXVVA,Female,0,No,No,34,Month-to-month,Fiber optic,105.1,3634.8,Electronic check,53.82,53.82,Medium
1245-HARPS,Female,0,Yes,No,14,Two year,No,20.4,292.4,Mailed check,3.61,3.61,Low
4210-QFJMF,Female,0,No,No,4,Month-to-month,Fiber optic,79.15,317.25,Electronic check,85.12,85.12,High
4323-ELYYB,Male,0,Yes,Yes,13,One year,No,20.0,218.55,Mailed check,8.03,8.03,Low
4293-ETKAP,Female,0,Yes,Yes,65,Two year,DSL,79.4,5071.9,Bank transfer (automatic),6.07,6.07,Low
6064-PUPMC,Male,0,Yes,Yes,23,One year,DSL,57.2,1423.35,Credit card (automatic),10.56,10.56,Low
6504-VBLFL,Male,0,Yes,No,55,Two year,DSL,58.6,3068.6,Electronic check,1.54,1.54,Low
6322-PJJDJ,Male,0,Yes,No,49,Two year,Fiber optic,94.8,4690.65,Electronic check,21.57,21.57,Low
0330-BGYZE,Male,0,Yes,No,60,One year,Fiber optic,102.5,6157.6,Bank transfer (automatic),49.16,49.16,Medium
1085-LDWAM,Female,0,Yes,Yes,69,One year,No,20.35,1442.65,Credit card (automatic),5.1,5.1,Low
7586-ZATGZ,Male,0,No,No,40,Month-to-month,Fiber optic,84.9,3369.05,Electronic check,70.96,70.96,High
7197-VOJMM,Male,0,Yes,No,67,Two year,DSL,69.2,4671.65,Credit card (automatic),4.65,4.65,Low
3318-OSATS,Male,1,No,No,35,Month-to-month,Fiber optic,95.45,3474.05,Electronic check,78.71,78.71,High
5828-AVIPD,Male,0,Yes,Yes,19,One year,Fiber optic,100.95,1875.55,Electronic check,71.22,71.22,High
1843-TLSGD,Female,0,Yes,Yes,13,Two year,No,20.85,272.35,Mailed check,3.94,3.94,Low
9626-VFRGG,Female,0,No,Yes,41,Month-to-month,Fiber optic,88.5,3645.05,Bank transfer (automatic),57.07,57.07,Medium
7075-BNDVQ,Female,0,No,No,4,Month-to-month,DSL,35.0,135.75,Mailed check,53.04,53.04,Medium
9143-CANJF,Female,0,Yes,Yes,24,Month-to-month,DSL,55.15,1319.85,Electronic check,36.86,36.86,Medium
7284-BUYEC,Female,0,No,No,5,Month-to-month,DSL,50.95,229.4,Credit card (automatic),72.46,72.46,High
2041-JIJCI,Female,0,No,No,5,Month-to-month,DSL,64.0,370.25,Electronic check,75.9,75.9,High
1086-LXKFY,Female,0,Yes,Yes,1,Month-to-month,Fiber optic,69.1,69.1,Mailed check,80.5,80.5,High
4900-MSOMT,Female,0,Yes,Yes,72,Two year,DSL,80.2,5714.2,Bank transfer (automatic),1.11,1.11,Low
2229-VWQJH,Female,0,No,No,24,Month-to-month,DSL,49.3,1233.25,Credit card (automatic),49.77,49.77,Medium
9194-GFVOI,Female,0,Yes,No,42,Two year,DSL,84.35,3571.6,Credit card (automatic),8.19,8.19,Low
1336-EZFZY,Female,0,No,No,4,Month-to-month,No,20.05,83.3,Mailed check,48.32,48.32,Medium
4282-MSACW,Male,0,No,No,68,One year,Fiber optic,117.2,8035.95,Credit card (automatic),45.97,45.97,Medium
1403-LKLIK,Female,0,Yes,Yes,33,One year,No,20.1,579.4,Mailed check,8.83,8.83,Low
2636-ALXXZ,Female,1,No,No,1,Month-to-month,Fiber optic,69.6,69.6,Electronic check,84.34,84.34,High
7774-OJSXI,Male,0,No,No,31,One year,Fiber optic,103.45,3066.45,Electronic check,71.59,71.59,High
7786-WBJYI,Female,0,No,No,4,Month-to-month,Fiber optic,77.95,305.55,Bank transfer (automatic),75.53,75.53,High
0136-IFMYD,Male,1,Yes,No,69,Two year,Fiber optic,109.95,7634.25,Electronic check,17.83,17.83,Low
5144-TVGLP,Male,1,No,No,38,Month-to-month,Fiber optic,94.75,3653.0,Electronic check,71.16,71.16,High
9643-AVVWI,Female,0,Yes,Yes,3,Month-to-month,Fiber optic,80.0,241.3,Electronic check,76.21,76.21,High
0253-ZTEOB,Female,0,Yes,Yes,48,Two year,DSL,79.65,3870.3,Electronic check,11.71,11.71,Low
2706-QZIHY,Female,0,Yes,No,15,Two year,No,25.2,387.9,Mailed check,2.25,2.25,Low
6061-PQHMK,Female,0,No,No,25,One year,No,19.9,527.5,Credit card (automatic),11.7,11.7,Low
9885-CSMWE,Female,1,No,No,1,Month-to-month,Fiber optic,78.45,78.45,Electronic check,82.09,82.09,High
6137-MFAJN,Female,0,No,No,48,Month-to-month,DSL,44.8,2104.55,Electronic check,43.29,43.29,Medium
9122-UMROB,Male,0,No,No,1,Month-to-month,No,20.3,20.3,Mailed check,46.23,46.23,Medium
4232-JGKIY,Male,0,No,No,1,Month-to-month,No,19.2,19.2,Electronic check,43.28,43.28,Medium
2402-TAIRZ,Female,0,No,No,37,One year,Fiber optic,80.05,3019.1,Electronic check,26.32,26.32,Low
9659-ZTWSM,Male,1,Yes,No,66,One year,Fiber optic,107.35,7051.95,Bank transfer (automatic),36.05,36.05,Medium
9139-TWBAS,Female,0,Yes,No,26,One year,DSL,47.85,1190.5,Bank transfer (automatic),11.81,11.81,Low
6685-GBWJZ,Male,0,Yes,No,63,One year,DSL,70.8,4448.8,Credit card (automatic),22.5,22.5,Low
5016-ETTFF,Male,0,No,No,10,Month-to-month,DSL,29.5,255.25,Mailed check,72.99,72.99,High
3866-MDTUB,Female,0,No,No,2,Month-to-month,DSL,70.75,146.9,Electronic check,70.15,70.15,High
2195-VVRJF,Male,1,Yes,No,18,Month-to-month,DSL,59.1,1011.05,Credit card (automatic),57.92,57.92,Medium
3913-RDSJZ,Female,0,Yes,No,64,Two year,No,25.55,1714.95,Mailed check,1.44,1.44,Low
8058-JMEQO,Female,1,No,No,9,Month-to-month,Fiber optic,84.45,762.5,Electronic check,90.02,90.02,High
4203-QGNZA,Female,0,No,Yes,28,Month-to-month,No,20.25,535.35,Mailed check,36.61,36.61,Medium
5043-TRZWM,Female,0,No,No,1,Month-to-month,Fiber optic,75.55,75.55,Electronic check,75.91,75.91,High
0697-ZMSWS,Male,0,No,No,4,Month-to-month,Fiber optic,85.65,338.9,Electronic check,87.24,87.24,High
7657-DYEPJ,Male,1,No,No,38,One year,DSL,70.15,2497.35,Credit card (automatic),38.95,38.95,Medium
9494-BDNNC,Male,0,Yes,No,66,One year,Fiber optic,95.3,6273.4,Electronic check,39.58,39.58,Medium
1640-PLFMP,Female,0,No,No,1,Month-to-month,Fiber optic,70.25,70.25,Electronic check,81.36,81.36,High
5366-OBVMR,Female,0,Yes,No,18,Month-to-month,DSL,50.3,908.75,Mailed check,43.95,43.95,Medium
8276-MQBYC,Male,1,No,No,51,Month-to-month,Fiber optic,97.8,4913.3,Electronic check,70.37,70.37,High
7644-OMVMY,Male,0,Yes,Yes,0,Two year,No,19.85,0.0,Mailed check,2.68,2.68,Low
7593-XFKDI,Male,0,No,No,1,Month-to-month,DSL,46.3,46.3,Mailed check,66.96,66.96,High
4573-JKNAE,Male,0,No,Yes,12,Two year,No,19.35,212.3,Bank transfer (automatic),6.21,6.21,Low
0337-CNPZE,Female,0,No,No,41,Month-to-month,Fiber optic,106.3,4443.45,Electronic check,69.92,69.92,High
9817-APLHW,Male,0,No,No,12,Month-to-month,No,25.0,316.2,Electronic check,43.29,43.29,Medium
8380-MQINP,Female,0,Yes,Yes,55,Two year,No,20.3,1079.05,Mailed check,2.44,2.44,Low
0840-DFEZH,Female,0,No,No,7,Month-to-month,Fiber optic,75.35,564.65,Electronic check,83.94,83.94,High
1513-XNPPH,Female,0,No,No,12,Month-to-month,Fiber optic,89.4,1095.65,Electronic check,73.16,73.16,High
8690-ZVLCL,Female,0,Yes,Yes,68,Two year,DSL,88.0,6161.9,Credit card (automatic),6.9,6.9,Low
6015-VVHHE,Female,1,No,No,5,Month-to-month,Fiber optic,83.15,446.05,Credit card (automatic),81.92,81.92,High
1125-SNVCK,Female,1,No,No,49,Month-to-month,DSL,43.8,2106.05,Mailed check,21.77,21.77,Low
0384-LPITE,Male,0,No,No,40,One year,DSL,62.05,2511.55,Credit card (automatic),41.58,41.58,Medium
4616-EWBNJ,Female,0,No,No,16,One year,No,20.1,318.6,Bank transfer (automatic),13.14,13.14,Low
6347-DCUIK,Male,0,No,No,10,Month-to-month,Fiber optic,74.15,811.8,Mailed check,77.97,77.97,High
1335-HQMKX,Female,0,Yes,No,72,One year,Fiber optic,101.35,7323.15,Electronic check,49.89,49.89,Medium
2545-EBUPK,Female,1,No,No,2,Month-to-month,Fiber optic,84.05,186.05,Electronic check,92.61,92.61,High
6923-AQONU,Male,0,Yes,Yes,23,Two year,No,20.9,454.0,Mailed check,1.94,1.94,Low
2172-EJXVF,Female,1,No,No,71,One year,Fiber optic,105.9,7521.95,Electronic check,39.37,39.37,Medium
0897-FEGMU,Female,0,Yes,No,11,Month-to-month,Fiber optic,99.5,1056.95,Electronic check,91.38,91.38,High
7663-RGWBC,Male,0,No,No,1,Month-to-month,DSL,44.15,44.15,Mailed check,65.56,65.56,High
1120-BMWUB,Female,0,No,No,16,Month-to-month,DSL,53.9,834.15,Mailed check,46.74,46.74,Medium
9124-LHCJQ,Female,0,No,No,1,Month-to-month,Fiber optic,85.45,85.45,Mailed check,90.65,90.65,High
4536-PLEQY,Male,0,Yes,No,12,Month-to-month,Fiber optic,85.05,999.8,Credit card (automatic),69.3,69.3,High
7029-IJEJK,Female,0,No,No,54,One year,DSL,44.1,2369.7,Bank transfer (automatic),5.0,5.0,Low
8871-JLMHM,Female,0,Yes,No,68,Two year,Fiber optic,90.2,6297.65,Credit card (automatic),6.16,6.16,Low
2235-ZGKPT,Female,0,Yes,Yes,4,Month-to-month,DSL,50.85,239.55,Mailed check,62.23,62.23,High
3891-PUQOD,Female,0,No,Yes,1,Month-to-month,DSL,59.2,59.2,Electronic check,58.7,58.7,Medium
5447-VYTKW,Male,0,No,No,27,Month-to-month,DSL,53.45,1461.45,Mailed check,20.54,20.54,Low
3623-FQBOX,Male,0,No,No,21,Month-to-month,No,19.95,416.4,Mailed check,47.65,47.65,Medium
0689-NKYLF,Male,0,No,No,13,Month-to-month,Fiber optic,83.2,1060.6,Electronic check,77.2,77.2,High
8659-HDIYE,Female,1,No,No,64,Month-to-month,DSL,74.65,4869.35,Credit card (automatic),32.16,32.16,Medium
3658-KIBGF,Female,0,No,No,1,Month-to-month,DSL,54.9,54.9,Electronic check,59.91,59.91,Medium
3474-BAFSJ,Male,0,Yes,No,57,Two year,DSL,57.5,3265.95,Bank transfer (automatic),4.6,4.6,Low
5519-YLDGW,Female,0,Yes,No,21,Month-to-month,Fiber optic,103.9,2254.2,Electronic check,81.27,81.27,High
3865-ZFZIB,Male,0,No,No,19,Two year,No,19.65,358.15,Mailed check,5.21,5.21,Low
1855-AGAWH,Male,0,Yes,No,31,One year,Fiber optic,93.8,2939.8,Electronic check,72.82,72.82,High
7109-CQYUZ,Male,0,No,No,52,Two year,DSL,89.25,4652.4,Mailed check,2.79,2.79,Low
1370-GGAWX,Female,0,No,No,46,One year,Fiber optic,94.15,4408.45,Electronic check,51.98,51.98,Medium
4680-KUTAJ,Female,1,No,No,11,Month-to-month,DSL,55.6,580.8,Electronic check,59.74,59.74,Medium
5307-UVGNB,Female,0,Yes,Yes,53,Month-to-month,DSL,48.7,2495.2,Bank transfer (automatic),29.99,29.99,Low
4946-EDSEW,Female,0,Yes,Yes,11,Month-to-month,No,19.25,180.3,Mailed check,43.47,43.47,Medium
2883-ILGWO,Male,1,No,No,57,Month-to-month,Fiber optic,104.9,5913.95,Bank transfer (automatic),44.21,44.21,Medium
2516-VQRRV,Female,1,No,No,2,Month-to-month,Fiber optic,75.45,158.4,Mailed check,89.05,89.05,High
7580-UGXNC,Female,1,No,No,2,Month-to-month,DSL,54.85,104.2,Mailed check,60.08,60.08,High
3642-BYHDO,Female,0,Yes,Yes,71,Two year,No,19.9,1389.35,Bank transfer (automatic),2.4,2.4,Low
9629-NHXFW,Female,0,Yes,Yes,1,Month-to-month,No,19.4,19.4,Mailed check,46.68,46.68,Medium
2696-RZVZW,Male,0,Yes,No,68,Two year,No,25.05,1629.2,Credit card (automatic),2.59,2.59,Low
5766-FTRTS,Male,0,Yes,No,72,Two year,DSL,84.45,6033.1,Mailed check,2.1,2.1,Low
0396-HUJBP,Female,0,No,No,2,Month-to-month,No,19.3,44.4,Mailed check,48.5,48.5,Medium
5178-LMXOP,Male,1,Yes,No,1,Month-to-month,Fiber optic,95.1,95.1,Electronic check,93.46,93.46,High
8879-ZKJOF,Female,0,No,No,41,One year,DSL,79.85,3320.75,Bank transfer (automatic),23.15,23.15,Low
6285-FTQBF,Male,0,Yes,Yes,72,Two year,No,25.55,1867.7,Credit card (automatic),2.33,2.33,Low
8185-UPYBR,Male,0,Yes,No,6,Month-to-month,Fiber optic,75.5,438.0,Electronic check,81.91,81.91,High
4585-HETAI,Female,0,Yes,Yes,4,Month-to-month,Fiber optic,73.75,325.45,Electronic check,79.78,79.78,High
7526-BEZQB,Male,0,No,No,12,Month-to-month,Fiber optic,96.05,1148.1,Electronic check,88.18,88.18,High
1474-JUWSM,Female,0,Yes,No,58,One year,DSL,68.4,3972.25,Electronic check,8.59,8.59,Low
3530-CRZSB,Female,0,No,No,7,Month-to-month,No,20.65,155.9,Mailed check,47.92,47.92,Medium
8498-XXGWA,Female,0,Yes,No,65,Month-to-month,DSL,55.15,3673.15,Mailed check,19.1,19.1,Low
9617-INGJY,Male,0,No,No,1,Month-to-month,Fiber optic,70.6,70.6,Mailed check,78.68,78.68,High
0621-TSSMU,Male,0,Yes,No,56,One year,No,19.95,1126.75,Credit card (automatic),5.94,5.94,Low
7234-KMNRQ,Male,0,No,No,4,Month-to-month,No,19.0,73.45,Mailed check,46.06,46.06,Medium
7636-PEPNS,Female,0,Yes,Yes,58,One year,DSL,44.1,2413.05,Mailed check,15.17,15.17,Low
4683-WYDOU,Male,0,Yes,No,62,Two year,Fiber optic,107.6,6912.7,Bank transfer (automatic),14.92,14.92,Low
9052-DHNKM,Male,0,No,No,26,One year,DSL,61.55,1581.95,Electronic check,11.6,11.6,Low
6794-HKIAJ,Male,0,No,No,62,Month-to-month,Fiber optic,90.7,5586.45,Bank transfer (automatic),19.09,19.09,Low
5578-NKCXI,Female,0,Yes,Yes,58,One year,Fiber optic,99.25,5846.65,Credit card (automatic),27.28,27.28,Low
1642-HMARX,Female,0,Yes,No,68,Two year,DSL,91.7,6424.7,Electronic check,4.17,4.17,Low
3096-WPXBT,Female,0,Yes,Yes,61,One year,Fiber optic,100.7,6018.65,Credit card (automatic),31.25,31.25,Medium
8434-PNQZX,Female,0,No,No,42,Two year,DSL,78.45,3373.4,Credit card (automatic),16.84,16.84,Low
5950-AAAGJ,Male,0,No,No,18,Month-to-month,Fiber optic,84.3,1537.9,Bank transfer (automatic),69.66,69.66,High
4299-OPXEJ,Female,0,No,No,56,Two year,No,19.55,1080.55,Bank transfer (automatic),4.57,4.57,Low
4951-UKAAQ,Female,0,No,No,4,Month-to-month,Fiber optic,88.95,355.2,Electronic check,89.54,89.54,High
9618-LFJRU,Female,0,No,No,4,Month-to-month,No,20.45,82.85,Credit card (automatic),32.34,32.34,Medium
6693-DJWTY,Female,0,No,Yes,35,One year,DSL,55.6,2016.45,Credit card (automatic),18.62,18.62,Low
0744-GKNGE,Female,0,Yes,Yes,64,Month-to-month,Fiber optic,86.8,5327.25,Bank transfer (automatic),11.03,11.03,Low
6447-EGDIV,Female,0,No,No,31,One year,No,20.95,683.25,Mailed check,9.99,9.99,Low
1167-OYZJF,Female,1,Yes,No,67,Two year,No,20.05,1263.05,Bank transfer (automatic),2.76,2.76,Low
2108-YKQTY,Female,0,No,No,4,Month-to-month,DSL,50.7,151.3,Credit card (automatic),56.48,56.48,Medium
4806-DXQCE,Female,1,Yes,No,70,Two year,Fiber optic,113.65,7714.65,Electronic check,6.7,6.7,Low
4918-QLLIW,Male,0,No,No,3,Month-to-month,DSL,53.4,188.7,Credit card (automatic),49.19,49.19,Medium
7056-IMHCC,Male,1,Yes,No,53,Month-to-month,Fiber optic,101.9,5549.4,Electronic check,68.33,68.33,High
4854-SSLTN,Male,0,Yes,Yes,2,Two year,DSL,59.5,130.5,Mailed check,0.58,0.58,Low
5294-DMSFH,Female,0,Yes,Yes,29,Month-to-month,Fiber optic,87.8,2621.75,Credit card (automatic),57.72,57.72,Medium
4837-PZTIC,Female,0,No,No,47,Two year,DSL,41.9,1875.25,Mailed check,0.53,0.53,Low
1625-JAIIY,Female,0,Yes,Yes,68,One year,Fiber optic,83.0,5685.8,Electronic check,39.66,39.66,Medium
0603-OLQDC,Male,0,No,Yes,12,Month-to-month,DSL,69.85,837.5,Mailed check,44.22,44.22,Medium
3272-VUHPV,Female,0,Yes,Yes,8,Month-to-month,DSL,56.3,401.5,Bank transfer (automatic),46.29,46.29,Medium
4176-FXYBO,Male,0,Yes,No,54,Month-to-month,Fiber optic,109.55,6118.95,Electronic check,49.69,49.69,Medium
1063-DHQJF,Male,0,Yes,Yes,69,Two year,Fiber optic,92.15,6480.9,Mailed check,3.26,3.26,Low
8663-UPDGF,Female,0,No,No,26,Month-to-month,DSL,69.5,1800.05,Bank transfer (automatic),35.91,35.91,Medium
6719-FGEDO,Female,0,Yes,No,72,Two year,Fiber optic,97.0,7104.2,Bank transfer (automatic),1.0,1.0,Low
1837-YQUCE,Female,0,No,No,70,Two year,DSL,58.35,4214.25,Bank transfer (automatic),2.95,2.95,Low
2947-DOMLJ,Male,0,No,Yes,1,Month-to-month,DSL,50.6,50.6,Mailed check,51.93,51.93,Medium
4112-LUEIZ,Male,0,No,No,10,Month-to-month,Fiber optic,89.5,863.1,Electronic check,86.27,86.27,High
0369-ZGOVK,Female,0,Yes,Yes,28,One year,Fiber optic,70.4,1992.2,Bank transfer (automatic),33.72,33.72,Medium
4510-HIMLV,Male,0,No,No,1,Month-to-month,Fiber optic,69.8,69.8,Electronic check,79.73,79.73,High
9919-KNPOO,Female,0,Yes,No,21,Month-to-month,Fiber optic,94.3,1948.35,Electronic check,86.17,86.17,High
8749-JMNKX,Male,1,Yes,No,51,Month-to-month,Fiber optic,93.8,4750.95,Bank transfer (automatic),39.89,39.89,Medium
7872-BAAZR,Female,0,Yes,Yes,53,One year,No,19.55,1007.9,Bank transfer (automatic),9.14,9.14,Low
9391-LMANN,Male,0,No,Yes,53,One year,Fiber optic,95.95,5036.9,Electronic check,14.47,14.47,Low
2430-USGXP,Male,0,Yes,No,24,Month-to-month,Fiber optic,101.05,2391.8,Electronic check,83.81,83.81,High
8174-TBVCF,Female,0,Yes,No,70,Two year,DSL,94.8,6859.05,Credit card (automatic),6.69,6.69,Low
1698-XFZCI,Male,0,No,No,61,One year,Fiber optic,107.75,6521.9,Electronic check,50.44,50.44,Medium
1877-HKBQX,Female,0,No,No,11,One year,DSL,54.6,617.85,Mailed check,10.18,10.18,Low
4450-DLLMH,Male,0,No,No,2,Month-to-month,Fiber optic,71.3,157.75,Credit card (automatic),69.78,69.78,High
0428-AXXLJ,Male,0,No,No,25,One year,No,19.5,516.3,Bank transfer (automatic),13.3,13.3,Low
2746-DIJLO,Female,0,No,No,41,One year,DSL,56.3,2364.0,Credit card (automatic),20.25,20.25,Low
5955-ERIHD,Male,0,Yes,No,18,Month-to-month,Fiber optic,94.7,1687.95,Electronic check,86.39,86.39,High
0917-EZOLA,Male,1,Yes,No,72,Two year,Fiber optic,104.15,7689.95,Bank transfer (automatic),20.67,20.67,Low
3508-VLHCZ,Female,0,Yes,Yes,71,Two year,DSL,90.55,6239.05,Credit card (automatic),7.36,7.36,Low
4086-ATNFV,Female,0,Yes,Yes,34,One year,DSL,60.8,2042.05,Mailed check,7.67,7.67,Low
0468-YRPXN,Male,0,No,No,29,Month-to-month,Fiber optic,98.8,2807.1,Credit card (automatic),51.86,51.86,Medium
5996-NRVXR,Male,1,Yes,No,40,One year,Fiber optic,98.15,4116.8,Credit card (automatic),20.92,20.92,Low
3739-YBWAB,Male,0,Yes,No,36,One year,DSL,35.35,1317.95,Mailed check,4.58,4.58,Low
7047-FWEYA,Female,0,Yes,No,46,One year,Fiber optic,103.15,4594.65,Electronic check,47.71,47.71,Medium
2000-MPKCA,Female,0,No,No,58,One year,Fiber optic,107.75,6332.75,Electronic check,44.84,44.84,Medium
9762-YAQAA,Male,0,No,No,39,One year,Fiber optic,81.4,3213.75,Credit card (automatic),21.75,21.75,Low
5949-EBSQK,Male,0,Yes,Yes,4,Month-to-month,DSL,61.45,229.55,Credit card (automatic),31.27,31.27,Medium
5473-KHBPS,Female,0,Yes,Yes,52,One year,Fiber optic,95.7,4976.15,Credit card (automatic),38.94,38.94,Medium
0100-DUVFC,Male,1,Yes,No,70,One year,Fiber optic,104.8,7308.95,Electronic check,50.01,50.01,Medium
5397-TUPSH,Male,1,Yes,No,65,One year,Fiber optic,70.95,4555.2,Bank transfer (automatic),12.86,12.86,Low
8950-MTZNV,Male,0,No,No,1,Month-to-month,DSL,44.95,44.95,Mailed check,65.65,65.65,High
0326-VDYXE,Female,0,Yes,No,70,One year,Fiber optic,97.65,6982.5,Electronic check,40.58,40.58,Medium
6773-LQTVT,Female,1,Yes,Yes,29,Month-to-month,DSL,35.65,1025.15,Mailed check,50.05,50.05,Medium
7274-RTAPZ,Male,0,No,No,1,Month-to-month,Fiber optic,90.55,90.55,Electronic check,89.83,89.83,High
0436-TWFFZ,Female,0,No,No,67,Two year,DSL,85.25,5714.2,Mailed check,2.88,2.88,Low
8566-YPRGL,Female,0,No,No,1,Month-to-month,No,19.5,19.5,Mailed check,53.6,53.6,Medium
0311-UNPFF,Female,0,No,No,26,Month-to-month,Fiber optic,88.8,2274.35,Bank transfer (automatic),72.24,72.24,High
6609-MXJHJ,Female,0,Yes,Yes,30,Two year,No,25.1,789.55,Mailed check,2.18,2.18,Low
2669-OIDSD,Female,0,Yes,No,48,Month-to-month,Fiber optic,100.05,4834.0,Credit card (automatic),26.36,26.36,Low
8400-WZICQ,Female,0,Yes,Yes,55,Month-to-month,DSL,55.7,3131.8,Electronic check,21.56,21.56,Low
3834-XUIFC,Male,0,No,No,7,Month-to-month,Fiber optic,85.2,602.55,Mailed check,85.77,85.77,High
9576-SYUHJ,Male,0,No,No,37,Month-to-month,Fiber optic,91.15,3369.25,Electronic check,63.68,63.68,High
0410-IPFTY,Female,0,Yes,No,31,Month-to-month,Fiber optic,83.85,2674.15,Bank transfer (automatic),56.5,56.5,Medium
2831-EBWRN,Male,0,No,No,4,Month-to-month,DSL,45.9,199.75,Electronic check,68.64,68.64,High
9430-NKQLY,Male,0,Yes,Yes,72,Two year,No,25.1,1790.8,Credit card (automatic),4.25,4.25,Low
8414-MYSHR,Male,1,No,No,5,Month-to-month,Fiber optic,91.4,449.75,Electronic check,89.32,89.32,High
0247-SLUJI,Male,0,Yes,Yes,1,Month-to-month,No,19.7,19.7,Mailed check,37.3,37.3,Medium
9402-ORRAH,Female,1,No,No,15,Month-to-month,Fiber optic,91.5,1400.3,Electronic check,84.72,84.72,High
6483-OATDN,Male,0,Yes,Yes,8,Month-to-month,DSL,51.3,411.6,Credit card (automatic),49.74,49.74,Medium
1293-HHSHJ,Female,0,No,No,35,One year,No,21.1,741.0,Mailed check,9.15,9.15,Low
4840-ORQXB,Female,1,No,No,56,Month-to-month,Fiber optic,104.75,5841.35,Electronic check,42.23,42.23,Medium
7599-FKVXZ,Male,0,Yes,No,42,Month-to-month,Fiber optic,106.15,4512.7,Bank transfer (automatic),56.68,56.68,Medium
3982-DQLUS,Male,1,Yes,Yes,65,Month-to-month,Fiber optic,85.75,5688.45,Electronic check,24.49,24.49,Low
8610-ZIKJJ,Female,0,Yes,Yes,2,One year,No,20.3,31.9,Mailed check,14.8,14.8,Low
3756-VNWDH,Male,1,Yes,No,65,One year,Fiber optic,100.75,6674.65,Electronic check,38.39,38.39,Medium
7801-KICAO,Female,0,No,No,18,Month-to-month,Fiber optic,74.15,1345.75,Electronic check,78.72,78.72,High
7673-LPRNY,Female,0,No,No,23,One year,DSL,78.55,1843.05,Electronic check,32.34,32.34,Medium
8229-TNIQA,Female,0,No,No,4,Month-to-month,DSL,45.3,196.95,Mailed check,62.69,62.69,High
6060-QBMGV,Male,0,Yes,No,70,Two year,No,19.85,1433.8,Credit card (automatic),1.76,1.76,Low
7339-POGZN,Female,0,No,No,4,Month-to-month,DSL,50.7,214.55,Electronic check,68.22,68.22,High
2828-SLQPF,Male,0,No,No,19,Month-to-month,DSL,45.0,865.85,Bank transfer (automatic),50.81,50.81,Medium
4465-VDKIQ,Female,0,No,No,18,Month-to-month,Fiber optic,77.8,1358.6,Electronic check,62.19,62.19,High
2921-XWDJH,Female,1,Yes,No,38,Month-to-month,Fiber optic,83.45,3147.15,Electronic check,47.53,47.53,Medium
6221-AVQYL,Male,0,No,No,2,Month-to-month,Fiber optic,73.25,131.05,Credit card (automatic),76.03,76.03,High
2558-BUOZZ,Male,0,No,No,47,One year,Fiber optic,94.8,4535.85,Bank transfer (automatic),13.19,13.19,Low
9257-AZMTZ,Female,0,Yes,Yes,52,Two year,No,20.1,1078.75,Bank transfer (automatic),3.0,3.0,Low
0003-MKNFE,Male,0,No,No,9,Month-to-month,DSL,59.9,542.4,Mailed check,62.34,62.34,High
0975-UYDTX,Female,0,Yes,No,26,One year,DSL,90.1,2312.55,Credit card (automatic),29.49,29.49,Low
7743-EXURX,Male,0,Yes,Yes,8,Month-to-month,DSL,51.05,415.05,Electronic check,62.82,62.82,High
4682-BLBUC,Male,0,Yes,No,44,One year,DSL,70.95,3250.45,Electronic check,15.77,15.77,Low
0975-VOOVL,Female,0,No,No,3,Month-to-month,DSL,29.2,98.5,Mailed check,64.54,64.54,High
5968-VXZLG,Male,0,No,No,2,Month-to-month,DSL,46.6,87.9,Bank transfer (automatic),62.79,62.79,High
5569-KGJHX,Female,0,Yes,Yes,9,Month-to-month,Fiber optic,85.35,754.65,Bank transfer (automatic),80.19,80.19,High
4988-IQIGL,Male,1,No,No,1,Month-to-month,Fiber optic,75.35,75.35,Electronic check,86.14,86.14,High
5201-FRKKS,Male,0,No,No,25,Month-to-month,Fiber optic,74.3,1952.25,Bank transfer (automatic),33.2,33.2,Medium
9799-CAYJJ,Female,1,Yes,No,2,Month-to-month,Fiber optic,69.3,153.8,Electronic check,83.51,83.51,High
7730-IUTDZ,Male,0,No,No,43,Month-to-month,Fiber optic,75.2,3198.6,Electronic check,52.84,52.84,Medium
0426-TIRNE,Female,0,No,No,1,Month-to-month,No,20.9,20.9,Mailed check,48.87,48.87,Medium
5443-SCMKX,Female,0,Yes,No,58,One year,Fiber optic,94.3,5610.15,Electronic check,42.58,42.58,Medium
8295-KMENE,Female,0,Yes,Yes,59,Two year,DSL,76.45,4519.5,Mailed check,0.67,0.67,Low
6738-ISCBM,Male,0,No,No,44,One year,DSL,54.0,2440.25,Electronic check,33.41,33.41,Medium
9821-BESNZ,Male,0,No,No,66,One year,Fiber optic,104.25,6860.6,Electronic check,55.61,55.61,Medium
3678-MNGZX,Male,0,Yes,Yes,68,Two year,No,19.95,1377.7,Bank transfer (automatic),1.56,1.56,Low
1335-NTIUC,Male,0,No,No,9,Month-to-month,DSL,24.95,190.25,Electronic check,81.67,81.67,High
2916-BQZLN,Male,0,No,No,19,Month-to-month,Fiber optic,84.75,1651.95,Electronic check,68.76,68.76,High
4558-CGYCZ,Male,0,No,No,4,Month-to-month,No,19.75,78.3,Mailed check,46.16,46.16,Medium
2368-GAKKQ,Female,0,No,No,70,Two year,Fiber optic,113.65,7939.25,Bank transfer (automatic),6.88,6.88,Low
8710-YGLWG,Male,0,No,No,1,Month-to-month,DSL,44.9,44.9,Mailed check,65.64,65.64,High
3199-XGZCY,Female,0,No,No,8,Month-to-month,Fiber optic,75.25,576.7,Electronic check,83.67,83.67,High
3785-KTYSH,Male,0,No,No,53,Two year,No,24.6,1279.0,Mailed check,2.79,2.79,Low
6814-ZPWFQ,Male,1,No,No,51,One year,No,25.0,1260.7,Bank transfer (automatic),5.33,5.33,Low
4063-EIKNQ,Male,0,Yes,Yes,11,Month-to-month,No,20.95,267.35,Bank transfer (automatic),38.36,38.36,Medium
6993-YCOBK,Male,0,Yes,Yes,60,Two year,Fiber optic,110.6,6586.85,Electronic check,8.29,8.29,Low
5206-HPJKM,Male,0,No,No,17,Month-to-month,DSL,55.5,934.15,Credit card (automatic),49.32,49.32,Medium
7587-RZNME,Male,0,No,No,3,Month-to-month,DSL,43.3,123.65,Electronic check,69.24,69.24,High
0748-RDGGM,Male,0,Yes,No,70,One year,Fiber optic,109.5,7534.65,Bank transfer (automatic),29.29,29.29,Low
8393-JMVMB,Male,0,No,No,1,Month-to-month,No,19.45,19.45,Mailed check,46.12,46.12,Medium
5019-GQVCR,Male,1,No,No,43,Month-to-month,Fiber optic,84.85,3645.6,Electronic check,70.17,70.17,High
6036-TTFYU,Female,0,Yes,No,16,Month-to-month,No,19.6,314.45,Mailed check,41.63,41.63,Medium
2550-AEVRU,Female,0,Yes,Yes,57,One year,DSL,53.45,3053.0,Electronic check,7.91,7.91,Low
0969-RGKCU,Male,0,Yes,Yes,37,One year,No,19.8,677.05,Credit card (automatic),6.37,6.37,Low
0378-CJKPV,Female,0,Yes,No,72,Two year,Fiber optic,112.1,7965.95,Credit card (automatic),12.79,12.79,Low
4706-AXVKM,Female,1,No,No,11,Month-to-month,Fiber optic,84.8,906.85,Credit card (automatic),83.02,83.02,High
5889-JTMUL,Female,1,Yes,No,50,Month-to-month,Fiber optic,95.05,4888.7,Electronic check,64.7,64.7,High
9026-RNUJS,Male,1,No,No,5,Month-to-month,DSL,50.35,237.25,Electronic check,68.07,68.07,High
3746-EUBYR,Male,0,Yes,No,1,Month-to-month,Fiber optic,74.6,74.6,Bank transfer (automatic),82.25,82.25,High
2332-EFBJY,Male,0,No,No,16,Month-to-month,No,19.7,342.4,Mailed check,50.35,50.35,Medium
2880-FPNAE,Male,1,Yes,No,2,Month-to-month,Fiber optic,74.2,140.1,Electronic check,80.93,80.93,High
1703-MGIAB,Female,0,No,No,17,Month-to-month,DSL,69.0,1108.0,Mailed check,39.28,39.28,Medium
4311-QTTAI,Female,0,No,No,16,One year,No,19.35,295.55,Credit card (automatic),12.8,12.8,Low
9474-PHLYD,Female,0,No,No,15,Month-to-month,DSL,59.45,892.65,Electronic check,57.68,57.68,Medium
4318-RAJVY,Female,0,No,No,10,One year,No,19.8,198.25,Mailed check,17.82,17.82,Low
2165-VOEGB,Female,0,No,Yes,46,One year,Fiber optic,105.2,4822.85,Bank transfer (automatic),26.95,26.95,Low
3612-YUNGG,Male,0,Yes,Yes,64,Two year,Fiber optic,109.2,6741.15,Credit card (automatic),15.58,15.58,Low
2254-DLXRI,Female,0,No,No,1,Month-to-month,Fiber optic,79.15,79.15,Mailed check,87.12,87.12,High
5062-CJJKH,Male,0,Yes,Yes,25,One year,DSL,53.65,1355.45,Mailed check,18.18,18.18,Low
9028-LIHRP,Male,0,Yes,Yes,71,Two year,Fiber optic,100.2,7209.0,Credit card (automatic),2.97,2.97,Low
2219-MVUSO,Male,0,No,No,8,Month-to-month,DSL,45.15,438.4,Mailed check,60.83,60.83,High
1053-MXTTK,Female,0,Yes,Yes,72,Two year,Fiber optic,108.65,7726.35,Bank transfer (automatic),4.66,4.66,Low
1530-ZTDOZ,Female,0,Yes,No,49,Month-to-month,DSL,40.65,2070.75,Bank transfer (automatic),33.06,33.06,Medium
1301-LOPVR,Male,0,Yes,Yes,29,One year,DSL,55.35,1636.95,Credit card (automatic),12.33,12.33,Low
0853-TWRVK,Male,0,Yes,No,72,Two year,Fiber optic,105.6,7581.5,Bank transfer (automatic),1.78,1.78,Low
8914-RBTSB,Male,0,Yes,No,31,Month-to-month,Fiber optic,93.8,3019.5,Electronic check,70.52,70.52,High
6212-ATMLK,Female,0,No,No,50,Month-to-month,Fiber optic,95.7,4729.75,Electronic check,67.78,67.78,High
8200-LGKSR,Male,0,Yes,No,71,Two year,DSL,83.2,6126.1,Electronic check,2.99,2.99,Low
1568-BEKZM,Male,1,Yes,No,70,Two year,DSL,90.05,6333.4,Credit card (automatic),4.6,4.6,Low
0670-ANMUU,Male,0,No,No,71,One year,Fiber optic,97.65,6687.85,Credit card (automatic),19.84,19.84,Low
6897-RWMUB,Male,0,Yes,Yes,61,Two year,DSL,68.05,4158.25,Bank transfer (automatic),0.52,0.52,Low
0963-ZBDRN,Male,0,No,No,32,Month-to-month,Fiber optic,96.2,3183.4,Electronic check,65.79,65.79,High
7594-RQHXR,Female,0,No,Yes,1,Month-to-month,Fiber optic,79.6,79.6,Electronic check,82.69,82.69,High
6999-CHVCF,Male,0,No,No,68,Two year,Fiber optic,102.1,7149.35,Bank transfer (automatic),8.68,8.68,Low
6134-KWTBV,Male,0,No,No,62,Two year,No,23.4,1429.65,Bank transfer (automatic),2.75,2.75,Low
1077-HUUJM,Female,0,No,Yes,7,Month-to-month,Fiber optic,71.05,472.65,Electronic check,77.77,77.77,High
6331-EWIEB,Male,0,No,No,20,Month-to-month,Fiber optic,85.25,1734.5,Electronic check,79.67,79.67,High
0895-LNKRC,Male,0,Yes,Yes,6,One year,No,19.45,113.5,Mailed check,9.18,9.18,Low
2045-BMBTJ,Female,1,No,No,33,Month-to-month,DSL,59.45,1884.65,Bank transfer (automatic),59.47,59.47,Medium
8417-GSODA,Male,0,Yes,Yes,28,One year,Fiber optic,92.2,2568.15,Bank transfer (automatic),50.91,50.91,Medium
5171-EPLKN,Male,0,No,No,27,Two year,No,19.85,470.0,Credit card (automatic),5.59,5.59,Low
4452-QIIEB,Male,0,No,No,7,Month-to-month,DSL,43.9,278.4,Mailed check,61.37,61.37,High
5998-VVEJY,Male,0,No,No,26,Month-to-month,Fiber optic,80.5,2088.8,Electronic check,62.2,62.2,High
1624-NALOJ,Male,1,No,No,5,Month-to-month,Fiber optic,89.8,502.6,Electronic check,89.03,89.03,High
6741-EGCBI,Male,1,No,No,30,Month-to-month,Fiber optic,90.5,2595.85,Credit card (automatic),60.84,60.84,High
7820-ZYGNY,Male,0,No,No,63,One year,Fiber optic,90.45,5825.5,Credit card (automatic),32.54,32.54,Medium
4317-VTEOA,Male,0,No,No,1,Month-to-month,DSL,50.75,50.75,Electronic check,63.84,63.84,High
9677-AVKED,Female,0,No,Yes,53,One year,DSL,84.6,4449.75,Electronic check,37.4,37.4,Medium
1670-SVOWZ,Female,0,Yes,Yes,14,Month-to-month,Fiber optic,89.65,1208.35,Credit card (automatic),60.76,60.76,High
2227-JRSJX,Female,0,No,No,21,Month-to-month,Fiber optic,99.15,1956.4,Bank transfer (automatic),59.03,59.03,Medium
9847-HNVGP,Male,0,No,No,17,One year,No,19.95,310.6,Mailed check,11.83,11.83,Low
6696-YDAYZ,Male,0,Yes,Yes,16,Two year,No,20.5,290.55,Mailed check,2.03,2.03,Low
8980-WQFWL,Female,0,No,No,35,Month-to-month,DSL,62.1,2096.1,Electronic check,27.3,27.3,Low
1730-ZMAME,Female,1,No,No,32,Month-to-month,Fiber optic,79.5,2665.0,Electronic check,59.92,59.92,Medium
6506-EYCNH,Female,0,Yes,Yes,28,Month-to-month,No,19.55,543.8,Bank transfer (automatic),41.69,41.69,Medium
4634-JLRJT,Female,0,No,No,1,Month-to-month,No,20.35,20.35,Mailed check,53.64,53.64,Medium
9501-UKKNL,Male,0,No,No,59,Month-to-month,DSL,51.7,3005.8,Electronic check,48.1,48.1,Medium
2560-QTSBS,Female,0,Yes,Yes,72,One year,No,23.3,1623.15,Bank transfer (automatic),4.3,4.3,Low
7541-YLXCL,Male,0,No,No,36,One year,DSL,65.4,2498.4,Mailed check,27.28,27.28,Low
4795-WRNVT,Female,0,No,No,40,Month-to-month,DSL,65.1,2586.0,Mailed check,35.42,35.42,Medium
6080-TCMYC,Male,0,Yes,Yes,40,Month-to-month,Fiber optic,81.2,3292.3,Electronic check,63.16,63.16,High
0260-ZDLGK,Female,0,No,Yes,9,Month-to-month,DSL,72.9,651.4,Mailed check,51.37,51.37,Medium
7860-UXCRM,Male,0,Yes,Yes,63,Two year,DSL,74.5,4674.55,Credit card (automatic),2.68,2.68,Low
6357-JJPQT,Female,0,No,No,3,Month-to-month,Fiber optic,80.5,232.35,Electronic check,84.26,84.26,High
2292-XQWSV,Male,0,Yes,Yes,40,One year,DSL,60.3,2448.5,Mailed check,26.66,26.66,Low
9552-TGUZV,Male,0,Yes,No,8,Month-to-month,Fiber optic,75.0,658.1,Mailed check,69.48,69.48,High
5913-INRQV,Male,1,Yes,No,34,One year,Fiber optic,90.15,3128.8,Mailed check,7.16,7.16,Low
8722-NGNBH,Male,0,No,No,5,Month-to-month,DSL,40.0,223.45,Mailed check,42.35,42.35,Medium
6210-KBBPI,Male,1,No,No,9,Month-to-month,Fiber optic,99.45,919.4,Credit card (automatic),83.18,83.18,High
9643-YBLUR,Male,0,Yes,No,9,Month-to-month,DSL,69.05,653.95,Credit card (automatic),54.1,54.1,Medium
8734-FNWVH,Male,0,Yes,Yes,31,Month-to-month,DSL,59.7,1825.5,Bank transfer (automatic),35.58,35.58,Medium
9447-YPTBX,Female,0,Yes,No,50,One year,No,19.85,943.1,Bank transfer (automatic),6.75,6.75,Low
0133-BMFZO,Female,0,No,No,2,Month-to-month,Fiber optic,86.25,181.65,Electronic check,65.07,65.07,High
6128-CZOMY,Female,0,No,No,1,Month-to-month,DSL,45.65,45.65,Electronic check,71.02,71.02,High
9540-JYROE,Male,0,No,No,8,Month-to-month,Fiber optic,70.1,551.35,Mailed check,74.14,74.14,High
9026-LHEVG,Female,0,No,No,9,Month-to-month,DSL,40.75,359.4,Electronic check,61.16,61.16,High
2260-USTRB,Female,1,No,No,2,Month-to-month,Fiber optic,70.2,115.95,Bank transfer (automatic),82.33,82.33,High
3656-TKRVZ,Female,0,No,No,3,Month-to-month,DSL,55.35,165.2,Electronic check,58.7,58.7,Medium
7011-CVEUC,Male,0,Yes,No,25,Month-to-month,Fiber optic,95.7,2338.35,Credit card (automatic),55.98,55.98,Medium
6185-TASNN,Male,1,No,No,1,Month-to-month,DSL,46.3,46.3,Electronic check,69.96,69.96,High
7925-PNRGI,Female,0,Yes,Yes,45,Month-to-month,DSL,81.3,3541.1,Mailed check,20.96,20.96,Low
8623-TMRBY,Male,1,Yes,Yes,51,Month-to-month,Fiber optic,84.2,4146.05,Electronic check,62.67,62.67,High
1552-CZCLL,Female,0,Yes,Yes,55,Month-to-month,No,20.0,1087.25,Credit card (automatic),21.91,21.91,Low
3038-PQIUY,Female,0,No,No,38,Month-to-month,DSL,66.15,2522.4,Bank transfer (automatic),28.42,28.42,Low
1501-SGHBW,Male,0,No,No,2,Month-to-month,DSL,45.85,81.0,Mailed check,66.25,66.25,High
9313-CDOGY,Male,0,Yes,Yes,38,Month-to-month,No,19.6,717.3,Electronic check,28.26,28.26,Low
8148-BPLZQ,Male,0,No,No,34,Month-to-month,DSL,49.8,1734.2,Electronic check,49.36,49.36,Medium
2623-DRYAM,Female,0,Yes,No,70,One year,Fiber optic,101.75,7069.3,Electronic check,41.11,41.11,Medium
9987-LUTYD,Female,0,No,No,13,One year,DSL,55.15,742.9,Mailed check,8.54,8.54,Low
3208-YPIOE,Male,0,No,No,39,Month-to-month,Fiber optic,75.25,3017.65,Electronic check,61.78,61.78,High
4488-KQFDT,Female,0,No,No,61,One year,Fiber optic,103.95,6423.0,Electronic check,50.63,50.63,Medium
2612-RANWT,Female,0,No,No,12,Month-to-month,Fiber optic,100.15,1164.3,Bank transfer (automatic),88.08,88.08,High
5693-PIPCS,Male,0,No,No,41,Two year,Fiber optic,99.65,4220.35,Credit card (automatic),14.74,14.74,Low
0491-KAPQG,Male,0,No,No,21,Month-to-month,Fiber optic,73.7,1558.7,Electronic check,73.7,73.7,High
1925-LFCZZ,Male,1,No,No,55,One year,DSL,50.05,2743.45,Bank transfer (automatic),37.53,37.53,Medium
8039-EQPIM,Male,0,Yes,No,69,Two year,DSL,60.25,4055.5,Bank transfer (automatic),1.82,1.82,Low
6900-PXRMS,Male,1,Yes,Yes,26,Month-to-month,Fiber optic,105.75,2710.25,Electronic check,74.23,74.23,High
8707-RMEZH,Female,1,Yes,No,69,One year,Fiber optic,87.3,6055.55,Credit card (automatic),12.53,12.53,Low
3346-BRMIS,Female,1,Yes,No,18,Month-to-month,DSL,48.35,810.7,Electronic check,87.06,87.06,High
3209-ZPKFI,Male,0,Yes,Yes,47,Month-to-month,DSL,54.25,2538.2,Electronic check,43.77,43.77,Medium
6479-VDGRK,Female,0,Yes,Yes,72,Two year,DSL,85.3,6129.2,Bank transfer (automatic),2.03,2.03,Low
9373-WSLOY,Male,1,Yes,No,33,Month-to-month,DSL,50.0,1750.85,Electronic check,67.39,67.39,High
2933-FILNV,Female,0,Yes,Yes,2,Month-to-month,DSL,24.4,36.55,Mailed check,60.94,60.94,High
3569-JFODW,Female,0,Yes,Yes,72,Two year,DSL,90.95,6652.45,Credit card (automatic),7.23,7.23,Low
9819-FBNSV,Male,1,Yes,No,37,Month-to-month,Fiber optic,72.25,2575.45,Bank transfer (automatic),51.62,51.62,Medium
9544-PYPSJ,Female,1,Yes,Yes,62,Month-to-month,Fiber optic,96.1,6019.35,Credit card (automatic),39.49,39.49,Medium
1591-XWLGB,Female,0,Yes,No,71,Two year,No,19.85,1379.6,Credit card (automatic),1.8,1.8,Low
0396-UKGAI,Male,0,No,Yes,23,Month-to-month,DSL,55.3,1284.2,Bank transfer (automatic),38.83,38.83,Medium
3243-ZHOHY,Female,0,No,No,16,One year,No,20.1,296.15,Mailed check,12.65,12.65,Low
5186-EJEGL,Male,0,No,No,9,Month-to-month,DSL,69.5,653.25,Mailed check,38.44,38.44,Medium
7527-QNRUS,Male,0,Yes,Yes,17,Two year,No,25.15,412.6,Mailed check,2.0,2.0,Low
9986-BONCE,Female,0,No,No,4,Month-to-month,No,20.95,85.5,Bank transfer (automatic),48.15,48.15,Medium
2722-JMONI,Female,1,Yes,No,1,Month-to-month,DSL,49.55,49.55,Electronic check,65.57,65.57,High
2203-GHNWN,Female,0,Yes,No,24,Month-to-month,Fiber optic,79.65,1928.7,Mailed check,73.39,73.39,High
3878-AVSOQ,Female,1,No,No,1,Month-to-month,Fiber optic,71.25,71.25,Electronic check,84.42,84.42,High
3258-SYSWS,Male,1,No,No,72,Two year,Fiber optic,113.8,7845.8,Bank transfer (automatic),2.15,2.15,Low
5296-PSYVW,Female,0,Yes,No,72,Two year,No,24.55,1750.7,Electronic check,2.83,2.83,Low
6319-QSUSR,Female,0,No,Yes,11,Month-to-month,No,19.7,216.2,Credit card (automatic),32.6,32.6,Medium
4083-EUGRJ,Male,0,No,No,9,Month-to-month,No,20.25,178.5,Mailed check,45.52,45.52,Medium
7579-OOPEC,Female,1,Yes,No,2,Month-to-month,DSL,50.15,115.1,Credit card (automatic),58.9,58.9,Medium
0512-FLFDW,Female,1,Yes,No,60,One year,Fiber optic,100.5,6029.0,Credit card (automatic),34.31,34.31,Medium
1771-OADNZ,Male,1,Yes,No,29,Month-to-month,Fiber optic,95.9,2745.2,Electronic check,77.1,77.1,High
0487-CRLZF,Female,0,No,No,49,Two year,DSL,74.45,3721.9,Bank transfer (automatic),20.1,20.1,Low
2107-FBPTK,Female,1,No,No,30,Month-to-month,Fiber optic,104.1,3121.1,Electronic check,81.61,81.61,High
9451-WLYRI,Female,0,Yes,No,53,One year,No,19.05,990.45,Credit card (automatic),6.28,6.28,Low
8219-VYBVI,Male,0,No,Yes,39,Two year,No,25.0,1004.35,Mailed check,2.95,2.95,Low
1991-VOPLL,Female,0,No,No,9,Month-to-month,No,19.05,157.65,Mailed check,47.46,47.46,Medium
9738-QLWTP,Male,0,No,No,39,One year,Fiber optic,81.9,3219.75,Electronic check,14.57,14.57,Low
1016-DJTSV,Male,1,No,No,8,Month-to-month,Fiber optic,69.7,572.85,Electronic check,76.32,76.32,High
9419-IPPBE,Female,0,Yes,Yes,51,One year,Fiber optic,90.15,4554.85,Electronic check,33.05,33.05,Medium
0174-QRVVY,Male,0,Yes,Yes,71,Two year,No,25.35,1847.55,Credit card (automatic),2.35,2.35,Low
5699-BNCAS,Male,1,No,No,71,Two year,No,24.65,1766.75,Mailed check,2.58,2.58,Low
2900-PHPLN,Female,1,Yes,No,70,Two year,No,19.55,1462.05,Credit card (automatic),4.66,4.66,Low
0612-RTZZA,Female,1,No,No,1,Month-to-month,DSL,25.25,25.25,Electronic check,85.3,85.3,High
8106-GWQOK,Male,0,Yes,No,38,Two year,DSL,60.0,2193.2,Bank transfer (automatic),2.13,2.13,Low
8751-EDEKA,Female,0,Yes,No,28,Month-to-month,Fiber optic,89.9,2433.5,Credit card (automatic),40.51,40.51,Medium
6878-GGDWG,Female,0,Yes,No,32,Month-to-month,No,19.4,641.15,Bank transfer (automatic),36.89,36.89,Medium
4039-PIMHX,Male,1,Yes,No,49,Two year,DSL,49.8,2398.4,Mailed check,1.85,1.85,Low
8450-LUGUK,Female,0,Yes,Yes,37,Two year,No,24.1,861.85,Bank transfer (automatic),2.26,2.26,Low
3604-WLABM,Female,0,No,No,10,Month-to-month,DSL,54.25,583.0,Electronic check,53.73,53.73,Medium
0795-GMVQO,Male,0,Yes,No,67,One year,Fiber optic,109.9,7332.4,Credit card (automatic),41.25,41.25,Medium
2259-OUUSZ,Male,0,No,No,7,One year,DSL,35.5,249.55,Credit card (automatic),15.28,15.28,Low
1142-IHLOO,Female,0,No,No,51,One year,Fiber optic,87.55,4475.9,Credit card (automatic),21.77,21.77,Low
6410-LEFEN,Female,0,No,No,9,Month-to-month,DSL,45.15,416.45,Electronic check,58.43,58.43,Medium
4633-MKHYU,Female,0,No,No,9,Month-to-month,Fiber optic,88.4,788.6,Mailed check,85.93,85.93,High
6257-RJOHI,Male,0,No,No,4,Month-to-month,DSL,50.8,202.3,Mailed check,53.76,53.76,Medium
1545-JFUML,Male,0,Yes,No,71,Two year,Fiber optic,99.0,6994.6,Electronic check,5.48,5.48,Low
3194-ORPIK,Female,0,Yes,Yes,50,Month-to-month,Fiber optic,84.4,4116.15,Bank transfer (automatic),52.97,52.97,Medium
7826-VVKWT,Female,1,Yes,Yes,24,Two year,Fiber optic,96.55,2263.45,Electronic check,60.17,60.17,High
1353-GHZOS,Male,0,Yes,No,22,One year,DSL,59.75,1374.35,Bank transfer (automatic),9.08,9.08,Low
2587-EKXTS,Male,0,No,No,44,Month-to-month,Fiber optic,111.5,4915.15,Electronic check,62.79,62.79,High
5442-BXVND,Female,0,Yes,Yes,33,Month-to-month,No,24.25,838.5,Bank transfer (automatic),31.24,31.24,Medium
8816-VXNZD,Female,0,No,No,1,Month-to-month,Fiber optic,75.1,75.1,Electronic check,86.33,86.33,High
9378-FXTIZ,Female,0,Yes,No,54,One year,DSL,70.15,3715.65,Credit card (automatic),24.52,24.52,Low
1723-HKXJQ,Male,0,No,No,42,Month-to-month,Fiber optic,101.75,4273.45,Electronic check,71.8,71.8,High
7825-GKXMW,Female,0,No,No,1,Month-to-month,DSL,45.8,45.8,Electronic check,65.84,65.84,High
9753-OYLBX,Female,0,No,No,1,Month-to-month,No,20.5,20.5,Mailed check,48.81,48.81,Medium
2364-UFROM,Male,0,No,No,30,One year,DSL,70.4,2044.75,Electronic check,24.04,24.04,Low
6656-JWRQX,Female,0,No,No,1,Month-to-month,DSL,30.55,30.55,Mailed check,49.45,49.45,Medium
6473-ULUHT,Male,0,Yes,Yes,16,Month-to-month,DSL,84.9,1398.25,Electronic check,33.6,33.6,Medium
1240-KNSEZ,Male,0,No,No,1,Month-to-month,No,20.1,20.1,Mailed check,51.88,51.88,Medium
0836-SEYLU,Male,0,Yes,No,9,Month-to-month,DSL,40.65,328.95,Mailed check,70.16,70.16,High
4433-JCGCG,Male,1,Yes,No,46,Month-to-month,Fiber optic,101.0,4680.05,Electronic check,74.24,74.24,High
3716-BDVDB,Male,0,No,No,1,Month-to-month,Fiber optic,69.1,69.1,Electronic check,79.69,79.69,High
7688-AWMDX,Male,0,Yes,No,71,Two year,DSL,54.5,3778.2,Bank transfer (automatic),0.38,0.38,Low
2842-BCQGE,Male,0,No,No,43,Month-to-month,Fiber optic,75.35,3161.4,Credit card (automatic),50.55,50.55,Medium
7244-QWYHG,Male,0,Yes,No,50,One year,DSL,44.45,2188.45,Bank transfer (automatic),2.97,2.97,Low
5899-MQZZL,Female,0,No,No,13,Month-to-month,Fiber optic,75.0,999.45,Mailed check,80.85,80.85,High
6849-OYAMU,Male,0,Yes,Yes,19,One year,Fiber optic,100.0,1888.65,Bank transfer (automatic),34.73,34.73,Medium
5312-UXESG,Female,0,No,No,41,Month-to-month,Fiber optic,98.05,3990.6,Bank transfer (automatic),54.66,54.66,Medium
9488-HGMJH,Female,1,No,No,1,Month-to-month,Fiber optic,71.15,71.15,Electronic check,84.42,84.42,High
6038-GCYEC,Female,0,No,No,24,Month-to-month,DSL,54.15,1240.25,Credit card (automatic),61.49,61.49,High
2150-WLKUW,Female,0,Yes,No,40,One year,DSL,63.9,2635.0,Bank transfer (automatic),12.34,12.34,Low
7159-FVYPK,Female,0,Yes,Yes,3,Month-to-month,DSL,69.15,235.0,Bank transfer (automatic),66.92,66.92,High
7032-LMBHI,Female,0,No,No,37,One year,DSL,64.65,2347.85,Bank transfer (automatic),8.6,8.6,Low
1150-WFARN,Female,0,Yes,Yes,67,Two year,Fiber optic,108.75,7156.2,Credit card (automatic),17.54,17.54,Low
6088-BXMRG,Female,0,Yes,Yes,32,Month-to-month,Fiber optic,98.85,3089.6,Electronic check,71.64,71.64,High
3144-AUDBS,Female,0,Yes,No,6,Month-to-month,DSL,49.15,270.8,Electronic check,59.13,59.13,Medium
4821-SJHJV,Female,0,Yes,Yes,32,Month-to-month,Fiber optic,89.6,2901.8,Electronic check,47.94,47.94,Medium
7346-MEDWM,Female,0,No,No,59,Month-to-month,Fiber optic,83.25,4949.1,Electronic check,54.28,54.28,Medium
1137-DGOWI,Female,0,Yes,No,30,One year,DSL,70.25,2198.9,Bank transfer (automatic),21.66,21.66,Low
5616-PRTNT,Male,0,No,Yes,20,Month-to-month,No,19.4,374.5,Electronic check,48.88,48.88,Medium
3812-LRZIR,Female,0,Yes,Yes,27,Two year,No,24.5,761.95,Electronic check,4.91,4.91,Low
4818-QIUFN,Female,1,No,No,20,Month-to-month,Fiber optic,79.15,1520.9,Electronic check,71.98,71.98,High
9483-GCPWE,Male,0,No,Yes,9,One year,No,20.1,190.25,Mailed check,10.78,10.78,Low
4227-OJHAL,Female,0,Yes,Yes,68,One year,DSL,73.0,5163.0,Credit card (automatic),20.7,20.7,Low
9220-CXRSC,Female,0,Yes,Yes,69,Two year,DSL,61.4,4059.85,Credit card (automatic),2.65,2.65,Low
4993-JCRGJ,Male,0,No,No,26,Month-to-month,Fiber optic,84.3,2281.6,Mailed check,45.21,45.21,Medium
9537-JALFH,Male,0,Yes,Yes,69,Two year,No,19.9,1356.7,Bank transfer (automatic),1.54,1.54,Low
6698-OXETB,Male,0,No,No,11,Two year,No,20.4,231.45,Mailed check,6.0,6.0,Low
2103-ZRXFN,Male,0,No,No,1,Month-to-month,DSL,50.75,50.75,Mailed check,70.99,70.99,High
3724-BSCVH,Male,0,Yes,Yes,10,One year,No,20.45,242.4,Mailed check,8.56,8.56,Low
4877-TSOFF,Female,0,Yes,Yes,55,One year,DSL,75.75,4264.25,Bank transfer (automatic),5.87,5.87,Low
9209-NWPGU,Male,0,No,No,44,One year,DSL,65.4,2774.55,Electronic check,17.37,17.37,Low
6961-VCPMC,Male,1,Yes,No,46,Month-to-month,Fiber optic,80.4,3605.2,Electronic check,44.32,44.32,Medium
7306-YDSOI,Male,0,Yes,Yes,69,Two year,DSL,59.75,4069.9,Bank transfer (automatic),1.13,1.13,Low
5288-AHOUP,Male,1,No,No,11,Month-to-month,Fiber optic,78.5,874.2,Electronic check,79.09,79.09,High
6688-UZPWD,Female,0,Yes,No,11,Month-to-month,Fiber optic,102.0,1145.35,Electronic check,89.26,89.26,High
0655-YDGFJ,Male,0,No,No,29,Month-to-month,DSL,48.95,1323.7,Bank transfer (automatic),39.87,39.87,Medium
8468-EHYJA,Female,0,Yes,No,57,Month-to-month,Fiber optic,99.65,5497.05,Electronic check,50.5,50.5,Medium
6823-SIDFQ,Male,0,No,No,28,One year,No,18.25,534.7,Credit card (automatic),10.39,10.39,Low
1097-FSPVW,Female,0,No,No,42,Month-to-month,DSL,54.55,2455.05,Credit card (automatic),41.81,41.81,Medium
2839-RFSQE,Female,0,No,No,2,Month-to-month,No,20.65,38.7,Mailed check,48.72,48.72,Medium
8328-SKJNO,Male,0,No,Yes,23,One year,DSL,40.65,947.4,Bank transfer (automatic),2.35,2.35,Low
7010-ZMVBF,Female,0,Yes,Yes,18,Month-to-month,No,20.45,357.0,Mailed check,37.94,37.94,Medium
5201-CBWYG,Male,0,Yes,Yes,62,One year,No,24.8,1476.25,Bank transfer (automatic),4.62,4.62,Low
0968-GSIKN,Female,0,No,No,1,Month-to-month,Fiber optic,70.8,70.8,Mailed check,80.57,80.57,High
1965-DDBWU,Male,0,No,No,16,Month-to-month,Fiber optic,89.05,1448.6,Credit card (automatic),64.75,64.75,High
9057-SIHCH,Female,0,No,No,3,Month-to-month,Fiber optic,96.6,291.9,Electronic check,92.64,92.64,High
6352-GIGGQ,Male,0,No,No,67,One year,DSL,88.8,5903.15,Bank transfer (automatic),11.42,11.42,Low
3635-QQRQD,Male,0,No,No,62,Two year,No,20.05,1201.65,Credit card (automatic),4.15,4.15,Low
6771-XWBDM,Female,0,Yes,No,57,Month-to-month,Fiber optic,104.5,5921.35,Credit card (automatic),53.2,53.2,Medium
2897-DOVND,Male,0,No,No,2,Month-to-month,Fiber optic,69.8,146.65,Electronic check,79.25,79.25,High
3082-YVEKW,Female,0,Yes,Yes,23,Two year,DSL,77.15,1759.4,Bank transfer (automatic),0.94,0.94,Low
0191-EQUUH,Female,0,No,Yes,25,Two year,DSL,35.05,844.45,Bank transfer (automatic),0.42,0.42,Low
7134-HBPBS,Female,1,No,No,72,Two year,Fiber optic,108.1,7774.05,Bank transfer (automatic),19.68,19.68,Low
3489-HHPFY,Female,0,Yes,No,2,Month-to-month,Fiber optic,84.05,134.05,Electronic check,87.91,87.91,High
2926-JEJJC,Female,0,No,No,8,One year,No,20.2,140.95,Bank transfer (automatic),21.03,21.03,Low
8601-QACRS,Female,0,No,No,5,Month-to-month,DSL,50.6,249.95,Mailed check,68.82,68.82,High
4950-BDEUX,Male,0,No,No,35,Month-to-month,DSL,49.2,1701.65,Electronic check,66.89,66.89,High
5789-LDFXO,Male,0,No,No,24,One year,No,24.6,592.65,Electronic check,14.73,14.73,Low
0508-OOLTO,Female,0,Yes,Yes,2,Month-to-month,Fiber optic,71.65,135.75,Electronic check,80.29,80.29,High
2984-TBYKU,Male,0,Yes,Yes,72,Two year,Fiber optic,104.9,7732.65,Credit card (automatic),7.75,7.75,Low
9822-WMWVG,Female,0,No,No,41,Month-to-month,Fiber optic,106.5,4282.4,Electronic check,40.77,40.77,Medium
2391-SOORI,Male,0,No,Yes,4,Month-to-month,DSL,49.35,219.65,Electronic check,57.8,57.8,Medium
9040-KZVWO,Male,0,No,No,26,One year,Fiber optic,75.5,2018.1,Bank transfer (automatic),21.12,21.12,Low
2645-QTLMB,Male,0,No,No,7,Month-to-month,Fiber optic,94.25,669.0,Electronic check,84.88,84.88,High
4806-HIPDW,Female,0,Yes,No,1,Month-to-month,Fiber optic,68.95,68.95,Electronic check,80.85,80.85,High
1548-ARAGG,Female,0,Yes,Yes,4,Month-to-month,DSL,58.5,224.85,Mailed check,50.05,50.05,Medium
6339-RZCBJ,Male,0,No,No,48,Two year,DSL,78.9,3771.5,Credit card (automatic),5.25,5.25,Low
4424-TKOPW,Male,1,No,No,2,Month-to-month,Fiber optic,93.85,196.75,Electronic check,93.0,93.0,High
4415-WNGVR,Female,1,Yes,No,12,One year,DSL,79.2,943.85,Electronic check,44.61,44.61,Medium
2522-AHJXR,Male,0,Yes,No,60,Month-to-month,Fiber optic,109.45,6572.85,Bank transfer (automatic),28.44,28.44,Low
0412-UCCNP,Male,0,No,No,55,Two year,DSL,59.2,3175.85,Electronic check,1.94,1.94,Low
1816-FLZDK,Male,0,No,No,1,Month-to-month,DSL,29.15,29.15,Mailed check,54.48,54.48,Medium
7096-UCLNH,Male,0,No,No,1,Month-to-month,No,20.05,20.05,Mailed check,46.2,46.2,Medium
8443-ZRDBZ,Male,0,No,No,4,Month-to-month,Fiber optic,76.05,318.9,Electronic check,82.32,82.32,High
9136-ALYBR,Male,0,No,No,1,Month-to-month,DSL,24.45,24.45,Mailed check,79.27,79.27,High
4615-PIVVU,Female,0,No,No,42,Two year,DSL,66.5,2762.75,Credit card (automatic),7.11,7.11,Low
8885-QSQBX,Female,0,No,No,1,Month-to-month,DSL,49.55,49.55,Bank transfer (automatic),48.0,48.0,Medium
7479-NITWS,Male,0,No,No,7,Month-to-month,Fiber optic,89.35,631.85,Credit card (automatic),76.55,76.55,High
8617-ENBDS,Male,0,No,No,3,Month-to-month,Fiber optic,73.6,232.5,Credit card (automatic),67.05,67.05,High
9385-NXKDA,Female,0,Yes,No,72,Two year,DSL,82.65,5919.35,Credit card (automatic),10.66,10.66,Low
0430-IHCDJ,Male,0,No,No,15,Month-to-month,DSL,49.0,749.25,Electronic check,67.59,67.59,High
2959-MJHIC,Male,0,Yes,No,4,Month-to-month,Fiber optic,80.35,307.4,Electronic check,84.22,84.22,High
6674-KVJHG,Female,0,No,No,11,One year,No,25.2,245.15,Electronic check,15.15,15.15,Low
1814-DKOLC,Female,0,No,No,5,Month-to-month,No,25.45,134.75,Mailed check,46.51,46.51,Medium
4201-JMNGR,Female,1,No,No,1,Month-to-month,DSL,55.8,55.8,Electronic check,70.62,70.62,High
9351-HXDMR,Male,0,Yes,No,72,Two year,Fiber optic,110.9,8240.85,Credit card (automatic),17.21,17.21,Low
3537-HPKQT,Female,0,Yes,No,55,Month-to-month,Fiber optic,77.75,4266.4,Credit card (automatic),50.06,50.06,Medium
2129-ALKBS,Female,0,Yes,Yes,40,Month-to-month,No,26.2,1077.5,Electronic check,37.59,37.59,Medium
5821-MMEIL,Female,0,Yes,No,57,Two year,No,19.9,1115.6,Bank transfer (automatic),2.77,2.77,Low
5960-WPXQM,Male,0,No,No,1,Month-to-month,Fiber optic,79.05,79.05,Electronic check,84.55,84.55,High
0684-AOSIH,Male,0,Yes,No,1,Month-to-month,Fiber optic,95.0,95.0,Electronic check,88.52,88.52,High
8260-NGFNY,Female,0,No,No,1,Month-to-month,DSL,25.2,25.2,Mailed check,70.71,70.71,High
1309-XGFSN,Male,1,Yes,Yes,52,One year,DSL,80.85,4079.55,Electronic check,30.74,30.74,Medium
1866-RZZQS,Male,1,No,No,41,Month-to-month,Fiber optic,98.4,4187.75,Electronic check,74.29,74.29,High
6968-URWQU,Male,0,Yes,No,43,One year,DSL,56.35,2391.15,Mailed check,13.2,13.2,Low
4742-TXUEX,Female,0,Yes,Yes,47,Two year,No,19.3,890.5,Bank transfer (automatic),3.18,3.18,Low
9631-XEYKE,Male,0,No,No,3,Month-to-month,DSL,50.4,137.25,Bank transfer (automatic),64.49,64.49,High
8631-NBHFZ,Male,1,Yes,Yes,66,Two year,DSL,79.4,5154.6,Credit card (automatic),2.35,2.35,Low
1335-MXCSE,Male,0,Yes,Yes,55,Two year,DSL,55.25,3119.9,Credit card (automatic),5.82,5.82,Low
8873-TMKGR,Male,0,No,No,29,One year,No,19.1,529.5,Mailed check,11.2,11.2,Low
8800-JOOCF,Female,0,No,Yes,12,Month-to-month,Fiber optic,84.05,966.55,Electronic check,81.25,81.25,High
1469-LBJQJ,Female,0,Yes,No,66,Month-to-month,Fiber optic,105.2,6936.85,Electronic check,57.24,57.24,Medium
4958-XCBDQ,Male,1,No,No,35,Month-to-month,Fiber optic,101.4,3496.3,Electronic check,78.48,78.48,High
8337-UPOAQ,Male,1,Yes,No,10,Month-to-month,Fiber optic,89.8,914.3,Electronic check,88.61,88.61,High
0064-YIJGF,Male,0,Yes,Yes,27,Month-to-month,Fiber optic,75.75,1929.0,Bank transfer (automatic),62.77,62.77,High
2386-OWURY,Female,0,No,No,58,Month-to-month,Fiber optic,95.3,5817.7,Electronic check,33.84,33.84,Medium
1725-IQNIY,Male,0,Yes,No,54,Two year,Fiber optic,109.75,6110.2,Bank transfer (automatic),3.94,3.94,Low
0310-VQXAM,Male,0,No,No,9,Month-to-month,No,19.85,178.8,Mailed check,45.49,45.49,Medium
6598-RFFVI,Male,0,No,No,2,One year,No,19.3,28.3,Credit card (automatic),11.42,11.42,Low
3453-RTHJQ,Male,0,No,No,6,Month-to-month,Fiber optic,69.1,435.0,Electronic check,77.32,77.32,High
6712-OAWRH,Female,1,No,No,26,Month-to-month,Fiber optic,91.25,2351.8,Electronic check,76.04,76.04,High
6278-FEPBZ,Female,0,No,No,9,Month-to-month,No,20.25,186.15,Mailed check,47.6,47.6,Medium
4280-DLSHD,Male,0,Yes,No,8,Month-to-month,DSL,54.75,445.85,Mailed check,57.73,57.73,Medium
1508-DFXCU,Male,0,No,No,12,Month-to-month,Fiber optic,81.45,912.0,Electronic check,80.66,80.66,High
8614-VGMMV,Female,0,No,No,15,Month-to-month,DSL,49.1,679.55,Electronic check,66.59,66.59,High
7868-BGSZA,Male,0,Yes,No,43,One year,DSL,80.2,3581.6,Electronic check,26.08,26.08,Low
2800-QQUSO,Male,0,No,No,42,Month-to-month,Fiber optic,100.3,4222.95,Electronic check,65.83,65.83,High
2930-UOTMB,Female,0,No,No,31,Month-to-month,DSL,65.25,1994.3,Credit card (automatic),48.51,48.51,Medium
7973-DZRKH,Female,0,No,Yes,66,Two year,Fiber optic,90.95,5930.05,Credit card (automatic),4.98,4.98,Low
5914-DVBWJ,Female,1,No,No,18,Month-to-month,Fiber optic,85.45,1505.85,Electronic check,71.28,71.28,High
7698-YFGEZ,Male,0,No,No,1,Month-to-month,No,20.0,20.0,Mailed check,46.19,46.19,Medium
2533-QVMSK,Male,0,Yes,No,61,Two year,Fiber optic,94.1,5638.3,Electronic check,5.26,5.26,Low
9773-PEQBZ,Male,0,No,No,10,Month-to-month,Fiber optic,79.85,797.25,Electronic check,74.55,74.55,High
8644-XLFBW,Male,1,No,No,1,Month-to-month,Fiber optic,71.65,71.65,Electronic check,80.24,80.24,High
0650-BWOZN,Female,1,No,No,18,Month-to-month,Fiber optic,73.55,1359.45,Electronic check,71.61,71.61,High
8625-AZYZY,Male,0,Yes,No,24,Month-to-month,Fiber optic,104.65,2542.45,Electronic check,83.81,83.81,High
7785-RDVIG,Female,0,Yes,Yes,3,Month-to-month,No,19.3,54.7,Mailed check,41.85,41.85,Medium
9602-WCXPI,Male,0,No,No,50,One year,No,20.15,989.05,Credit card (automatic),9.01,9.01,Low
2903-YYTBW,Male,0,Yes,Yes,1,Month-to-month,DSL,44.55,44.55,Electronic check,65.3,65.3,High
3620-MWJNE,Male,0,No,No,2,Month-to-month,DSL,54.45,87.3,Mailed check,35.72,35.72,Medium
8573-JGCZW,Male,0,No,No,17,One year,No,19.65,351.55,Bank transfer (automatic),14.56,14.56,Low
6837-HAEVO,Male,0,Yes,Yes,69,Two year,Fiber optic,105.0,7297.75,Electronic check,32.16,32.16,Medium
6701-YVNQG,Male,0,Yes,No,72,Two year,DSL,88.7,6301.7,Credit card (automatic),5.47,5.47,Low
9306-CPCBC,Female,0,No,No,3,Month-to-month,Fiber optic,74.25,210.3,Electronic check,85.53,85.53,High
4304-XUMGI,Male,1,Yes,Yes,50,Two year,DSL,75.15,3822.45,Bank transfer (automatic),2.66,2.66,Low
9504-YAZWB,Female,0,No,No,53,Two year,No,20.25,1048.45,Mailed check,3.84,3.84,Low
8819-ZBYNA,Female,0,Yes,No,58,Two year,Fiber optic,109.1,6393.65,Credit card (automatic),12.55,12.55,Low
6174-NRBTZ,Male,0,No,No,46,One year,DSL,30.75,1489.3,Bank transfer (automatic),4.83,4.83,Low
9481-IEBZY,Male,1,Yes,No,72,Month-to-month,Fiber optic,112.9,8061.5,Credit card (automatic),35.55,35.55,Medium
1833-VGRUM,Female,1,No,No,1,Month-to-month,Fiber optic,74.2,74.2,Electronic check,89.09,89.09,High
6137-NICCO,Female,0,Yes,Yes,6,Month-to-month,Fiber optic,94.05,518.75,Mailed check,85.27,85.27,High
9065-ZCPQX,Male,0,Yes,No,72,Two year,DSL,78.85,5763.15,Bank transfer (automatic),1.12,1.12,Low
6402-EJMWF,Male,0,No,No,4,Month-to-month,DSL,55.3,238.5,Mailed check,64.2,64.2,High
3620-EHIMZ,Female,0,Yes,Yes,52,Two year,No,19.35,1031.7,Mailed check,2.48,2.48,Low
3213-VVOLG,Male,0,Yes,Yes,0,Two year,No,25.35,0.0,Mailed check,2.22,2.22,Low
6870-ECSHE,Female,0,No,No,2,One year,No,20.45,34.8,Mailed check,15.46,15.46,Low
8747-UDCOI,Female,0,Yes,No,65,Two year,No,19.35,1319.95,Bank transfer (automatic),2.51,2.51,Low
8374-XGEJJ,Male,1,Yes,No,43,Month-to-month,Fiber optic,101.0,4388.4,Electronic check,74.0,74.0,High
2656-TABEH,Male,0,Yes,No,4,Month-to-month,Fiber optic,100.2,420.2,Electronic check,90.49,90.49,High
6946-LMSQS,Male,1,Yes,No,25,One year,Fiber optic,89.05,2177.45,Electronic check,62.29,62.29,High
4626-OZDTJ,Female,0,Yes,No,51,One year,DSL,78.65,3950.85,Credit card (automatic),31.09,31.09,Medium
9169-BSVIN,Male,0,No,No,12,Month-to-month,DSL,74.75,827.05,Bank transfer (automatic),54.75,54.75,Medium
2325-ZUSFD,Female,0,Yes,Yes,57,One year,DSL,70.1,3913.3,Bank transfer (automatic),15.21,15.21,Low
8194-PEEBY,Female,0,Yes,Yes,24,One year,No,19.9,533.5,Mailed check,10.01,10.01,Low
6872-HXFNF,Female,0,Yes,No,64,One year,DSL,58.35,3756.45,Bank transfer (automatic),4.57,4.57,Low
3932-CMDTD,Female,0,No,No,4,One year,Fiber optic,105.65,443.9,Electronic check,70.25,70.25,High
7714-YXSMB,Female,0,No,No,26,Month-to-month,Fiber optic,100.5,2599.95,Bank transfer (automatic),79.83,79.83,High
8387-UGUSU,Female,0,Yes,Yes,15,Month-to-month,No,20.05,284.3,Mailed check,38.81,38.81,Medium
1080-BWSYE,Male,1,Yes,No,64,Two year,No,25.65,1740.8,Credit card (automatic),3.13,3.13,Low
4039-HEUNW,Male,1,Yes,No,36,Month-to-month,Fiber optic,96.5,3436.1,Electronic check,77.92,77.92,High
1194-HVAIF,Female,0,Yes,No,27,Month-to-month,Fiber optic,95.0,2462.55,Credit card (automatic),66.73,66.73,High
0812-WUPTB,Male,1,Yes,No,1,Month-to-month,Fiber optic,70.85,70.85,Mailed check,82.15,82.15,High
3594-UVONA,Female,0,No,No,35,One year,DSL,85.95,3110.1,Credit card (automatic),36.49,36.49,Medium
0004-TLHLJ,Male,0,No,No,4,Month-to-month,Fiber optic,73.9,280.85,Electronic check,78.38,78.38,High
1767-TGTKO,Female,0,Yes,Yes,8,Month-to-month,DSL,45.45,411.75,Electronic check,60.32,60.32,High
8439-LTUGF,Male,0,No,No,10,Month-to-month,No,20.0,198.6,Credit card (automatic),35.38,35.38,Medium
8805-JNRAZ,Female,0,No,No,2,Month-to-month,DSL,49.2,103.7,Mailed check,55.58,55.58,Medium
5089-IFSDP,Female,0,Yes,No,58,Two year,Fiber optic,109.45,6144.55,Bank transfer (automatic),12.73,12.73,Low
6418-HNFED,Male,0,Yes,No,51,Two year,DSL,83.25,4089.45,Credit card (automatic),6.83,6.83,Low
0206-OYVOC,Female,0,Yes,Yes,46,Two year,No,19.25,864.2,Mailed check,2.72,2.72,Low
7291-CDTMJ,Male,0,No,No,1,Month-to-month,No,19.65,19.65,Bank transfer (automatic),49.06,49.06,Medium
7128-GGCNO,Male,0,No,No,46,Month-to-month,Fiber optic,72.8,3249.4,Bank transfer (automatic),37.12,37.12,Medium
0237-YFUTL,Female,0,Yes,No,50,Month-to-month,Fiber optic,109.65,5405.8,Bank transfer (automatic),36.9,36.9,Medium
7691-KGKGP,Male,0,Yes,Yes,53,Month-to-month,DSL,65.0,3363.8,Credit card (automatic),29.07,29.07,Low
6710-HSJRD,Male,0,Yes,No,61,Month-to-month,Fiber optic,114.1,7132.15,Electronic check,62.95,62.95,High
3675-EQOZA,Male,0,No,No,5,Month-to-month,No,20.65,93.55,Bank transfer (automatic),45.62,45.62,Medium
0840-DCNZE,Male,0,No,No,47,One year,DSL,86.95,4138.9,Bank transfer (automatic),30.06,30.06,Medium
1732-FEKLD,Female,0,No,No,54,One year,Fiber optic,94.75,5121.75,Bank transfer (automatic),31.95,31.95,Medium
9862-KJTYK,Male,0,No,Yes,19,Month-to-month,DSL,25.35,566.1,Credit card (automatic),44.54,44.54,Medium
0479-HMSWA,Female,0,No,Yes,26,Two year,Fiber optic,105.45,2715.3,Electronic check,24.87,24.87,Low
5854-KSRBJ,Male,0,Yes,Yes,70,Two year,No,25.4,1782.05,Mailed check,1.4,1.4,Low
0365-BZUWY,Male,0,Yes,No,17,Month-to-month,Fiber optic,102.55,1742.5,Electronic check,86.48,86.48,High
4817-VYYWS,Female,0,No,No,30,Month-to-month,Fiber optic,100.2,2983.8,Electronic check,77.46,77.46,High
5701-SVCWR,Female,0,No,Yes,1,Month-to-month,No,24.0,24.0,Mailed check,44.44,44.44,Medium
3129-AAQOU,Female,0,Yes,Yes,19,Two year,No,25.6,485.9,Mailed check,2.53,2.53,Low
4922-CVPDX,Female,0,Yes,No,26,Two year,DSL,73.5,1905.7,Credit card (automatic),8.42,8.42,Low
1396-QWFBJ,Female,0,Yes,Yes,21,Month-to-month,Fiber optic,74.05,1565.7,Bank transfer (automatic),65.58,65.58,High
1357-BIJKI,Male,0,Yes,No,50,One year,Fiber optic,98.25,4858.7,Electronic check,66.73,66.73,High
1099-BTKWT,Female,0,Yes,No,68,One year,DSL,54.4,3723.65,Electronic check,20.99,20.99,Low
5299-SJCZT,Male,0,No,No,3,Month-to-month,Fiber optic,101.55,298.35,Bank transfer (automatic),90.19,90.19,High
2018-PZKMU,Male,0,Yes,Yes,9,Month-to-month,Fiber optic,103.1,970.45,Electronic check,71.05,71.05,High
7340-KEFQE,Female,0,Yes,Yes,51,Two year,DSL,34.2,1782.0,Bank transfer (automatic),0.45,0.45,Low
4570-QHXHL,Female,0,No,No,9,Month-to-month,DSL,43.75,405.7,Electronic check,64.59,64.59,High
2403-BCASL,Male,1,Yes,Yes,41,One year,Fiber optic,111.95,4534.9,Electronic check,52.44,52.44,Medium
7392-YYPYJ,Male,0,No,No,22,Month-to-month,Fiber optic,100.65,2415.95,Electronic check,81.06,81.06,High
2898-LSJGD,Female,0,Yes,Yes,21,One year,DSL,55.95,1157.05,Electronic check,47.01,47.01,Medium
2223-GDSHL,Male,0,Yes,Yes,71,Two year,Fiber optic,116.05,8297.5,Bank transfer (automatic),3.12,3.12,Low
7359-PTSXY,Male,0,No,No,1,Month-to-month,DSL,45.75,45.75,Electronic check,68.69,68.69,High
9470-RTWDV,Male,0,Yes,Yes,26,One year,DSL,82.0,2083.1,Credit card (automatic),23.62,23.62,Low
2176-OSJUV,Male,0,Yes,No,71,Two year,DSL,65.15,4681.75,Bank transfer (automatic),0.29,0.29,Low
9348-YVOMK,Male,0,No,No,4,Month-to-month,DSL,44.8,176.2,Credit card (automatic),54.66,54.66,Medium
8104-OSKWT,Female,0,No,No,12,Month-to-month,Fiber optic,79.8,1001.2,Electronic check,73.88,73.88,High
4521-YEEHE,Female,0,Yes,No,18,Month-to-month,Fiber optic,88.85,1594.75,Electronic check,76.77,76.77,High
4090-KPJIP,Female,0,No,No,3,Month-to-month,Fiber optic,74.95,212.4,Electronic check,85.54,85.54,High
3786-WOVKF,Female,1,Yes,No,72,One year,Fiber optic,106.85,7677.4,Bank transfer (automatic),21.42,21.42,Low
4503-BDXBD,Male,0,No,No,11,Month-to-month,Fiber optic,74.95,815.5,Electronic check,66.24,66.24,High
6086-ESGRL,Female,0,No,No,1,Month-to-month,Fiber optic,80.15,80.15,Credit card (automatic),76.47,76.47,High
2592-HODOV,Male,0,No,No,13,One year,No,19.3,259.65,Credit card (automatic),10.91,10.91,Low
3886-CERTZ,Female,0,Yes,No,72,One year,Fiber optic,109.25,8109.8,Electronic check,49.78,49.78,Medium
7995-ZHHNZ,Male,0,Yes,No,42,One year,DSL,56.1,2386.85,Credit card (automatic),12.86,12.86,Low
3824-RHKVR,Female,0,No,No,17,Month-to-month,No,19.7,340.35,Credit card (automatic),30.22,30.22,Medium
5816-SCGFC,Female,1,No,No,7,Month-to-month,DSL,51.3,419.35,Mailed check,65.03,65.03,High
5989-AXPUC,Female,0,Yes,No,68,Two year,Fiber optic,118.6,7990.05,Mailed check,4.52,4.52,Low
4979-HPRFL,Male,0,Yes,Yes,56,Two year,No,24.15,1402.25,Bank transfer (automatic),1.46,1.46,Low
8590-OHDIW,Female,0,Yes,Yes,38,One year,No,20.3,749.35,Mailed check,8.44,8.44,Low
8015-IHCGW,Female,0,Yes,Yes,72,Two year,Fiber optic,115.5,8425.15,Electronic check,7.91,7.91,Low
2332-TODQS,Female,0,No,No,48,One year,No,25.05,1171.5,Credit card (automatic),10.91,10.91,Low
9278-VZKCD,Female,1,Yes,No,52,Month-to-month,Fiber optic,109.1,5647.95,Electronic check,49.19,49.19,Medium
8008-OTEZX,Female,0,Yes,Yes,35,One year,No,19.65,708.8,Mailed check,8.7,8.7,Low
2773-OVBPK,Male,0,Yes,No,67,Two year,Fiber optic,111.3,7567.2,Bank transfer (automatic),13.22,13.22,Low
5999-LCXAO,Female,0,No,No,1,Month-to-month,DSL,29.9,29.9,Mailed check,53.59,53.59,Medium
5206-XZZQI,Male,0,No,No,53,Month-to-month,Fiber optic,80.6,4348.1,Mailed check,32.04,32.04,Medium
4803-LBYPN,Male,0,Yes,Yes,34,Month-to-month,No,20.8,635.9,Mailed check,27.13,27.13,Low
5759-RCVCB,Female,0,No,No,3,Month-to-month,DSL,35.2,108.95,Credit card (automatic),64.73,64.73,High
6372-RFVNS,Female,0,Yes,No,1,Month-to-month,Fiber optic,78.8,78.8,Electronic check,82.08,82.08,High
2139-FQHLM,Male,0,No,No,19,Month-to-month,Fiber optic,89.95,1682.4,Mailed check,40.95,40.95,Medium
8261-GWDBQ,Female,1,Yes,No,60,Two year,Fiber optic,116.05,6925.9,Bank transfer (automatic),4.21,4.21,Low
1093-YSWCA,Male,0,No,No,11,Two year,No,19.55,223.15,Credit card (automatic),7.15,7.15,Low
8938-UMKPI,Female,0,No,No,47,Month-to-month,Fiber optic,106.4,5127.95,Electronic check,65.15,65.15,High
0991-BRRFB,Male,0,No,No,18,Month-to-month,DSL,49.4,874.8,Electronic check,49.15,49.15,Medium
3882-IYOIJ,Female,0,Yes,Yes,60,Two year,Fiber optic,115.25,6758.45,Credit card (automatic),13.93,13.93,Low
8749-TZYEC,Male,0,Yes,No,72,Two year,No,24.8,1874.3,Credit card (automatic),2.48,2.48,Low
1755-FZQEC,Male,0,No,No,39,One year,No,19.9,791.15,Mailed check,10.12,10.12,Low
3115-JPJDD,Female,0,Yes,No,59,One year,Fiber optic,81.25,4639.45,Credit card (automatic),14.48,14.48,Low
5600-KTXFM,Male,0,Yes,Yes,2,Month-to-month,Fiber optic,69.95,143.9,Mailed check,80.46,80.46,High
3871-IKPYH,Male,1,No,No,1,Month-to-month,Fiber optic,69.1,69.1,Electronic check,78.17,78.17,High
6319-IEJWJ,Male,0,Yes,Yes,20,Month-to-month,Fiber optic,90.2,1776.55,Electronic check,79.37,79.37,High
9025-AOMKI,Female,0,No,No,6,Month-to-month,Fiber optic,93.55,536.4,Bank transfer (automatic),90.13,90.13,High
6339-TBELP,Male,0,No,No,71,Two year,Fiber optic,86.4,6172.0,Credit card (automatic),12.26,12.26,Low
7964-YESJC,Female,0,Yes,No,24,Month-to-month,DSL,66.3,1559.45,Mailed check,39.77,39.77,Medium
6173-GOLSU,Male,1,Yes,No,67,Month-to-month,Fiber optic,94.65,6079.0,Credit card (automatic),47.29,47.29,Medium
5275-SQEIZ,Male,0,No,No,1,Month-to-month,Fiber optic,80.85,80.85,Mailed check,86.05,86.05,High
7716-YTYHG,Female,0,Yes,Yes,48,One year,Fiber optic,82.05,4029.95,Mailed check,37.0,37.0,Medium
9938-ZREHM,Female,0,Yes,No,37,One year,DSL,72.1,2658.4,Mailed check,10.38,10.38,Low
7950-XWOVN,Male,0,No,No,11,Month-to-month,DSL,34.7,383.55,Mailed check,70.9,70.9,High
4390-KYULV,Male,0,Yes,No,3,Month-to-month,No,20.55,51.15,Credit card (automatic),30.21,30.21,Medium
4647-MUZON,Female,0,Yes,No,18,Month-to-month,Fiber optic,95.95,1745.5,Credit card (automatic),70.45,70.45,High
9702-AIUJO,Male,0,Yes,Yes,50,One year,DSL,44.8,2230.85,Bank transfer (automatic),15.63,15.63,Low
8849-PRIQJ,Female,0,Yes,Yes,67,One year,Fiber optic,109.4,7281.6,Electronic check,23.8,23.8,Low
8851-RAGOV,Female,0,Yes,No,25,Month-to-month,DSL,71.05,1837.7,Mailed check,28.32,28.32,Low
1304-NECVQ,Female,1,No,No,2,Month-to-month,Fiber optic,78.55,149.55,Electronic check,88.7,88.7,High
5396-IZEPB,Male,0,No,No,9,Month-to-month,No,19.7,180.7,Credit card (automatic),28.4,28.4,Low
1729-VLAZJ,Female,0,No,Yes,10,One year,DSL,40.25,411.45,Mailed check,3.45,3.45,Low
8285-ABVLB,Female,0,Yes,No,70,Two year,No,19.85,1328.35,Credit card (automatic),1.83,1.83,Low
0701-TJSEF,Male,0,No,No,9,Month-to-month,DSL,68.25,576.95,Bank transfer (automatic),29.07,29.07,Low
5712-VBOXD,Female,0,No,No,4,Month-to-month,No,20.15,68.45,Credit card (automatic),47.91,47.91,Medium
6629-LADHQ,Female,0,No,No,2,Month-to-month,DSL,50.95,123.05,Mailed check,48.35,48.35,Medium
8945-GRKHX,Female,0,No,Yes,1,Month-to-month,Fiber optic,78.65,78.65,Electronic check,76.44,76.44,High
1559-DTODC,Male,0,No,No,19,Month-to-month,DSL,25.15,468.35,Bank transfer (automatic),68.44,68.44,High
4797-MIWUM,Male,0,Yes,Yes,7,Month-to-month,No,20.25,174.7,Bank transfer (automatic),42.87,42.87,Medium
6959-UWKHF,Male,0,No,No,1,Month-to-month,DSL,42.9,42.9,Electronic check,70.57,70.57,High
8720-RQSBJ,Male,1,No,No,1,Month-to-month,DSL,44.0,44.0,Electronic check,69.94,69.94,High
4537-CIBHB,Female,0,Yes,Yes,9,One year,No,20.25,172.35,Mailed check,13.27,13.27,Low
3815-SLMEF,Female,0,No,No,3,Month-to-month,DSL,34.25,139.35,Mailed check,40.59,40.59,Medium
5154-VEKBL,Female,0,No,No,9,Month-to-month,DSL,58.5,539.85,Mailed check,51.17,51.17,Medium
4324-AHJKS,Female,0,No,No,5,Month-to-month,DSL,55.8,300.4,Credit card (automatic),55.39,55.39,Medium
4355-CVPVS,Female,0,Yes,Yes,56,One year,Fiber optic,88.9,4968.0,Bank transfer (automatic),17.44,17.44,Low
4495-LHSSK,Female,0,No,Yes,18,Month-to-month,DSL,57.65,992.7,Mailed check,23.68,23.68,Low
5655-JSMZM,Male,1,No,No,49,Month-to-month,Fiber optic,96.2,4718.25,Electronic check,72.21,72.21,High
5915-ANOEI,Male,0,Yes,No,70,Two year,DSL,79.15,5536.5,Mailed check,0.52,0.52,Low
9861-PDSZP,Female,0,No,No,72,Two year,Fiber optic,108.05,7806.6,Credit card (automatic),22.55,22.55,Low
4505-EXZHB,Female,1,No,No,6,Month-to-month,Fiber optic,74.4,434.1,Electronic check,76.41,76.41,High
7225-CBZPL,Male,1,Yes,No,17,Month-to-month,Fiber optic,94.8,1563.9,Electronic check,87.76,87.76,High
6704-UTUKK,Male,0,Yes,No,29,Month-to-month,DSL,45.9,1332.4,Electronic check,79.45,79.45,High
4587-VVTOX,Female,0,Yes,No,6,Month-to-month,Fiber optic,105.3,545.2,Electronic check,92.03,92.03,High
2019-HDCZY,Male,0,Yes,No,63,Two year,Fiber optic,102.6,6296.75,Electronic check,22.84,22.84,Low
4652-NNHNY,Male,0,Yes,No,16,Month-to-month,Fiber optic,73.85,1284.2,Bank transfer (automatic),71.06,71.06,High
8788-DOXSU,Male,0,No,No,59,One year,DSL,61.35,3645.5,Bank transfer (automatic),20.88,20.88,Low
7404-JLKQG,Female,0,No,No,3,Month-to-month,DSL,57.55,161.45,Electronic check,65.81,65.81,High
7421-ZLUPA,Female,0,No,No,8,Month-to-month,DSL,29.25,226.95,Mailed check,66.2,66.2,High
8972-HJWNV,Female,1,Yes,No,7,Month-to-month,Fiber optic,84.55,646.85,Electronic check,91.25,91.25,High
3274-NSDWE,Female,0,No,No,68,Two year,No,19.6,1441.65,Credit card (automatic),2.25,2.25,Low
2632-IVXVF,Female,0,Yes,Yes,68,Two year,Fiber optic,111.75,7511.3,Credit card (automatic),10.72,10.72,Low
3692-JHONH,Female,1,Yes,No,52,One year,Fiber optic,106.5,5621.85,Electronic check,53.84,53.84,Medium
8915-NNTRC,Male,0,Yes,Yes,72,Two year,Fiber optic,107.7,7919.8,Credit card (automatic),9.25,9.25,Low
5914-GXMDA,Female,0,Yes,No,32,One year,No,19.3,593.2,Mailed check,8.45,8.45,Low
7463-IFMQU,Female,0,Yes,No,72,Two year,No,20.05,1423.65,Bank transfer (automatic),2.32,2.32,Low
2920-RNCEZ,Male,0,Yes,Yes,1,Month-to-month,Fiber optic,69.95,69.95,Credit card (automatic),74.86,74.86,High
2541-YGPKE,Male,0,Yes,Yes,42,One year,DSL,63.7,2763.35,Credit card (automatic),14.71,14.71,Low
8515-OCTJS,Female,0,No,No,25,Two year,No,24.75,692.1,Credit card (automatic),8.43,8.43,Low
5382-TEMLV,Male,0,No,No,45,Month-to-month,DSL,50.9,2298.55,Bank transfer (automatic),24.31,24.31,Low
3441-CGZJH,Female,0,Yes,Yes,43,One year,DSL,60.4,2640.55,Credit card (automatic),25.05,25.05,Low
9592-ERDKV,Male,0,Yes,No,37,One year,DSL,79.25,2911.8,Mailed check,16.72,16.72,Low
2860-RANUS,Female,1,No,No,20,Month-to-month,Fiber optic,85.8,1727.5,Credit card (automatic),76.62,76.62,High
5261-QSHQM,Female,0,No,No,4,Month-to-month,DSL,24.45,86.6,Electronic check,80.5,80.5,High
4778-IZARL,Male,0,Yes,No,63,Two year,Fiber optic,110.1,6705.7,Credit card (automatic),12.77,12.77,Low
0432-CAJZV,Male,0,No,No,3,Month-to-month,Fiber optic,90.7,237.65,Mailed check,84.43,84.43,High
7008-LZVOZ,Male,0,Yes,Yes,66,Two year,No,25.3,1672.35,Credit card (automatic),4.49,4.49,Low
8868-WOZGU,Male,0,No,No,28,Month-to-month,Fiber optic,105.7,2979.5,Electronic check,79.36,79.36,High
1200-TUZHR,Female,1,No,No,8,Month-to-month,Fiber optic,85.2,695.75,Electronic check,88.3,88.3,High
9365-CSLBQ,Male,0,No,Yes,71,Two year,No,24.35,1654.6,Mailed check,2.5,2.5,Low
1334-FJSVR,Male,0,No,No,1,Month-to-month,DSL,24.25,24.25,Electronic check,84.27,84.27,High
5884-FBCTL,Female,0,Yes,Yes,72,Two year,No,25.1,1857.85,Bank transfer (automatic),1.91,1.91,Low
7130-CTCUS,Male,1,Yes,No,16,Month-to-month,DSL,54.55,825.1,Bank transfer (automatic),48.11,48.11,Medium
6242-FEGFD,Male,0,Yes,No,66,Two year,Fiber optic,96.6,6424.25,Mailed check,0.47,0.47,Low
7625-XCQRH,Female,0,No,No,11,Month-to-month,Fiber optic,76.5,837.95,Electronic check,82.33,82.33,High
6194-HBGQN,Male,0,No,No,51,One year,DSL,81.15,4126.2,Credit card (automatic),19.16,19.16,Low
7634-WSWDB,Female,0,No,Yes,8,Month-to-month,DSL,38.5,330.8,Electronic check,65.43,65.43,High
6986-IXNDM,Male,0,No,No,14,Month-to-month,Fiber optic,92.9,1337.45,Electronic check,84.29,84.29,High
1731-TVIUK,Female,0,No,No,4,Month-to-month,Fiber optic,93.5,362.2,Electronic check,84.15,84.15,High
2987-BJXIK,Female,0,No,No,70,Two year,DSL,84.7,5991.05,Mailed check,7.05,7.05,Low
9769-TSBZE,Female,0,No,Yes,70,Two year,DSL,66.0,4891.5,Electronic check,1.77,1.77,Low
0406-BPDVR,Female,1,Yes,No,54,One year,Fiber optic,101.5,5373.1,Credit card (automatic),45.42,45.42,Medium
0618-XWMSS,Male,0,No,Yes,28,Month-to-month,Fiber optic,74.9,2068.55,Bank transfer (automatic),35.89,35.89,Medium
1395-WSWXR,Male,0,No,No,24,Two year,No,20.75,487.05,Mailed check,4.85,4.85,Low
6023-GSSXW,Female,0,Yes,No,69,Two year,DSL,61.45,4131.2,Credit card (automatic),4.95,4.95,Low
6752-APNJL,Male,0,Yes,Yes,42,Month-to-month,DSL,54.5,2301.15,Mailed check,18.32,18.32,Low
5276-KQWHG,Female,1,No,No,2,Month-to-month,Fiber optic,69.6,131.65,Electronic check,83.88,83.88,High
0420-HLGXF,Female,1,No,No,39,Month-to-month,Fiber optic,99.75,4036.0,Electronic check,75.86,75.86,High
7446-KQISO,Male,0,Yes,Yes,45,Two year,Fiber optic,109.75,4900.65,Bank transfer (automatic),13.88,13.88,Low
9823-EALYC,Male,0,Yes,Yes,72,Two year,DSL,80.85,5727.45,Bank transfer (automatic),0.5,0.5,Low
0582-AVCLN,Female,0,No,No,38,Two year,No,20.3,743.05,Mailed check,4.63,4.63,Low
5803-NQJZO,Male,0,Yes,No,72,Two year,DSL,67.8,4804.65,Bank transfer (automatic),0.44,0.44,Low
2565-JSLRY,Male,0,No,No,1,Month-to-month,No,24.05,24.05,Mailed check,53.13,53.13,Medium
2607-DHDAK,Male,0,Yes,Yes,72,Two year,No,19.8,1414.65,Credit card (automatic),2.28,2.28,Low
1073-XXCZD,Male,0,Yes,No,55,Two year,No,25.7,1443.65,Bank transfer (automatic),1.37,1.37,Low
0743-HRVFF,Female,0,Yes,Yes,51,One year,DSL,56.15,2898.95,Electronic check,33.67,33.67,Medium
4006-HKYHO,Male,0,No,No,63,Two year,DSL,86.7,5309.5,Bank transfer (automatic),4.53,4.53,Low
3727-JEZTU,Female,0,No,No,1,Month-to-month,No,20.4,20.4,Mailed check,48.79,48.79,Medium
8143-ETQTI,Female,0,Yes,Yes,23,Two year,No,19.65,451.55,Mailed check,3.55,3.55,Low
6689-KXGBO,Female,0,No,No,1,Month-to-month,DSL,50.55,50.55,Electronic check,59.8,59.8,Medium
9667-TKTVZ,Female,0,No,No,2,Month-to-month,DSL,54.35,117.05,Mailed check,50.79,50.79,Medium
3657-COGMW,Female,1,No,No,52,Month-to-month,Fiber optic,108.1,5839.3,Credit card (automatic),41.98,41.98,Medium
8570-KLJYJ,Female,0,No,No,36,One year,DSL,54.45,1893.5,Mailed check,5.71,5.71,Low
7754-IXRMC,Female,0,No,No,1,Month-to-month,DSL,45.35,45.35,Mailed check,65.08,65.08,High
9473-CBZOP,Female,0,No,No,28,One year,DSL,59.0,1654.45,Mailed check,5.89,5.89,Low
2969-WGHQO,Female,0,Yes,Yes,7,One year,DSL,69.45,477.05,Electronic check,24.59,24.59,Low
6615-NGGZJ,Male,0,No,No,14,Month-to-month,Fiber optic,100.55,1415.55,Electronic check,85.73,85.73,High
4334-HOWRP,Male,1,Yes,No,72,Two year,DSL,64.95,4546.0,Credit card (automatic),4.38,4.38,Low
4255-DDUOU,Female,0,Yes,Yes,1,Month-to-month,No,20.5,20.5,Mailed check,46.86,46.86,Medium
5863-OOKCL,Female,0,No,No,10,Month-to-month,No,18.85,163.2,Mailed check,47.22,47.22,Medium
1686-STUHN,Male,0,No,No,42,One year,No,19.8,849.9,Bank transfer (automatic),10.82,10.82,Low
1329-VHWNP,Female,0,No,No,7,Month-to-month,DSL,25.05,189.95,Bank transfer (automatic),64.59,64.59,High
2984-MIIZL,Male,0,No,No,4,Month-to-month,Fiber optic,74.8,321.9,Bank transfer (automatic),71.98,71.98,High
0266-GMEAO,Male,0,Yes,Yes,72,Two year,Fiber optic,114.3,8058.55,Credit card (automatic),11.33,11.33,Low
5590-YRFJT,Female,0,Yes,No,20,Month-to-month,DSL,24.45,482.8,Electronic check,67.3,67.3,High
5574-NXZIU,Male,0,No,No,63,Two year,Fiber optic,109.2,7049.75,Credit card (automatic),9.63,9.63,Low
0019-GFNTW,Female,0,No,No,56,Two year,DSL,45.05,2560.1,Bank transfer (automatic),0.6,0.6,Low
4256-ZWTZI,Female,0,No,Yes,5,Month-to-month,DSL,51.0,286.8,Mailed check,48.29,48.29,Medium
8309-PPCED,Female,0,Yes,No,72,Two year,Fiber optic,110.45,7982.5,Bank transfer (automatic),12.72,12.72,Low
4098-NAUKP,Male,1,Yes,Yes,68,Month-to-month,Fiber optic,84.65,5683.6,Electronic check,48.63,48.63,Medium
5196-WPYOW,Male,0,Yes,Yes,67,One year,DSL,60.05,3994.05,Mailed check,3.97,3.97,Low
4608-LCIMN,Male,0,Yes,Yes,8,Month-to-month,DSL,44.65,369.15,Bank transfer (automatic),52.47,52.47,Medium
1485-YDHMM,Male,0,Yes,Yes,52,Month-to-month,Fiber optic,93.25,4631.7,Bank transfer (automatic),31.38,31.38,Medium
4054-CUMIA,Female,0,Yes,Yes,18,Month-to-month,No,20.25,401.95,Mailed check,40.75,40.75,Medium
0603-TPMIB,Female,0,Yes,Yes,59,Two year,No,25.45,1534.05,Mailed check,1.66,1.66,Low
2525-GVKQU,Female,0,No,No,60,Two year,No,20.6,1093.0,Mailed check,3.63,3.63,Low
8161-QYMTT,Male,0,No,No,7,Month-to-month,Fiber optic,94.1,701.3,Electronic check,89.84,89.84,High
9581-GVBXT,Male,0,Yes,Yes,59,One year,DSL,34.8,1980.3,Mailed check,4.26,4.26,Low
5862-BRIXZ,Male,0,No,No,46,Two year,DSL,60.75,2893.4,Bank transfer (automatic),2.93,2.93,Low
5404-GGUKR,Male,0,No,No,5,Month-to-month,DSL,51.35,262.3,Electronic check,61.78,61.78,High
3308-JSGML,Male,1,Yes,No,59,Two year,DSL,64.05,3886.85,Credit card (automatic),7.75,7.75,Low
2126-GSEGL,Female,0,Yes,No,70,Two year,DSL,84.8,5917.55,Bank transfer (automatic),5.94,5.94,Low
3677-TNKIO,Female,0,No,No,14,Month-to-month,Fiber optic,71.0,914.0,Credit card (automatic),69.01,69.01,High
0440-QEXBZ,Female,0,No,No,44,Month-to-month,DSL,50.15,2139.1,Mailed check,25.75,25.75,Low
2434-EEVDB,Female,0,Yes,No,64,Two year,Fiber optic,94.6,5948.7,Credit card (automatic),14.09,14.09,Low
6762-QVYJO,Female,0,Yes,Yes,58,Two year,DSL,59.75,3624.35,Mailed check,2.69,2.69,Low
6199-IWKGC,Female,1,Yes,No,46,One year,Fiber optic,100.25,4753.85,Electronic check,32.92,32.92,Medium
2675-DHUTR,Male,1,Yes,No,58,Month-to-month,Fiber optic,98.9,5780.7,Electronic check,66.43,66.43,High
8152-VETUR,Female,0,Yes,No,72,Two year,Fiber optic,97.7,6869.7,Credit card (automatic),17.93,17.93,Low
9667-EQRXU,Female,1,No,No,30,Month-to-month,DSL,40.3,1172.95,Electronic check,76.81,76.81,High
7446-YPODE,Male,1,No,No,11,Month-to-month,DSL,60.25,662.95,Bank transfer (automatic),34.88,34.88,Medium
9522-BNTHX,Female,1,No,No,34,Month-to-month,DSL,56.25,1765.95,Electronic check,69.97,69.97,High
4676-WLUHT,Male,0,No,No,54,Two year,DSL,46.2,2431.95,Bank transfer (automatic),2.6,2.6,Low
3329-WDIOK,Female,0,No,No,3,Month-to-month,DSL,50.6,155.35,Electronic check,81.83,81.83,High
7980-MHFLQ,Female,0,Yes,Yes,72,Two year,No,24.9,1859.2,Mailed check,1.78,1.78,Low
2873-ZLIWT,Female,0,Yes,Yes,40,Month-to-month,Fiber optic,84.85,3303.05,Electronic check,49.44,49.44,Medium
3415-TAILE,Female,0,Yes,Yes,2,Month-to-month,DSL,65.7,134.35,Mailed check,51.36,51.36,Medium
0757-WCUUZ,Male,0,Yes,Yes,54,Two year,DSL,63.35,3409.1,Credit card (automatic),9.28,9.28,Low
1629-DQQVB,Female,0,No,No,14,Month-to-month,DSL,50.1,709.5,Bank transfer (automatic),41.56,41.56,Medium
1915-IOFGU,Female,0,No,No,1,Month-to-month,Fiber optic,70.5,70.5,Electronic check,76.63,76.63,High
3045-XETSH,Female,0,No,No,10,Month-to-month,Fiber optic,94.85,953.45,Electronic check,88.17,88.17,High
0374-AACSZ,Female,0,No,No,1,Month-to-month,DSL,50.15,50.15,Electronic check,55.4,55.4,Medium
7239-HZZCX,Male,0,No,No,1,Month-to-month,No,19.75,19.75,Mailed check,46.16,46.16,Medium
4872-VXRIL,Male,0,No,No,56,One year,DSL,64.65,3665.55,Bank transfer (automatic),3.91,3.91,Low
9140-CZQZZ,Female,0,Yes,No,68,Two year,DSL,79.6,5515.8,Bank transfer (automatic),3.16,3.16,Low
3423-HHXAO,Female,0,Yes,Yes,14,One year,No,19.5,272.0,Mailed check,10.55,10.55,Low
9938-TKDGL,Male,0,Yes,Yes,68,Two year,Fiber optic,99.55,6668.0,Electronic check,4.12,4.12,Low
0531-ZZJWQ,Male,1,Yes,No,55,Month-to-month,Fiber optic,74.0,4052.4,Electronic check,59.96,59.96,Medium
6537-QLGEX,Female,0,No,No,16,Month-to-month,DSL,38.9,664.4,Electronic check,63.63,63.63,High
2688-BHGOG,Male,1,No,No,9,Month-to-month,Fiber optic,79.55,718.55,Electronic check,80.52,80.52,High
7683-CBDKJ,Male,0,Yes,Yes,14,Month-to-month,DSL,65.45,937.6,Electronic check,49.68,49.68,Medium
0946-CLJTI,Male,1,Yes,No,58,Month-to-month,Fiber optic,98.7,5812.6,Electronic check,68.13,68.13,High
3160-TYXLT,Male,0,No,No,53,Month-to-month,DSL,46.3,2546.85,Bank transfer (automatic),31.89,31.89,Medium
1325-USMEC,Male,0,Yes,No,70,Two year,Fiber optic,99.35,6944.5,Credit card (automatic),6.58,6.58,Low
0916-QOFDP,Female,1,Yes,Yes,14,Month-to-month,Fiber optic,95.8,1346.3,Electronic check,88.42,88.42,High
0628-CNQRM,Male,0,Yes,Yes,22,One year,DSL,67.5,1544.05,Bank transfer (automatic),4.65,4.65,Low
5606-AMZBO,Female,0,Yes,No,10,Month-to-month,Fiber optic,78.15,765.15,Credit card (automatic),67.02,67.02,High
6199-IPCAO,Female,0,Yes,Yes,29,Two year,No,26.1,692.55,Mailed check,1.99,1.99,Low
7665-TOALD,Female,0,No,No,1,Month-to-month,Fiber optic,69.6,69.6,Electronic check,81.32,81.32,High
0112-QWPNC,Male,0,Yes,No,49,One year,DSL,84.35,4059.35,Electronic check,22.81,22.81,Low
0324-BRPCJ,Female,1,Yes,No,68,Month-to-month,Fiber optic,100.2,6851.65,Electronic check,50.3,50.3,Medium
2777-PHDEI,Female,0,No,No,1,Month-to-month,Fiber optic,78.05,78.05,Electronic check,77.9,77.9,High
5640-CAXOA,Female,0,No,No,30,One year,DSL,40.35,1187.05,Credit card (automatic),19.88,19.88,Low
2235-EZAIK,Female,0,Yes,No,72,Two year,DSL,79.2,5401.9,Credit card (automatic),3.69,3.69,Low
3847-BAERP,Female,0,No,No,10,Month-to-month,No,20.9,247.0,Mailed check,51.2,51.2,Medium
1196-AMORA,Male,0,No,No,7,Month-to-month,Fiber optic,73.6,520.0,Electronic check,78.14,78.14,High
4282-YMKNA,Female,0,No,No,9,Month-to-month,Fiber optic,74.75,706.6,Electronic check,83.13,83.13,High
1453-RZFON,Female,0,No,Yes,1,Month-to-month,DSL,49.9,49.9,Mailed check,48.17,48.17,Medium
8263-OKETD,Female,0,No,No,20,Month-to-month,DSL,68.9,1370.35,Credit card (automatic),51.65,51.65,Medium
0670-KDOMA,Female,0,No,No,1,Month-to-month,No,20.25,20.25,Mailed check,53.64,53.64,Medium
2476-YGEFM,Female,0,No,No,29,Month-to-month,Fiber optic,76.0,2215.25,Credit card (automatic),66.99,66.99,High
8687-BAFGU,Male,0,No,No,1,Month-to-month,Fiber optic,74.0,74.0,Electronic check,66.79,66.79,High
0641-EVBOJ,Male,0,No,No,3,Month-to-month,Fiber optic,82.3,214.4,Mailed check,52.83,52.83,Medium
0829-XXPLX,Female,0,No,No,20,Month-to-month,Fiber optic,89.4,1871.15,Bank transfer (automatic),59.75,59.75,Medium
9974-JFBHQ,Male,0,No,Yes,64,Month-to-month,Fiber optic,99.15,6171.2,Credit card (automatic),35.52,35.52,Medium
5356-RHIPP,Male,0,No,No,1,Month-to-month,No,20.2,20.2,Mailed check,51.89,51.89,Medium
6624-JDRDS,Female,0,No,No,6,Month-to-month,DSL,29.45,161.45,Bank transfer (automatic),51.39,51.39,Medium
0608-JDVEC,Male,0,Yes,No,50,Two year,No,19.8,1013.2,Electronic check,2.33,2.33,Low
9780-FKVVF,Male,0,No,No,6,Month-to-month,DSL,59.15,336.7,Bank transfer (automatic),52.99,52.99,Medium
1919-RTPQD,Male,0,Yes,Yes,7,Month-to-month,DSL,44.75,333.65,Electronic check,61.08,61.08,High
5214-NLTIT,Male,0,Yes,Yes,72,Two year,Fiber optic,90.8,6511.8,Credit card (automatic),21.55,21.55,Low
3345-PBBFH,Male,0,Yes,No,8,Month-to-month,DSL,49.55,393.45,Bank transfer (automatic),56.43,56.43,Medium
5055-BRMNE,Female,0,Yes,Yes,67,Two year,Fiber optic,106.7,7009.5,Credit card (automatic),8.59,8.59,Low
9189-JWSHV,Female,1,Yes,No,24,Month-to-month,Fiber optic,93.55,2264.05,Electronic check,86.93,86.93,High
2190-PHBHR,Female,0,Yes,No,72,Two year,Fiber optic,94.45,6921.7,Credit card (automatic),11.49,11.49,Low
2650-GYRYL,Male,0,Yes,Yes,33,One year,No,19.45,600.25,Bank transfer (automatic),6.69,6.69,Low
0746-JTRFU,Male,0,No,No,2,Month-to-month,DSL,25.05,56.35,Electronic check,83.96,83.96,High
5208-FVQKB,Male,0,Yes,No,70,Two year,DSL,67.95,4664.15,Mailed check,1.02,1.02,Low
7184-LRUUR,Female,0,No,No,22,One year,DSL,65.25,1441.8,Bank transfer (automatic),25.28,25.28,Low
6627-CFOSN,Female,0,No,No,59,Month-to-month,Fiber optic,99.45,5623.7,Bank transfer (automatic),25.0,25.0,Low
3982-JGSFD,Male,0,No,No,36,One year,No,20.35,695.85,Credit card (automatic),13.11,13.11,Low
1574-DYCWE,Female,0,Yes,Yes,51,Two year,No,19.95,1028.75,Mailed check,2.51,2.51,Low
7247-XOZPB,Male,0,Yes,No,53,One year,DSL,77.4,4155.95,Bank transfer (automatic),3.54,3.54,Low
2466-FCCPT,Female,0,Yes,Yes,20,One year,No,19.7,395.6,Bank transfer (automatic),14.14,14.14,Low
6211-WWLTF,Male,0,Yes,No,63,Two year,Fiber optic,99.7,6330.4,Credit card (automatic),8.8,8.8,Low
4826-TZEVA,Female,0,No,No,40,Month-to-month,Fiber optic,74.8,2971.7,Credit card (automatic),42.14,42.14,Medium
6016-NXBNJ,Male,0,No,No,35,One year,No,19.15,638.0,Mailed check,11.41,11.41,Low
9138-EFSMO,Male,0,Yes,Yes,26,One year,Fiber optic,78.95,2034.25,Bank transfer (automatic),28.53,28.53,Low
0576-WNXXC,Male,1,Yes,No,27,Month-to-month,Fiber optic,95.55,2510.2,Electronic check,78.4,78.4,High
4632-XJMEX,Male,0,No,Yes,53,One year,DSL,62.85,3419.5,Credit card (automatic),21.37,21.37,Low
8910-LEDAG,Male,1,Yes,No,34,Month-to-month,Fiber optic,71.55,2427.35,Credit card (automatic),41.32,41.32,Medium
3452-GWUIN,Female,1,Yes,No,19,Month-to-month,Fiber optic,94.95,1760.25,Electronic check,89.24,89.24,High
2716-GFZOR,Male,0,Yes,No,43,Month-to-month,Fiber optic,86.1,3551.65,Credit card (automatic),39.96,39.96,Medium
3724-UCSHY,Male,0,Yes,Yes,6,Month-to-month,No,19.55,122.9,Mailed check,37.6,37.6,Medium
8626-XHBIE,Male,0,No,Yes,56,Two year,No,24.8,1424.2,Mailed check,2.8,2.8,Low
4628-CTTLA,Male,0,No,No,57,Month-to-month,DSL,39.3,2111.45,Electronic check,63.39,63.39,High
3192-LNKRK,Male,0,Yes,Yes,34,Month-to-month,Fiber optic,84.05,2909.95,Mailed check,61.86,61.86,High
4439-YRNVD,Female,0,No,No,10,Month-to-month,DSL,36.25,374.0,Electronic check,49.17,49.17,Medium
2876-VBBBL,Female,0,No,No,1,Month-to-month,No,20.25,20.25,Mailed check,53.64,53.64,Medium
6834-NXDCA,Female,0,No,No,13,Month-to-month,DSL,23.9,300.8,Electronic check,74.24,74.24,High
2208-UGTGR,Male,0,No,No,56,Month-to-month,Fiber optic,98.6,5581.05,Electronic check,62.41,62.41,High
3005-TYFRD,Female,0,Yes,No,55,Month-to-month,Fiber optic,103.65,5676.65,Credit card (automatic),53.85,53.85,Medium
8670-MEFCP,Female,0,Yes,Yes,36,Two year,DSL,92.9,3379.25,Credit card (automatic),7.05,7.05,Low
3079-BCHLN,Male,0,Yes,No,47,One year,No,19.9,942.95,Bank transfer (automatic),8.85,8.85,Low
7777-UNYHB,Female,0,Yes,Yes,12,Month-to-month,No,20.1,232.4,Credit card (automatic),43.02,43.02,Medium
5597-GLBUC,Female,0,No,No,1,Month-to-month,Fiber optic,85.45,85.45,Electronic check,84.86,84.86,High
7278-CKDNC,Male,1,No,No,24,Month-to-month,Fiber optic,80.5,2088.45,Electronic check,71.49,71.49,High
2748-MYRVK,Female,0,No,No,63,One year,Fiber optic,99.9,6137.0,Bank transfer (automatic),34.07,34.07,Medium
8450-UYIBU,Female,1,No,No,35,Month-to-month,DSL,39.85,1434.6,Electronic check,72.84,72.84,High
2969-VAPYH,Female,0,No,No,67,One year,DSL,60.5,3870.0,Credit card (automatic),24.49,24.49,Low
4822-YCXMX,Male,0,No,No,25,Month-to-month,Fiber optic,84.8,2043.45,Electronic check,77.23,77.23,High
7181-OQCUT,Male,0,No,No,21,Month-to-month,Fiber optic,103.85,2215.0,Mailed check,70.76,70.76,High
8474-UMLNT,Female,0,No,No,13,Month-to-month,DSL,67.8,842.25,Bank transfer (automatic),38.51,38.51,Medium
9821-POOTN,Male,0,Yes,No,35,Month-to-month,Fiber optic,75.2,2576.2,Electronic check,67.53,67.53,High
3836-FZSDJ,Male,1,Yes,No,71,Two year,No,24.85,1901.0,Bank transfer (automatic),1.25,1.25,Low
9142-XMYJH,Female,0,No,No,29,Month-to-month,No,19.35,601.6,Credit card (automatic),27.63,27.63,Low
6559-ILWKJ,Male,0,Yes,No,71,Two year,DSL,49.35,3515.25,Electronic check,22.3,22.3,Low
0187-QSXOE,Male,1,Yes,No,7,Month-to-month,Fiber optic,89.0,605.45,Electronic check,89.7,89.7,High
7733-UDMTP,Female,1,No,No,57,Month-to-month,DSL,55.0,3094.05,Electronic check,43.04,43.04,Medium
2649-HWLYB,Male,0,Yes,No,65,Two year,DSL,76.15,4929.55,Bank transfer (automatic),1.08,1.08,Low
5214-CHIWJ,Male,0,No,No,27,One year,No,20.3,595.05,Mailed check,11.46,11.46,Low
4229-CZMLL,Male,0,No,No,6,Month-to-month,Fiber optic,74.9,469.8,Electronic check,81.38,81.38,High
6904-JLBGY,Female,1,No,No,72,Two year,Fiber optic,117.35,8436.25,Credit card (automatic),21.41,21.41,Low
2465-BLLEU,Male,0,No,No,1,Month-to-month,No,19.75,19.75,Mailed check,51.84,51.84,Medium
1685-VAYJF,Male,0,No,No,11,Month-to-month,DSL,45.2,492.0,Credit card (automatic),46.41,46.41,Medium
8874-EJNSR,Male,0,Yes,Yes,39,Two year,No,25.2,987.95,Mailed check,1.24,1.24,Low
6917-YACBP,Female,1,No,No,59,Month-to-month,Fiber optic,89.75,5496.9,Electronic check,31.37,31.37,Medium
5049-MUBWG,Male,0,No,No,26,One year,DSL,75.0,1908.35,Bank transfer (automatic),19.54,19.54,Low
4223-WOZCM,Male,1,No,No,2,Month-to-month,DSL,49.95,107.1,Mailed check,69.13,69.13,High
0769-MURVM,Female,0,Yes,Yes,72,Two year,DSL,65.7,4575.35,Bank transfer (automatic),2.64,2.64,Low
9253-VIFJQ,Male,0,Yes,No,65,One year,DSL,67.05,4309.55,Credit card (automatic),18.01,18.01,Low
7030-FZTFM,Male,0,Yes,Yes,72,Two year,Fiber optic,110.9,7922.75,Credit card (automatic),15.11,15.11,Low
9741-YLNTD,Male,0,No,No,6,Month-to-month,Fiber optic,87.95,522.35,Bank transfer (automatic),74.28,74.28,High
5917-RYRMG,Male,1,No,No,32,One year,No,19.8,587.7,Credit card (automatic),17.62,17.62,Low
5120-ZBLAI,Female,0,Yes,No,50,One year,DSL,75.7,3876.2,Bank transfer (automatic),21.24,21.24,Low
1194-BHJYC,Male,0,Yes,No,61,Two year,DSL,62.15,3778.85,Mailed check,2.3,2.3,Low
3663-MITLP,Female,0,No,No,15,Month-to-month,Fiber optic,101.25,1457.25,Electronic check,80.36,80.36,High
0906-QVPMS,Male,0,Yes,No,72,Two year,Fiber optic,115.15,8349.45,Bank transfer (automatic),2.13,2.13,Low
9025-ZRPVR,Male,0,No,No,9,Month-to-month,No,18.95,185.6,Mailed check,51.47,51.47,Medium
1905-OEILC,Female,0,No,No,1,Month-to-month,No,19.5,19.5,Mailed check,48.65,48.65,Medium
7858-GTZSP,Female,0,No,No,12,Month-to-month,Fiber optic,86.55,1066.9,Electronic check,86.83,86.83,High
3285-UCQVC,Female,0,No,No,37,Month-to-month,DSL,28.6,973.55,Credit card (automatic),40.95,40.95,Medium
6248-BSHKG,Male,0,Yes,Yes,61,One year,No,20.4,1226.45,Mailed check,4.7,4.7,Low
4685-TFLLS,Male,0,Yes,Yes,18,One year,No,19.8,342.3,Bank transfer (automatic),8.91,8.91,Low
3470-BTGQO,Male,0,No,Yes,21,Month-to-month,DSL,45.65,985.05,Mailed check,42.61,42.61,Medium
1209-VFFOC,Male,0,Yes,Yes,68,Two year,DSL,56.4,3948.45,Mailed check,1.51,1.51,Low
8224-DWCKX,Male,1,No,No,12,Month-to-month,Fiber optic,73.3,828.05,Credit card (automatic),70.93,70.93,High
5482-PLVPE,Female,1,No,No,2,Month-to-month,DSL,24.35,41.85,Electronic check,85.01,85.01,High
4553-DVPZG,Female,0,Yes,No,62,Month-to-month,Fiber optic,101.35,6164.7,Electronic check,56.9,56.9,Medium
4902-OHLSK,Female,1,No,No,29,Month-to-month,Fiber optic,98.65,2862.75,Electronic check,67.56,67.56,High
6917-IAYHD,Male,0,No,Yes,1,Month-to-month,DSL,33.6,33.6,Mailed check,40.62,40.62,Medium
0495-ZBNGW,Male,1,Yes,No,5,Month-to-month,Fiber optic,79.9,343.95,Bank transfer (automatic),82.59,82.59,High
8620-RJPZN,Female,0,No,No,1,Month-to-month,No,20.7,20.7,Electronic check,48.77,48.77,Medium
7572-KPVKK,Male,0,No,Yes,62,Two year,Fiber optic,104.05,6590.5,Electronic check,29.92,29.92,Low
2642-MAWLJ,Female,0,Yes,Yes,36,Two year,No,20.25,717.95,Bank transfer (automatic),3.64,3.64,Low
2357-COQEK,Female,1,No,No,28,Month-to-month,Fiber optic,103.3,2890.65,Electronic check,75.98,75.98,High
7103-ZGVNT,Female,0,Yes,Yes,69,One year,DSL,73.7,4885.85,Credit card (automatic),24.64,24.64,Low
3737-GCSPV,Female,0,Yes,No,11,Month-to-month,Fiber optic,96.2,1222.05,Credit card (automatic),67.77,67.77,High
2027-WKXMW,Female,0,Yes,No,63,Month-to-month,Fiber optic,108.75,6871.7,Electronic check,53.18,53.18,Medium
7137-NAXML,Male,0,No,No,23,One year,No,20.15,405.6,Bank transfer (automatic),12.57,12.57,Low
2428-ZMCTB,Male,0,No,No,10,Month-to-month,No,19.75,208.25,Credit card (automatic),28.32,28.32,Low
2961-VNFKL,Female,0,Yes,No,71,Two year,No,25.95,1801.9,Credit card (automatic),3.81,3.81,Low
1768-HNVGJ,Female,1,No,No,45,Month-to-month,DSL,70.05,3062.45,Electronic check,19.16,19.16,Low
6963-KQYQB,Female,0,Yes,Yes,70,Two year,No,24.05,1764.75,Mailed check,1.75,1.75,Low
5934-RMPOV,Female,0,No,Yes,22,Month-to-month,Fiber optic,84.75,1816.75,Electronic check,74.27,74.27,High
1207-BLKSA,Female,0,Yes,Yes,52,Two year,No,23.05,1255.1,Mailed check,1.62,1.62,Low
4088-YLDSU,Male,0,Yes,No,55,One year,Fiber optic,104.15,5743.05,Electronic check,57.74,57.74,Medium
8316-BBQAY,Female,0,No,No,65,Two year,DSL,59.95,3921.1,Credit card (automatic),8.66,8.66,Low
1166-PQLGG,Female,0,Yes,Yes,72,Two year,No,19.55,1463.45,Bank transfer (automatic),2.36,2.36,Low
3146-JTQHR,Male,0,Yes,No,10,One year,No,19.6,189.45,Bank transfer (automatic),11.76,11.76,Low
4291-YZODP,Female,0,No,Yes,7,One year,No,20.05,96.8,Mailed check,13.26,13.26,Low
4395-PZMSN,Male,1,No,No,5,Month-to-month,Fiber optic,85.55,408.5,Electronic check,81.57,81.57,High
6427-FEFIG,Female,0,Yes,Yes,24,Two year,DSL,78.6,1846.65,Credit card (automatic),10.2,10.2,Low
0017-IUDMW,Female,0,Yes,Yes,72,Two year,Fiber optic,116.8,8456.75,Credit card (automatic),13.89,13.89,Low
8706-HRADD,Male,0,No,No,21,Month-to-month,DSL,43.55,1011.5,Mailed check,39.4,39.4,Medium
9955-QOPOY,Male,0,Yes,No,69,One year,DSL,60.8,4263.4,Credit card (automatic),26.04,26.04,Low
4385-ZKVNW,Male,0,Yes,Yes,44,Month-to-month,DSL,54.9,2549.1,Bank transfer (automatic),25.6,25.6,Low
5446-DKWYW,Female,1,Yes,Yes,61,One year,DSL,65.2,3965.05,Electronic check,22.44,22.44,Low
2034-CGRHZ,Male,1,No,No,24,Month-to-month,Fiber optic,102.95,2496.7,Credit card (automatic),76.42,76.42,High
5797-APWZC,Female,0,No,No,1,Month-to-month,Fiber optic,90.6,90.6,Electronic check,86.54,86.54,High
3683-QKIUE,Female,0,No,No,6,Month-to-month,DSL,50.8,288.05,Bank transfer (automatic),51.73,51.73,Medium
4228-ZGYUW,Male,0,No,No,4,Month-to-month,Fiber optic,90.05,368.1,Electronic check,86.83,86.83,High
9031-ZVQPT,Male,0,Yes,No,72,Two year,Fiber optic,108.2,7840.6,Electronic check,21.6,21.6,Low
2990-IAJSV,Male,0,No,No,72,Two year,DSL,92.0,6632.75,Bank transfer (automatic),2.14,2.14,Low
8107-KNCIM,Male,1,Yes,No,14,Month-to-month,Fiber optic,75.1,1013.35,Electronic check,79.18,79.18,High
9027-YFHQJ,Male,0,No,No,7,Month-to-month,No,25.05,152.95,Bank transfer (automatic),47.07,47.07,Medium
5176-LDKUH,Female,0,No,No,48,One year,Fiber optic,75.15,3772.65,Electronic check,21.25,21.25,Low
4644-OBGFZ,Male,0,Yes,Yes,55,One year,No,19.5,1026.35,Mailed check,4.94,4.94,Low
7926-IJOOU,Male,0,No,No,1,Month-to-month,No,19.3,19.3,Credit card (automatic),28.65,28.65,Low
6480-YAGIY,Male,0,No,No,45,One year,Fiber optic,112.2,5031.85,Credit card (automatic),42.98,42.98,Medium
4029-HPFVY,Male,0,No,No,3,Month-to-month,Fiber optic,70.3,220.4,Mailed check,77.35,77.35,High
7602-DBTOU,Female,0,Yes,No,71,Two year,No,19.6,1416.5,Mailed check,2.13,2.13,Low
5345-BMKWB,Male,0,Yes,No,8,Month-to-month,No,20.25,158.35,Mailed check,40.59,40.59,Medium
3519-ZKXGG,Female,0,Yes,No,3,Month-to-month,Fiber optic,75.85,256.6,Electronic check,85.66,85.66,High
5457-COLHT,Male,0,Yes,Yes,69,Two year,DSL,80.65,5542.55,Bank transfer (automatic),1.33,1.33,Low
6416-TVAIH,Male,0,Yes,Yes,1,Month-to-month,Fiber optic,68.5,68.5,Electronic check,82.93,82.93,High
5451-YHYPW,Female,1,Yes,No,72,Two year,Fiber optic,115.75,8443.7,Credit card (automatic),14.08,14.08,Low
5108-ADXWO,Male,0,No,No,11,Month-to-month,Fiber optic,73.5,791.75,Electronic check,70.51,70.51,High
7998-WNZEM,Male,0,No,No,71,Two year,DSL,80.6,5708.2,Bank transfer (automatic),1.58,1.58,Low
3066-RRJIO,Female,0,No,No,1,Month-to-month,Fiber optic,69.95,69.95,Mailed check,80.5,80.5,High
4664-NJCMS,Female,0,Yes,No,33,Two year,DSL,59.55,2016.3,Bank transfer (automatic),4.3,4.3,Low
0307-BCOPK,Female,0,No,No,16,One year,No,19.05,326.65,Mailed check,12.7,12.7,Low
7629-WFGLW,Female,1,Yes,No,56,One year,Fiber optic,95.65,5471.75,Electronic check,7.38,7.38,Low
2542-HYGIQ,Female,0,No,No,1,Month-to-month,No,19.95,19.95,Credit card (automatic),32.77,32.77,Medium
6715-OFDBP,Male,0,No,No,5,Month-to-month,DSL,70.05,346.4,Electronic check,77.35,77.35,High
5016-LIPDW,Male,0,Yes,Yes,57,One year,No,19.4,1061.6,Mailed check,4.84,4.84,Low
6481-LXPWL,Male,0,Yes,Yes,56,One year,DSL,36.1,1971.5,Credit card (automatic),12.97,12.97,Low
1567-DSCIC,Male,0,No,No,8,Month-to-month,Fiber optic,94.0,773.65,Electronic check,84.02,84.02,High
2150-UWTFY,Female,0,Yes,Yes,22,Month-to-month,DSL,61.15,1422.05,Mailed check,45.47,45.47,Medium
6124-ACRHJ,Female,0,No,No,1,Month-to-month,No,19.75,19.75,Mailed check,48.69,48.69,Medium
9362-MWODR,Female,0,No,Yes,40,Month-to-month,DSL,64.1,2460.35,Credit card (automatic),43.56,43.56,Medium
9975-GPKZU,Male,0,Yes,Yes,46,Two year,No,19.75,856.5,Credit card (automatic),1.92,1.92,Low
9625-RZFUK,Male,0,Yes,Yes,63,Two year,No,19.7,1275.85,Mailed check,1.72,1.72,Low
5153-LXKDT,Male,0,Yes,Yes,68,Two year,Fiber optic,110.2,7467.5,Electronic check,13.89,13.89,Low
5161-UBZXI,Male,0,Yes,Yes,69,Two year,Fiber optic,106.35,7261.75,Credit card (automatic),7.61,7.61,Low
1020-JPQOW,Female,0,Yes,No,56,Month-to-month,Fiber optic,90.55,5116.6,Electronic check,34.73,34.73,Medium
7919-ZODZZ,Female,0,Yes,Yes,10,One year,DSL,65.9,660.05,Mailed check,32.0,32.0,Medium
0565-JUPYD,Male,0,No,No,63,One year,Fiber optic,104.5,6590.8,Credit card (automatic),29.07,29.07,Low
6867-ACCZI,Female,0,Yes,Yes,24,Two year,DSL,52.5,1208.15,Mailed check,1.85,1.85,Low
5939-XAIXZ,Female,0,No,No,19,Month-to-month,DSL,56.1,1033.9,Mailed check,55.68,55.68,Medium
9054-FOWNV,Male,0,Yes,Yes,22,Month-to-month,Fiber optic,88.75,1885.15,Electronic check,75.81,75.81,High
2683-BPJSO,Male,0,Yes,No,29,Month-to-month,Fiber optic,84.45,2467.1,Electronic check,65.21,65.21,High
2157-MXBJS,Male,0,Yes,No,13,One year,DSL,75.3,989.45,Mailed check,57.19,57.19,Medium
8207-VVMYB,Female,0,Yes,No,70,Two year,No,26.0,2006.95,Bank transfer (automatic),1.47,1.47,Low
9732-EQMWY,Female,0,Yes,No,49,Month-to-month,Fiber optic,99.4,5025.0,Electronic check,36.27,36.27,Medium
9360-AHGNL,Female,1,Yes,No,43,One year,Fiber optic,109.55,4830.25,Mailed check,25.58,25.58,Low
1087-UDSIH,Female,0,No,No,3,Month-to-month,No,19.6,59.75,Mailed check,53.0,53.0,Medium
5269-NRGDP,Male,0,Yes,Yes,42,One year,DSL,73.15,3088.25,Electronic check,18.25,18.25,Low
6195-MELTI,Male,0,No,No,57,One year,DSL,54.65,3134.7,Mailed check,10.58,10.58,Low
5485-WUYWF,Male,1,No,No,2,Month-to-month,DSL,66.4,94.55,Bank transfer (automatic),59.72,59.72,Medium
2121-JAFOM,Female,0,Yes,No,72,Two year,Fiber optic,115.55,8312.4,Credit card (automatic),11.79,11.79,Low
8818-DOPVL,Female,1,No,No,46,Month-to-month,Fiber optic,104.45,4863.85,Electronic check,65.46,65.46,High
2632-UCGVD,Male,1,Yes,No,66,Month-to-month,Fiber optic,100.05,6871.9,Credit card (automatic),42.49,42.49,Medium
5445-PZWGX,Male,0,No,No,62,One year,Fiber optic,102.0,6529.25,Electronic check,14.35,14.35,Low
1227-UDMZR,Female,0,Yes,No,72,Two year,DSL,91.15,6637.9,Bank transfer (automatic),2.01,2.01,Low
5198-HQAEN,Male,0,Yes,Yes,35,One year,Fiber optic,89.7,3165.6,Electronic check,29.65,29.65,Low
9170-CCKOU,Male,0,Yes,No,17,Month-to-month,Fiber optic,90.2,1454.15,Credit card (automatic),53.91,53.91,Medium
2167-FQSTQ,Female,0,Yes,No,72,Two year,DSL,92.4,6786.1,Electronic check,4.18,4.18,Low
2819-GWENI,Female,0,Yes,Yes,28,One year,No,19.9,543.0,Mailed check,9.44,9.44,Low
1043-YCUTE,Male,0,Yes,No,56,Two year,No,25.15,1327.15,Credit card (automatic),4.99,4.99,Low
3814-MLAXC,Female,0,No,No,31,Month-to-month,Fiber optic,79.85,2404.15,Credit card (automatic),57.27,57.27,Medium
3572-UUHRS,Male,0,No,No,45,One year,No,18.85,867.3,Bank transfer (automatic),10.42,10.42,Low
2692-PFYTJ,Female,0,No,No,1,Month-to-month,No,25.75,25.75,Mailed check,52.11,52.11,Medium
1226-UDFZR,Female,0,No,No,2,Month-to-month,DSL,49.6,114.7,Mailed check,61.55,61.55,High
5955-EPOAZ,Female,0,No,No,6,Month-to-month,No,20.95,109.5,Mailed check,52.17,52.17,Medium
6821-JPCDC,Female,0,Yes,No,48,One year,Fiber optic,97.05,4692.95,Electronic check,44.68,44.68,Medium
8815-LMFLX,Male,0,Yes,Yes,25,Month-to-month,No,25.4,546.85,Bank transfer (automatic),35.83,35.83,Medium
9135-HSWOC,Male,0,Yes,Yes,64,Two year,No,19.7,1274.05,Bank transfer (automatic),2.63,2.63,Low
8582-KRHPJ,Male,0,No,No,50,Month-to-month,DSL,35.0,1782.4,Mailed check,22.72,22.72,Low
5811-IWXYM,Female,0,Yes,Yes,52,One year,Fiber optic,101.25,5301.1,Bank transfer (automatic),26.43,26.43,Low
7044-YAACC,Male,1,Yes,No,4,Month-to-month,Fiber optic,70.2,280.35,Electronic check,80.31,80.31,High
8189-XRIKE,Female,1,No,No,32,Month-to-month,Fiber optic,90.95,2897.95,Electronic check,59.46,59.46,Medium
1506-YJTYT,Male,0,Yes,Yes,45,Two year,DSL,73.85,3371.0,Credit card (automatic),2.19,2.19,Low
4123-DVHPH,Male,0,Yes,No,9,Month-to-month,Fiber optic,88.05,801.3,Electronic check,80.93,80.93,High
6425-YQLLO,Female,1,Yes,No,66,One year,Fiber optic,105.95,6975.25,Credit card (automatic),39.22,39.22,Medium
5442-UTCVD,Male,0,No,Yes,3,Month-to-month,Fiber optic,91.85,257.05,Electronic check,84.22,84.22,High
2228-BZDEE,Female,0,No,No,54,Two year,No,20.1,1079.45,Mailed check,3.81,3.81,Low
7734-DBOAI,Female,0,Yes,Yes,1,Month-to-month,DSL,40.1,40.1,Electronic check,56.24,56.24,Medium
2789-CZANW,Female,0,Yes,Yes,64,Two year,Fiber optic,110.3,6997.3,Bank transfer (automatic),2.61,2.61,Low
2091-RFFBA,Female,1,No,No,31,Month-to-month,Fiber optic,73.9,2217.15,Electronic check,75.11,75.11,High
2114-MGINA,Female,0,No,No,14,Month-to-month,Fiber optic,89.8,1129.1,Mailed check,83.5,83.5,High
7596-LDUXP,Female,0,No,No,12,One year,Fiber optic,85.15,979.05,Credit card (automatic),48.23,48.23,Medium
3740-RLMVT,Male,1,Yes,No,67,One year,DSL,60.95,4119.4,Bank transfer (automatic),3.72,3.72,Low
4489-SNOJF,Female,0,Yes,Yes,35,Month-to-month,DSL,72.25,2568.55,Electronic check,31.01,31.01,Medium
2192-OZITF,Female,0,No,No,45,Two year,DSL,73.55,3349.1,Mailed check,1.41,1.41,Low
5651-CPDND,Male,0,No,No,10,Month-to-month,DSL,46.0,492.1,Mailed check,56.59,56.59,Medium
2186-QZEYA,Female,1,No,No,29,Month-to-month,DSL,58.55,1718.95,Bank transfer (automatic),23.82,23.82,Low
1131-ALZWV,Female,0,No,No,24,One year,No,24.6,605.25,Bank transfer (automatic),6.8,6.8,Low
7729-XBTWX,Male,0,Yes,Yes,66,Two year,No,19.75,1344.5,Mailed check,2.13,2.13,Low
9134-WYRVP,Male,0,No,No,51,One year,Fiber optic,86.35,4267.15,Mailed check,13.04,13.04,Low
3284-SVCRO,Female,0,Yes,No,45,Two year,No,25.5,1121.05,Mailed check,1.47,1.47,Low
9732-OUYRN,Female,0,Yes,No,49,One year,No,19.0,918.7,Credit card (automatic),6.76,6.76,Low
0559-CKHUS,Female,0,Yes,No,29,Two year,No,19.55,521.8,Mailed check,3.06,3.06,Low
2931-SVLTV,Male,0,Yes,Yes,40,Month-to-month,Fiber optic,110.1,4469.1,Credit card (automatic),54.09,54.09,Medium
6899-PPEEA,Female,1,No,No,37,Month-to-month,Fiber optic,96.55,3580.3,Electronic check,76.77,76.77,High
7504-UWHNB,Male,0,No,No,25,Month-to-month,Fiber optic,69.75,1729.35,Electronic check,62.0,62.0,High
2582-FFFZR,Female,0,No,No,22,Month-to-month,DSL,50.6,1073.3,Electronic check,77.51,77.51,High
8908-NMQTX,Male,0,No,No,72,Two year,DSL,65.6,4566.5,Bank transfer (automatic),2.43,2.43,Low
2187-LZGPL,Female,0,No,No,7,Month-to-month,DSL,40.1,293.3,Credit card (automatic),68.29,68.29,High
1431-AIDJQ,Male,0,Yes,Yes,33,Two year,DSL,82.1,2603.1,Credit card (automatic),4.38,4.38,Low
6288-LBEAR,Female,0,No,No,23,Month-to-month,Fiber optic,79.1,1783.75,Mailed check,56.41,56.41,Medium
4597-NUCQV,Male,1,No,No,24,Month-to-month,Fiber optic,101.25,2440.15,Electronic check,82.01,82.01,High
9019-QVLZD,Female,0,No,No,1,Month-to-month,Fiber optic,79.55,79.55,Electronic check,77.95,77.95,High
8413-YNHNV,Male,0,No,No,69,Two year,DSL,90.65,6322.1,Mailed check,2.3,2.3,Low
5808-TOTXO,Female,0,No,Yes,3,One year,No,20.55,57.4,Credit card (automatic),17.96,17.96,Low
4369-NYSCF,Male,0,No,No,56,One year,DSL,75.75,4284.65,Bank transfer (automatic),33.77,33.77,Medium
6333-YDVLT,Male,0,No,No,65,One year,Fiber optic,110.0,7138.65,Credit card (automatic),36.54,36.54,Medium
5324-KTGCG,Male,0,Yes,No,71,One year,No,20.85,1539.75,Electronic check,5.35,5.35,Low
5599-HVLTW,Female,1,No,No,14,Month-to-month,Fiber optic,80.35,1058.1,Bank transfer (automatic),82.21,82.21,High
7394-LWLYN,Female,0,No,No,2,Month-to-month,Fiber optic,70.15,123.8,Electronic check,81.01,81.01,High
3707-LRWZD,Female,0,No,No,32,One year,Fiber optic,84.05,2781.85,Electronic check,59.11,59.11,Medium
6873-UDNLD,Male,0,No,No,40,Month-to-month,DSL,67.45,2731.0,Electronic check,25.02,25.02,Low
2700-LUEVA,Male,0,No,No,1,Month-to-month,No,20.75,20.75,Credit card (automatic),28.77,28.77,Low
1455-ESIQH,Male,0,No,No,1,Month-to-month,Fiber optic,89.1,89.1,Electronic check,89.79,89.79,High
0958-YHXGP,Female,0,No,No,7,Month-to-month,Fiber optic,69.9,497.3,Mailed check,77.34,77.34,High
1101-SSWAG,Female,0,Yes,No,15,Month-to-month,DSL,51.1,711.15,Electronic check,63.04,63.04,High
2979-SXESE,Female,0,Yes,Yes,17,Month-to-month,Fiber optic,94.4,1607.2,Electronic check,61.19,61.19,High
4013-TLDHQ,Male,0,No,No,19,Month-to-month,Fiber optic,78.25,1490.95,Electronic check,69.62,69.62,High
5743-KHMNA,Male,0,No,No,71,Two year,No,25.55,1898.1,Bank transfer (automatic),2.68,2.68,Low
4194-FJARJ,Female,0,Yes,Yes,54,Two year,DSL,60.0,3273.95,Bank transfer (automatic),0.4,0.4,Low
5325-UWTWJ,Male,0,Yes,No,31,Month-to-month,Fiber optic,90.55,2929.75,Credit card (automatic),43.14,43.14,Medium
3969-GYXEL,Female,0,No,No,11,Month-to-month,Fiber optic,76.4,838.7,Electronic check,62.51,62.51,High
9208-OLGAQ,Female,1,No,No,18,Month-to-month,Fiber optic,84.95,1443.65,Electronic check,77.94,77.94,High
3244-CQPHU,Female,1,No,No,72,Two year,Fiber optic,110.1,7746.7,Bank transfer (automatic),4.0,4.0,Low
2674-MLXMN,Female,1,No,No,71,Month-to-month,Fiber optic,99.65,6951.15,Credit card (automatic),41.28,41.28,Medium
9708-HPXWZ,Male,1,No,No,5,Month-to-month,DSL,45.4,214.75,Credit card (automatic),59.21,59.21,Medium
6992-TKNYO,Male,0,Yes,No,38,One year,DSL,69.0,2669.45,Credit card (automatic),24.27,24.27,Low
4468-YDOVK,Male,0,No,Yes,5,Month-to-month,DSL,48.65,235.2,Bank transfer (automatic),43.76,43.76,Medium
3754-DXMRT,Male,1,No,No,2,Month-to-month,DSL,44.15,92.65,Electronic check,69.84,69.84,High
5792-JALQC,Female,1,No,No,52,Two year,DSL,59.85,3103.25,Bank transfer (automatic),0.92,0.92,Low
7130-VTEWQ,Female,1,No,No,8,Month-to-month,Fiber optic,75.75,606.25,Electronic check,86.35,86.35,High
2200-DSAAL,Female,0,No,No,68,Two year,DSL,80.65,5330.2,Electronic check,22.37,22.37,Low
4302-ZYFEL,Male,0,Yes,Yes,69,One year,No,20.55,1403.1,Credit card (automatic),4.74,4.74,Low
9351-LZYGF,Female,0,Yes,No,42,Month-to-month,DSL,66.4,2727.8,Credit card (automatic),37.95,37.95,Medium
4366-CTOUZ,Female,0,No,No,50,Two year,Fiber optic,100.2,5038.45,Mailed check,25.04,25.04,Low
6121-VZNQB,Female,0,No,No,1,Month-to-month,No,19.1,19.1,Mailed check,53.59,53.59,Medium
7903-CMPEY,Male,1,Yes,No,1,Month-to-month,Fiber optic,80.3,80.3,Electronic check,79.31,79.31,High
1518-OMDIK,Male,0,Yes,No,33,Month-to-month,DSL,44.55,1462.6,Credit card (automatic),39.68,39.68,Medium
6671-NGWON,Female,0,No,No,7,Month-to-month,No,20.35,150.6,Mailed check,47.89,47.89,Medium
0595-ITUDF,Male,0,Yes,Yes,64,Month-to-month,Fiber optic,91.8,5960.5,Electronic check,29.79,29.79,Low
6996-KNSML,Female,0,No,No,1,Month-to-month,Fiber optic,74.9,74.9,Electronic check,81.47,81.47,High
1955-IBMMB,Male,0,No,No,59,Two year,No,20.2,1192.3,Bank transfer (automatic),4.57,4.57,Low
0096-BXERS,Female,0,Yes,No,6,Month-to-month,DSL,50.35,314.55,Electronic check,66.63,66.63,High
3806-YAZOV,Female,0,No,No,3,Month-to-month,No,18.8,56.0,Mailed check,48.32,48.32,Medium
7998-ZLXWN,Female,0,Yes,No,15,Month-to-month,No,20.45,330.8,Credit card (automatic),33.46,33.46,Medium
6253-WRFHY,Male,0,Yes,Yes,13,One year,DSL,64.75,877.35,Electronic check,38.56,38.56,Medium
9133-AYJZG,Female,0,No,No,23,Month-to-month,Fiber optic,98.7,2249.1,Credit card (automatic),77.39,77.39,High
2675-OTVVJ,Male,1,Yes,No,31,Month-to-month,Fiber optic,89.45,2807.65,Electronic check,57.32,57.32,Medium
8680-CGLTP,Male,0,No,No,29,One year,DSL,58.75,1696.2,Electronic check,13.11,13.11,Low
8430-TWCBX,Female,0,Yes,No,49,One year,No,20.7,1032.05,Credit card (automatic),6.88,6.88,Low
5018-GWURO,Female,0,Yes,No,56,Month-to-month,Fiber optic,85.6,4902.8,Bank transfer (automatic),51.6,51.6,Medium
6741-QRLUP,Female,0,No,No,63,Two year,DSL,80.3,4995.35,Credit card (automatic),7.82,7.82,Low
4737-HOBAX,Male,0,Yes,No,63,Two year,DSL,79.8,5034.05,Credit card (automatic),8.3,8.3,Low
0537-QYZZN,Male,1,Yes,Yes,24,Month-to-month,Fiber optic,79.85,1857.75,Electronic check,61.52,61.52,High
3340-QBBFM,Male,1,Yes,No,36,One year,DSL,54.1,1992.85,Credit card (automatic),17.37,17.37,Low
1704-NRWYE,Female,1,No,No,9,Month-to-month,Fiber optic,80.85,751.65,Electronic check,82.72,82.72,High
2592-SEIFQ,Male,0,No,No,3,Month-to-month,DSL,24.75,66.95,Electronic check,79.65,79.65,High
8200-KLNYW,Female,0,Yes,No,21,One year,DSL,80.9,1714.95,Mailed check,19.78,19.78,Low
3372-CDXFJ,Male,0,Yes,Yes,13,One year,No,24.5,343.6,Bank transfer (automatic),6.3,6.3,Low
4781-ZXYGU,Male,0,Yes,Yes,1,Month-to-month,No,20.15,20.15,Bank transfer (automatic),44.83,44.83,Medium
7632-YUTXB,Female,0,Yes,Yes,25,One year,No,20.05,520.1,Mailed check,9.85,9.85,Low
2718-YSKCS,Male,0,Yes,Yes,71,Two year,No,19.6,1387.45,Bank transfer (automatic),2.44,2.44,Low
9896-UYMIE,Male,0,No,No,66,One year,Fiber optic,114.3,7383.7,Bank transfer (automatic),25.83,25.83,Low
0853-NWIFK,Female,0,No,No,45,One year,Fiber optic,100.3,4483.95,Electronic check,46.9,46.9,Medium
8212-CRQXP,Female,0,Yes,No,22,Month-to-month,Fiber optic,80.0,1706.45,Credit card (automatic),65.86,65.86,High
6980-CDGFC,Female,0,Yes,No,67,One year,No,20.85,1327.4,Bank transfer (automatic),6.21,6.21,Low
7691-XVTZH,Female,0,Yes,No,68,Two year,Fiber optic,89.95,5974.3,Bank transfer (automatic),8.51,8.51,Low
2520-SGTTA,Female,0,Yes,Yes,0,Two year,No,20.0,0.0,Mailed check,5.53,5.53,Low
7481-ATQQS,Female,1,No,No,49,Month-to-month,Fiber optic,90.85,4515.85,Credit card (automatic),45.08,45.08,Medium
2277-VWCNI,Female,1,No,No,4,Month-to-month,DSL,48.75,179.85,Mailed check,74.07,74.07,High
1088-CNNKB,Male,0,Yes,No,63,One year,DSL,80.0,5040.2,Credit card (automatic),32.59,32.59,Medium
8642-GVWRF,Female,0,Yes,No,2,Month-to-month,Fiber optic,79.7,165.0,Bank transfer (automatic),71.73,71.73,High
1930-BZLHI,Male,0,No,No,21,One year,No,20.35,422.7,Mailed check,13.09,13.09,Low
3400-ESFUW,Male,0,Yes,Yes,55,Two year,DSL,57.55,3046.4,Bank transfer (automatic),0.41,0.41,Low
5868-YTYKS,Male,0,No,Yes,1,Month-to-month,No,20.25,20.25,Mailed check,50.71,50.71,Medium
3525-DVKFN,Female,0,No,No,17,Two year,No,19.4,358.05,Mailed check,6.5,6.5,Low
1482-OXZSY,Male,0,No,No,30,Month-to-month,Fiber optic,100.4,2936.25,Bank transfer (automatic),70.84,70.84,High
0377-JBKKT,Male,0,Yes,Yes,22,Month-to-month,DSL,57.95,1271.8,Mailed check,29.32,29.32,Low
5778-BVOFB,Female,0,No,No,9,Month-to-month,DSL,59.5,530.05,Bank transfer (automatic),51.64,51.64,Medium
3373-YZZYM,Male,0,Yes,Yes,1,Month-to-month,No,19.2,19.2,Mailed check,37.23,37.23,Medium
2057-ZBLPD,Female,0,Yes,No,21,Month-to-month,Fiber optic,86.5,1808.7,Electronic check,82.22,82.22,High
0228-MAUWC,Male,0,No,No,19,Month-to-month,DSL,59.55,1144.6,Electronic check,46.11,46.11,Medium
5502-RLUYV,Female,0,Yes,Yes,69,Month-to-month,Fiber optic,103.95,7446.9,Electronic check,48.0,48.0,Medium
0023-HGHWL,Male,1,No,No,1,Month-to-month,DSL,25.1,25.1,Electronic check,85.73,85.73,High
7663-YJHSN,Female,0,Yes,No,72,Two year,Fiber optic,103.95,7556.9,Bank transfer (automatic),1.33,1.33,Low
4915-BFSXL,Male,0,Yes,Yes,70,Two year,DSL,68.95,4858.7,Credit card (automatic),5.13,5.13,Low
3086-RUCRN,Female,0,No,No,66,Month-to-month,Fiber optic,103.1,6595.0,Bank transfer (automatic),22.43,22.43,Low
5215-LNLDJ,Female,0,Yes,Yes,7,Month-to-month,DSL,24.7,149.05,Electronic check,67.91,67.91,High
7576-JMYWV,Female,1,Yes,Yes,46,Month-to-month,Fiber optic,110.2,4972.1,Electronic check,36.14,36.14,Medium
9039-RBEEE,Male,0,No,No,39,Month-to-month,DSL,48.95,1880.85,Credit card (automatic),38.49,38.49,Medium
0257-KXZGU,Female,0,Yes,Yes,32,Month-to-month,DSL,62.45,2045.55,Bank transfer (automatic),42.71,42.71,Medium
1307-ATKGB,Male,0,No,No,24,Month-to-month,Fiber optic,89.55,2187.15,Electronic check,65.81,65.81,High
8417-FMLZI,Male,0,Yes,Yes,6,Month-to-month,Fiber optic,83.55,477.55,Credit card (automatic),74.68,74.68,High
3714-XPXBW,Female,0,No,No,37,Month-to-month,DSL,78.9,2976.95,Credit card (automatic),44.37,44.37,Medium
1850-AKQEP,Male,0,No,Yes,8,Month-to-month,No,20.35,178.7,Mailed check,44.64,44.64,Medium
2824-DXNKN,Female,0,Yes,Yes,72,Two year,DSL,71.45,5025.85,Bank transfer (automatic),2.46,2.46,Low
5227-JSCFE,Male,1,Yes,No,71,Two year,DSL,46.35,3353.4,Credit card (automatic),1.38,1.38,Low
0848-ZGQIJ,Female,0,Yes,No,16,Month-to-month,Fiber optic,94.65,1461.15,Bank transfer (automatic),79.04,79.04,High
3621-CHYVB,Female,0,Yes,No,57,Month-to-month,DSL,49.9,2782.4,Bank transfer (automatic),19.72,19.72,Low
8042-RNLKO,Male,0,No,No,66,One year,No,25.45,1699.15,Bank transfer (automatic),6.02,6.02,Low
1792-UXAFY,Female,1,No,No,17,Month-to-month,Fiber optic,89.15,1496.9,Electronic check,75.19,75.19,High
5372-FBKBN,Female,0,No,Yes,21,Month-to-month,No,20.75,452.2,Mailed check,38.67,38.67,Medium
0420-TXVSG,Male,0,Yes,No,66,Two year,DSL,66.1,4428.45,Credit card (automatic),4.34,4.34,Low
6217-TOWGS,Female,0,Yes,No,17,Month-to-month,DSL,75.4,1322.55,Bank transfer (automatic),62.68,62.68,High
0515-YPMCW,Male,0,No,Yes,1,Month-to-month,Fiber optic,70.45,70.45,Mailed check,80.32,80.32,High
0378-XSZPU,Male,0,Yes,No,58,One year,DSL,60.3,3563.8,Credit card (automatic),15.54,15.54,Low
1045-LTCYT,Female,0,Yes,Yes,8,Month-to-month,No,21.05,139.75,Credit card (automatic),31.28,31.28,Medium
1544-JJMYL,Male,0,No,No,27,One year,DSL,69.35,1927.3,Credit card (automatic),18.02,18.02,Low
4636-JGAAI,Male,0,Yes,No,34,Month-to-month,Fiber optic,88.85,3000.25,Mailed check,68.93,68.93,High
6874-SGLHU,Male,0,No,No,30,One year,Fiber optic,97.0,3021.3,Bank transfer (automatic),58.76,58.76,Medium
5951-AOFIH,Male,0,No,No,33,Month-to-month,DSL,66.4,2245.4,Credit card (automatic),35.11,35.11,Medium
4729-XKASR,Male,0,No,Yes,1,Month-to-month,DSL,24.75,24.75,Electronic check,74.46,74.46,High
3059-NGMXB,Male,0,Yes,Yes,14,Month-to-month,DSL,69.2,944.65,Mailed check,39.63,39.63,Medium
8652-YHIYU,Female,0,No,Yes,16,One year,Fiber optic,79.5,1264.2,Credit card (automatic),34.47,34.47,Medium
5278-PNYOX,Female,0,No,No,49,Two year,Fiber optic,100.65,4917.75,Credit card (automatic),13.47,13.47,Low
5449-FIBXJ,Male,0,Yes,Yes,19,Month-to-month,Fiber optic,103.3,2012.7,Electronic check,69.1,69.1,High
3486-HOOGQ,Female,0,Yes,Yes,70,Two year,DSL,79.7,5743.3,Bank transfer (automatic),1.11,1.11,Low
5061-PBXFW,Female,0,Yes,Yes,32,Month-to-month,DSL,61.4,1864.65,Bank transfer (automatic),32.64,32.64,Medium
8630-FJLIB,Female,0,No,No,18,Month-to-month,Fiber optic,69.8,1221.65,Electronic check,72.85,72.85,High
3891-NLXJB,Male,0,No,No,37,Two year,DSL,40.55,1390.85,Mailed check,0.49,0.49,Low
4749-OJKQU,Female,0,No,No,4,Month-to-month,Fiber optic,75.65,302.35,Electronic check,85.16,85.16,High
0577-WHMEV,Female,0,Yes,No,16,Month-to-month,Fiber optic,90.7,1374.9,Electronic check,63.22,63.22,High
5453-AXEPF,Male,0,Yes,No,17,Month-to-month,Fiber optic,80.5,1336.9,Bank transfer (automatic),74.91,74.91,High
3639-XJHKQ,Female,0,No,Yes,19,Month-to-month,DSL,60.6,1297.8,Electronic check,51.45,51.45,Medium
3716-LRGXK,Male,0,Yes,No,60,Two year,Fiber optic,101.15,6067.4,Credit card (automatic),18.48,18.48,Low
2263-SFSQZ,Male,0,Yes,Yes,51,Two year,No,24.95,1222.25,Mailed check,1.39,1.39,Low
9950-MTGYX,Male,0,Yes,Yes,28,Two year,No,20.3,487.95,Credit card (automatic),3.8,3.8,Low
3397-AVTKU,Male,0,No,No,43,Two year,DSL,60.0,2548.55,Electronic check,11.04,11.04,Low
4825-FUREZ,Male,0,Yes,No,42,Two year,No,20.25,835.5,Electronic check,2.69,2.69,Low
9837-BMCLM,Male,0,No,No,3,Month-to-month,Fiber optic,78.5,242.05,Electronic check,83.82,83.82,High
2672-OJQZP,Female,0,No,No,1,Month-to-month,DSL,44.75,44.75,Mailed check,65.0,65.0,High
0137-UDEUO,Female,0,No,No,3,Month-to-month,No,19.85,63.75,Mailed check,48.46,48.46,Medium
3134-DSHVC,Female,0,No,No,63,Two year,Fiber optic,98.0,6218.45,Credit card (automatic),8.44,8.44,Low
6161-UUUTA,Male,1,No,No,3,Month-to-month,Fiber optic,79.9,260.9,Electronic check,83.58,83.58,High
7821-DPRQE,Male,0,Yes,No,68,Month-to-month,Fiber optic,107.7,7320.9,Electronic check,34.7,34.7,Medium
6543-XRMYR,Female,1,No,No,30,Month-to-month,Fiber optic,99.7,2967.35,Electronic check,80.93,80.93,High
2001-EWBQU,Female,0,No,No,60,Two year,Fiber optic,104.7,6333.8,Electronic check,28.0,28.0,Low
4925-LMHOK,Male,0,No,No,15,Month-to-month,DSL,58.6,939.7,Credit card (automatic),45.5,45.5,Medium
1608-GMEWB,Male,1,No,No,45,Month-to-month,Fiber optic,93.9,4200.25,Bank transfer (automatic),69.3,69.3,High
6695-AMZUF,Female,0,Yes,No,70,Two year,DSL,86.45,5950.2,Credit card (automatic),4.68,4.68,Low
1455-UGQVH,Male,0,Yes,No,10,Month-to-month,Fiber optic,98.5,1037.75,Electronic check,89.41,89.41,High
8410-BGQXN,Male,0,No,No,4,Month-to-month,No,19.4,93.4,Mailed check,46.13,46.13,Medium
8280-MQRQN,Female,0,No,No,1,Month-to-month,DSL,50.45,50.45,Mailed check,67.13,67.13,High
1619-YWUBB,Female,0,Yes,No,68,Two year,No,24.95,1614.9,Credit card (automatic),3.95,3.95,Low
7611-YKYTC,Male,0,Yes,Yes,22,Month-to-month,Fiber optic,75.0,1573.95,Bank transfer (automatic),25.01,25.01,Low
2037-SGXHH,Male,0,Yes,Yes,38,Month-to-month,Fiber optic,94.65,3624.3,Electronic check,73.41,73.41,High
3178-FESZO,Female,0,No,No,1,Month-to-month,Fiber optic,100.25,100.25,Credit card (automatic),87.05,87.05,High
0365-GXEZS,Male,0,Yes,No,18,Month-to-month,Fiber optic,78.2,1468.75,Electronic check,51.12,51.12,Medium
0082-OQIQY,Male,0,No,No,29,Month-to-month,Fiber optic,94.2,2607.6,Electronic check,67.99,67.99,High
6087-MVHJH,Female,0,No,No,16,Month-to-month,Fiber optic,88.45,1422.1,Electronic check,85.29,85.29,High
4603-JANFB,Male,0,No,No,1,Month-to-month,Fiber optic,69.85,69.85,Electronic check,79.74,79.74,High
3018-TFTSU,Male,0,No,No,12,Month-to-month,Fiber optic,81.7,858.6,Bank transfer (automatic),46.94,46.94,Medium
3606-SBKRY,Male,0,No,No,31,One year,DSL,50.05,1523.4,Electronic check,64.32,64.32,High
4806-KEXQR,Male,0,No,No,4,Month-to-month,Fiber optic,79.9,324.3,Electronic check,84.68,84.68,High
0667-NSRGI,Female,0,Yes,No,48,One year,DSL,69.55,3435.6,Mailed check,8.93,8.93,Low
7083-YNSKY,Female,0,No,No,15,Month-to-month,No,25.4,399.6,Credit card (automatic),46.78,46.78,Medium
6893-ODYYE,Male,0,No,No,50,One year,Fiber optic,90.1,4549.45,Credit card (automatic),16.03,16.03,Low
8242-JSVBO,Male,0,No,No,7,Month-to-month,DSL,44.65,322.5,Bank transfer (automatic),59.11,59.11,Medium
2479-BRAMR,Male,1,Yes,No,41,Month-to-month,Fiber optic,83.75,3273.55,Bank transfer (automatic),43.55,43.55,Medium
9541-ZPSEA,Male,0,Yes,Yes,68,Two year,Fiber optic,80.35,5375.15,Credit card (automatic),1.97,1.97,Low
2665-NPTGL,Female,1,Yes,No,26,Month-to-month,Fiber optic,98.1,2510.7,Bank transfer (automatic),85.38,85.38,High
1139-WUOAH,Male,0,No,No,57,Two year,DSL,53.35,3090.05,Credit card (automatic),10.71,10.71,Low
4693-VWVBO,Female,0,No,No,3,Month-to-month,No,19.55,61.05,Electronic check,48.5,48.5,Medium
7434-SHXLS,Female,0,No,No,1,Month-to-month,No,20.9,20.9,Mailed check,48.87,48.87,Medium
6937-GCDGQ,Male,0,Yes,Yes,19,One year,DSL,48.95,955.6,Bank transfer (automatic),7.33,7.33,Low
0988-JRWWP,Female,0,No,No,3,Month-to-month,DSL,54.2,140.4,Electronic check,71.65,71.65,High
5075-JSDKI,Female,0,No,No,59,Two year,No,24.45,1493.1,Electronic check,4.83,4.83,Low
7908-QCBCA,Female,0,Yes,No,1,Month-to-month,Fiber optic,69.4,69.4,Mailed check,81.5,81.5,High
8644-XYTSV,Male,0,Yes,No,42,Month-to-month,DSL,40.15,1626.05,Bank transfer (automatic),43.98,43.98,Medium
6711-FLDFB,Female,0,No,No,7,Month-to-month,Fiber optic,74.9,541.15,Electronic check,83.99,83.99,High
3873-WOSBC,Male,0,Yes,No,67,Two year,No,25.6,1784.9,Credit card (automatic),2.65,2.65,Low
7465-ZZRVX,Male,0,No,No,1,Month-to-month,Fiber optic,70.35,70.35,Electronic check,79.77,79.77,High
7975-JMZNT,Male,0,Yes,No,66,Two year,DSL,91.7,6075.9,Bank transfer (automatic),1.57,1.57,Low
7251-XFOIL,Female,0,No,No,61,Month-to-month,Fiber optic,89.2,5500.6,Mailed check,23.37,23.37,Low
4116-IQRFR,Male,0,Yes,Yes,4,One year,No,24.1,73.1,Credit card (automatic),14.36,14.36,Low
3714-JTVOV,Female,1,Yes,No,42,Month-to-month,Fiber optic,74.15,3229.4,Credit card (automatic),52.76,52.76,Medium
8259-DZLIZ,Female,0,Yes,Yes,64,One year,DSL,53.85,3399.85,Bank transfer (automatic),11.07,11.07,Low
0442-ZXKVS,Female,1,Yes,No,54,One year,Fiber optic,115.6,6431.05,Bank transfer (automatic),23.97,23.97,Low
7853-WNZSY,Male,0,No,No,1,Month-to-month,No,19.75,19.75,Credit card (automatic),37.53,37.53,Medium
3120-FAZKD,Male,0,Yes,Yes,54,Two year,No,24.05,1230.9,Bank transfer (automatic),1.62,1.62,Low
8606-OEGQZ,Female,0,No,Yes,18,Two year,No,25.3,454.65,Credit card (automatic),8.91,8.91,Low
0225-ZORZP,Male,0,No,No,3,Month-to-month,Fiber optic,84.3,235.05,Electronic check,76.06,76.06,High
4702-IOQDC,Female,0,No,No,1,Month-to-month,Fiber optic,70.1,70.1,Electronic check,81.35,81.35,High
9489-JMTTN,Female,0,Yes,Yes,72,Two year,DSL,89.75,6595.9,Credit card (automatic),7.13,7.13,Low
0575-CUQOV,Male,1,Yes,No,60,One year,Fiber optic,97.95,5867.0,Electronic check,41.53,41.53,Medium
0967-BMLBD,Female,0,Yes,Yes,11,One year,No,20.0,196.35,Mailed check,11.54,11.54,Low
6178-KFNHS,Female,0,No,Yes,12,Month-to-month,Fiber optic,78.3,909.25,Electronic check,69.36,69.36,High
2830-LEWOA,Male,0,Yes,Yes,61,One year,Fiber optic,103.9,6449.15,Credit card (automatic),27.76,27.76,Low
5006-MXVRN,Female,0,No,No,39,Two year,No,20.7,762.45,Credit card (automatic),3.83,3.83,Low
1264-BYWMS,Male,0,No,No,55,Month-to-month,Fiber optic,96.8,5283.95,Electronic check,69.03,69.03,High
9658-WYUFB,Female,0,No,No,17,Month-to-month,Fiber optic,94.4,1617.5,Electronic check,71.33,71.33,High
8327-WKMIE,Male,0,No,No,37,One year,No,20.15,785.75,Credit card (automatic),10.12,10.12,Low
6917-FIJHC,Female,0,Yes,No,72,Two year,No,26.0,1776.0,Mailed check,1.37,1.37,Low
5329-KRDTM,Male,1,Yes,No,72,Two year,DSL,77.35,5396.25,Credit card (automatic),4.39,4.39,Low
7797-EJMDP,Female,0,No,No,8,Month-to-month,DSL,66.05,574.5,Bank transfer (automatic),24.58,24.58,Low
3530-VWVGU,Female,0,Yes,Yes,22,Month-to-month,No,19.9,400.3,Mailed check,36.63,36.63,Medium
2013-SGDXK,Female,0,No,No,1,Month-to-month,Fiber optic,84.3,84.3,Electronic check,76.23,76.23,High
6368-NWMCE,Female,0,No,No,38,Month-to-month,DSL,68.15,2656.3,Credit card (automatic),43.17,43.17,Medium
3633-CDBUW,Male,0,No,Yes,17,One year,DSL,80.85,1445.95,Electronic check,30.78,30.78,Medium
0707-HOVVN,Female,1,No,No,70,Two year,DSL,75.5,5212.65,Bank transfer (automatic),2.1,2.1,Low
8580-QVLOC,Female,1,Yes,Yes,72,Two year,DSL,92.45,6440.25,Credit card (automatic),6.1,6.1,Low
3956-MGXOG,Female,0,No,No,28,Month-to-month,Fiber optic,80.6,2244.95,Electronic check,66.04,66.04,High
9274-UARKJ,Female,0,No,No,15,Month-to-month,Fiber optic,83.2,1130.0,Bank transfer (automatic),71.14,71.14,High
4077-HWUYD,Male,0,Yes,Yes,72,Two year,DSL,87.55,6463.15,Bank transfer (automatic),1.86,1.86,Low
2012-NWRPA,Female,1,Yes,No,11,Month-to-month,Fiber optic,99.55,1131.2,Electronic check,92.95,92.95,High
8808-ELEHO,Male,1,No,No,8,Month-to-month,Fiber optic,81.25,585.95,Electronic check,82.31,82.31,High
0103-CSITQ,Female,0,Yes,No,57,One year,Fiber optic,109.4,6252.7,Bank transfer (automatic),32.31,32.31,Medium
3506-LCJDC,Male,0,Yes,Yes,1,Month-to-month,No,19.95,19.95,Bank transfer (automatic),38.89,38.89,Medium
8671-KKKOS,Female,0,Yes,No,46,Month-to-month,DSL,45.55,2062.15,Electronic check,52.04,52.04,Medium
7305-ZWMAJ,Male,0,Yes,No,30,One year,No,20.7,587.1,Credit card (automatic),9.25,9.25,Low
9518-XXBXE,Male,1,Yes,No,10,Month-to-month,Fiber optic,75.3,720.45,Electronic check,64.82,64.82,High
3934-HXCFZ,Male,0,Yes,No,23,Month-to-month,Fiber optic,99.25,2186.4,Electronic check,72.57,72.57,High
6578-KRMAW,Male,0,No,No,32,Month-to-month,Fiber optic,93.4,2979.3,Credit card (automatic),42.56,42.56,Medium
4860-IJUDE,Male,0,No,No,13,Month-to-month,Fiber optic,73.75,956.65,Credit card (automatic),58.38,58.38,Medium
7666-WKRON,Female,0,No,No,39,Two year,Fiber optic,80.45,3201.55,Electronic check,14.87,14.87,Low
9688-YGXVR,Female,0,No,No,44,Month-to-month,Fiber optic,88.15,3973.2,Credit card (automatic),45.84,45.84,Medium
0423-UDIJQ,Male,1,No,No,9,Month-to-month,DSL,49.2,447.9,Mailed check,45.62,45.62,Medium
1945-XISKS,Female,0,Yes,No,67,Two year,No,19.65,1335.2,Mailed check,2.22,2.22,Low
4910-AQFFX,Male,0,Yes,Yes,9,Month-to-month,Fiber optic,79.35,661.25,Bank transfer (automatic),75.23,75.23,High
2154-KVJFF,Female,0,No,No,15,Month-to-month,Fiber optic,79.75,1111.85,Electronic check,79.82,79.82,High
5360-LJCNJ,Female,0,Yes,No,71,Two year,Fiber optic,105.15,7555.0,Bank transfer (automatic),25.57,25.57,Low
2607-FBDFF,Male,0,No,No,1,Month-to-month,DSL,49.0,49.0,Credit card (automatic),46.87,46.87,Medium
9647-ERGBE,Female,0,Yes,Yes,30,Month-to-month,Fiber optic,100.05,3046.15,Electronic check,74.96,74.96,High
3428-XZMAZ,Male,0,No,No,1,Month-to-month,Fiber optic,69.35,69.35,Electronic check,79.7,79.7,High
1100-DDVRV,Male,0,Yes,No,17,Month-to-month,DSL,49.8,836.35,Mailed check,79.49,79.49,High
0378-TOVMS,Female,0,No,No,3,Month-to-month,Fiber optic,85.8,272.2,Electronic check,71.77,71.77,High
4355-HBJHH,Male,0,Yes,Yes,67,Two year,DSL,79.7,5293.4,Electronic check,7.43,7.43,Low
6728-WYQBC,Male,0,No,No,1,Month-to-month,No,20.95,20.95,Bank transfer (automatic),46.31,46.31,Medium
9058-CBREO,Female,1,No,No,1,Month-to-month,DSL,50.55,50.55,Mailed check,76.28,76.28,High
9029-FEGVJ,Female,1,Yes,No,32,Month-to-month,Fiber optic,79.3,2570.0,Mailed check,67.84,67.84,High
7216-KAOID,Male,0,Yes,Yes,41,One year,No,19.5,798.2,Bank transfer (automatic),8.09,8.09,Low
0318-QUUOB,Male,0,Yes,No,1,Month-to-month,Fiber optic,80.55,80.55,Electronic check,85.29,85.29,High
6145-NNPNO,Female,0,No,No,1,Month-to-month,DSL,44.15,44.15,Bank transfer (automatic),60.98,60.98,High
5520-FVEWJ,Female,0,Yes,Yes,12,Month-to-month,Fiber optic,84.5,916.9,Electronic check,80.23,80.23,High
5339-TJFEK,Male,0,Yes,Yes,62,Month-to-month,Fiber optic,105.5,6487.2,Electronic check,42.86,42.86,Medium
5572-ZDXHY,Female,0,No,No,22,Month-to-month,Fiber optic,84.3,1855.65,Mailed check,69.22,69.22,High
2074-GUHPQ,Female,0,No,Yes,17,Month-to-month,Fiber optic,92.7,1556.85,Credit card (automatic),64.81,64.81,High
4625-XMOYM,Female,0,Yes,Yes,72,Two year,No,26.25,1988.05,Bank transfer (automatic),1.84,1.84,Low
5827-MWCZK,Male,0,Yes,Yes,56,Month-to-month,Fiber optic,96.95,5432.2,Credit card (automatic),45.95,45.95,Medium
1385-TQOZW,Female,0,No,No,9,Month-to-month,No,20.45,147.55,Credit card (automatic),46.81,46.81,Medium
5914-XRFQB,Male,0,Yes,No,72,Two year,Fiber optic,115.8,8424.9,Bank transfer (automatic),3.48,3.48,Low
4329-YPDDQ,Male,0,No,No,20,Month-to-month,Fiber optic,108.2,2203.7,Bank transfer (automatic),54.3,54.3,Medium
4804-NCPET,Male,0,Yes,Yes,19,Two year,No,20.2,387.4,Mailed check,1.98,1.98,Low
3750-CKVKH,Male,0,No,No,2,Month-to-month,Fiber optic,67.75,116.65,Electronic check,79.21,79.21,High
5944-UGLLK,Male,0,No,No,53,One year,DSL,54.9,3045.75,Credit card (automatic),22.25,22.25,Low
8063-GBATB,Female,1,No,No,27,Month-to-month,Fiber optic,85.25,2287.25,Electronic check,80.71,80.71,High
7787-BNTZM,Male,0,No,No,6,Month-to-month,No,20.15,130.5,Bank transfer (automatic),45.36,45.36,Medium
2252-ISRNH,Male,0,Yes,Yes,9,One year,Fiber optic,90.35,767.9,Electronic check,82.35,82.35,High
9415-TPKRV,Female,0,Yes,Yes,8,Month-to-month,DSL,55.75,446.8,Electronic check,57.76,57.76,Medium
5322-TEUJK,Female,0,Yes,Yes,71,Two year,Fiber optic,114.6,8100.25,Bank transfer (automatic),3.15,3.15,Low
4547-KQRTM,Female,0,No,No,10,Month-to-month,Fiber optic,80.05,830.7,Bank transfer (automatic),80.78,80.78,High
4877-EVATK,Male,0,No,No,1,Month-to-month,No,20.0,20.0,Mailed check,46.19,46.19,Medium
1866-DIOQZ,Female,0,Yes,No,71,One year,DSL,66.8,4689.15,Bank transfer (automatic),17.93,17.93,Low
8375-KVTHK,Male,0,Yes,No,68,One year,Fiber optic,100.3,6754.35,Electronic check,38.84,38.84,Medium
2697-NQBPF,Male,0,No,No,34,Month-to-month,Fiber optic,105.35,3540.65,Electronic check,68.89,68.89,High
3709-OIJEA,Male,0,No,No,26,One year,Fiber optic,85.2,2184.6,Electronic check,30.06,30.06,Medium
7639-SUPCW,Female,0,No,No,22,Month-to-month,DSL,48.8,1054.6,Credit card (automatic),50.12,50.12,Medium
1386-ZIKUV,Male,0,No,No,7,Month-to-month,No,18.95,130.55,Mailed check,51.59,51.59,Medium
0599-XNYDO,Female,0,Yes,No,20,Month-to-month,Fiber optic,69.8,1540.35,Bank transfer (automatic),65.72,65.72,High
6377-WHAOX,Female,0,Yes,No,60,Month-to-month,Fiber optic,106.15,6411.25,Electronic check,61.43,61.43,High
6855-VLGOS,Male,0,Yes,Yes,72,Two year,No,20.55,1432.55,Electronic check,1.63,1.63,Low
8999-XXGNS,Female,1,Yes,No,72,One year,Fiber optic,105.75,7629.85,Credit card (automatic),35.92,35.92,Medium
8746-OQQRW,Male,0,No,No,4,Month-to-month,No,25.25,101.9,Mailed check,45.48,45.48,Medium
3181-MIZBN,Male,0,Yes,Yes,16,Month-to-month,No,19.75,313.4,Electronic check,34.29,34.29,Medium
0471-ARVMX,Female,1,Yes,No,62,One year,Fiber optic,104.85,6312.9,Electronic check,33.96,33.96,Medium
7766-CLTIC,Female,0,No,No,10,Month-to-month,DSL,60.95,629.55,Mailed check,43.54,43.54,Medium
5650-YLIBA,Male,0,No,No,31,Month-to-month,Fiber optic,81.15,2640.55,Electronic check,68.11,68.11,High
0825-CPPQH,Female,0,Yes,No,71,Two year,No,19.1,1372.45,Credit card (automatic),1.8,1.8,Low
9084-OAYKL,Male,0,No,No,58,Two year,No,20.8,1212.25,Mailed check,3.49,3.49,Low
6122-LJADA,Male,0,Yes,Yes,70,Two year,DSL,90.15,6237.05,Credit card (automatic),6.34,6.34,Low
2400-XIWIO,Female,0,Yes,No,71,Two year,DSL,90.1,6310.9,Electronic check,4.19,4.19,Low
7524-VRLPL,Male,1,No,No,69,Two year,DSL,74.1,5031.0,Credit card (automatic),3.42,3.42,Low
1069-XAIEM,Female,1,No,No,1,Month-to-month,Fiber optic,85.05,85.05,Electronic check,92.99,92.99,High
7569-NMZYQ,Female,0,Yes,Yes,72,Two year,Fiber optic,118.75,8672.45,Bank transfer (automatic),4.45,4.45,Low
5201-USSQZ,Female,0,Yes,No,26,Month-to-month,Fiber optic,85.9,2196.45,Credit card (automatic),35.57,35.57,Medium
2105-PHWON,Female,0,Yes,No,33,Month-to-month,Fiber optic,95.0,3008.15,Credit card (automatic),50.86,50.86,Medium
1494-EJZDW,Female,0,Yes,Yes,10,Two year,No,20.15,220.8,Mailed check,4.21,4.21,Low
4884-TVUQF,Female,1,No,No,57,Two year,Fiber optic,101.3,5779.6,Credit card (automatic),6.13,6.13,Low
8003-EWNDZ,Female,0,No,No,10,Month-to-month,No,21.2,222.65,Electronic check,53.88,53.88,Medium
1897-RCFUM,Female,0,Yes,Yes,39,One year,No,24.2,914.6,Mailed check,3.98,3.98,Low
9256-JTBNZ,Female,0,No,No,11,Month-to-month,No,20.3,246.3,Bank transfer (automatic),46.73,46.73,Medium
4658-HCOHW,Female,0,Yes,Yes,21,Month-to-month,Fiber optic,102.8,2110.15,Electronic check,66.23,66.23,High
2211-RMNHO,Female,0,Yes,Yes,68,Two year,DSL,85.3,5560.0,Bank transfer (automatic),8.27,8.27,Low
2432-TFSMK,Male,0,No,No,18,One year,Fiber optic,89.6,1633.0,Credit card (automatic),52.28,52.28,Medium
3440-JPSCL,Female,0,No,No,6,Month-to-month,Fiber optic,99.95,547.65,Mailed check,81.57,81.57,High
4929-ROART,Male,0,No,No,18,Month-to-month,DSL,56.25,969.85,Mailed check,27.15,27.15,Low
1834-ABKHQ,Female,0,Yes,Yes,52,One year,DSL,50.95,2610.65,Bank transfer (automatic),19.24,19.24,Low
1741-WTPON,Male,0,Yes,Yes,56,Two year,Fiber optic,115.85,6567.9,Mailed check,2.36,2.36,Low
3932-IJWDZ,Male,0,No,No,45,Month-to-month,Fiber optic,103.65,4747.85,Bank transfer (automatic),52.74,52.74,Medium
1240-HCBOH,Female,0,No,No,67,Two year,No,26.1,1759.55,Mailed check,2.4,2.4,Low
3594-KADLU,Male,0,Yes,No,3,Month-to-month,DSL,35.1,101.1,Mailed check,50.64,50.64,Medium
8065-BVEPF,Male,1,No,No,65,Month-to-month,Fiber optic,99.1,6496.15,Bank transfer (automatic),35.75,35.75,Medium
3796-ENZGF,Male,0,Yes,No,63,Two year,DSL,67.25,4234.15,Mailed check,3.25,3.25,Low
1734-ZMNTZ,Female,0,Yes,Yes,11,Two year,No,25.0,300.7,Mailed check,3.1,3.1,Low
2853-CWQFQ,Male,0,No,Yes,1,Month-to-month,DSL,59.55,59.55,Mailed check,47.03,47.03,Medium
0813-TAXXS,Male,0,No,No,55,Two year,DSL,77.8,4323.35,Bank transfer (automatic),22.32,22.32,Low
2519-TWKFS,Male,0,Yes,Yes,25,One year,DSL,55.1,1466.1,Mailed check,5.6,5.6,Low
2889-FPWRM,Male,0,Yes,No,72,One year,Fiber optic,117.8,8684.8,Bank transfer (automatic),26.49,26.49,Low
0626-QXNGV,Female,0,Yes,No,72,Two year,No,24.15,1776.45,Credit card (automatic),3.71,3.71,Low
6723-CEGQI,Female,0,No,Yes,65,Two year,DSL,45.25,2933.95,Mailed check,2.45,2.45,Low
6987-XQSJT,Female,1,No,No,54,Month-to-month,Fiber optic,79.5,4370.25,Electronic check,58.95,58.95,Medium
4732-RRJZC,Male,0,Yes,Yes,7,Month-to-month,No,20.25,144.35,Mailed check,37.58,37.58,Medium
9499-XPZXM,Female,0,Yes,No,72,Two year,DSL,64.75,4804.75,Bank transfer (automatic),0.47,0.47,Low
4338-EYCER,Male,0,Yes,No,21,Month-to-month,DSL,54.6,1125.2,Bank transfer (automatic),39.35,39.35,Medium
3007-FDPEA,Female,0,No,No,2,Month-to-month,No,20.7,39.85,Bank transfer (automatic),52.71,52.71,Medium
6350-XFYGW,Male,1,No,No,4,Month-to-month,Fiber optic,94.75,422.4,Electronic check,90.43,90.43,High
4290-BSXUX,Male,0,Yes,No,3,Month-to-month,Fiber optic,79.65,251.75,Bank transfer (automatic),70.31,70.31,High
8513-OLYGY,Male,0,Yes,No,72,Two year,Fiber optic,115.8,8332.15,Credit card (automatic),9.64,9.64,Low
0311-QYWSS,Female,0,No,No,6,Month-to-month,DSL,49.45,314.6,Electronic check,59.3,59.3,Medium
8705-DWKTI,Male,0,No,No,52,Month-to-month,Fiber optic,83.8,4331.4,Credit card (automatic),36.74,36.74,Medium
8755-IWJHN,Male,1,Yes,No,69,Month-to-month,Fiber optic,95.35,6382.0,Bank transfer (automatic),33.84,33.84,Medium
0325-XBFAC,Male,0,No,No,8,Month-to-month,Fiber optic,94.7,740.3,Electronic check,87.16,87.16,High
4480-QQRHC,Female,1,No,No,8,Month-to-month,Fiber optic,74.05,600.15,Bank transfer (automatic),77.48,77.48,High
0929-PECLO,Female,1,No,No,63,Month-to-month,Fiber optic,89.6,5538.8,Bank transfer (automatic),24.17,24.17,Low
3680-CTHUH,Male,0,No,No,60,One year,Fiber optic,116.6,7049.5,Credit card (automatic),45.43,45.43,Medium
1202-KKGFU,Female,0,Yes,No,12,Month-to-month,DSL,54.2,690.5,Bank transfer (automatic),44.12,44.12,Medium
6112-KTHFQ,Female,0,No,No,13,Month-to-month,No,19.3,279.3,Mailed check,50.8,50.8,Medium
1852-XEMDW,Male,0,No,No,22,Month-to-month,DSL,65.05,1427.55,Mailed check,36.37,36.37,Medium
2462-XIIJB,Male,0,No,No,5,Month-to-month,Fiber optic,92.5,452.7,Electronic check,86.66,86.66,High
4760-XOHVN,Female,0,Yes,Yes,1,Month-to-month,No,19.45,19.45,Mailed check,42.29,42.29,Medium
1820-DJFPH,Female,0,Yes,Yes,72,Two year,No,24.05,1709.15,Bank transfer (automatic),1.82,1.82,Low
9426-SXNHE,Female,0,No,No,2,Month-to-month,No,18.75,53.15,Bank transfer (automatic),48.24,48.24,Medium
9068-FHQHD,Female,0,Yes,Yes,40,Two year,No,20.15,777.35,Bank transfer (automatic),3.45,3.45,Low
1269-FOYWN,Male,0,Yes,Yes,44,One year,No,20.0,860.85,Bank transfer (automatic),7.92,7.92,Low
9470-YFUYI,Male,1,Yes,No,71,One year,DSL,71.0,5012.1,Bank transfer (automatic),5.37,5.37,Low
7817-BOQPW,Female,0,No,No,2,Month-to-month,Fiber optic,75.55,166.3,Electronic check,85.9,85.9,High
7402-EYFXX,Male,1,No,No,26,Month-to-month,Fiber optic,93.6,2404.1,Electronic check,83.43,83.43,High
1853-UDXBW,Male,0,Yes,Yes,1,Month-to-month,Fiber optic,70.0,70.0,Electronic check,82.95,82.95,High
9895-VFOXH,Female,0,No,No,1,Month-to-month,DSL,24.4,24.4,Mailed check,70.66,70.66,High
5458-CQJTA,Male,0,Yes,Yes,65,Two year,DSL,74.8,4820.15,Bank transfer (automatic),1.72,1.72,Low
1230-QAJDW,Male,0,No,No,3,Month-to-month,DSL,65.25,209.9,Mailed check,59.48,59.48,Medium
5701-ZIKJE,Male,0,No,No,13,Month-to-month,DSL,50.55,610.75,Mailed check,45.75,45.75,Medium
5219-YIPTK,Female,0,Yes,No,33,Month-to-month,Fiber optic,104.4,3409.6,Electronic check,78.69,78.69,High
5032-MIYKT,Female,0,No,No,1,Month-to-month,Fiber optic,70.7,70.7,Mailed check,80.56,80.56,High
7396-VJUZB,Male,0,Yes,Yes,4,Month-to-month,DSL,45.25,155.35,Mailed check,63.1,63.1,High
9717-QEBGU,Male,0,No,No,2,Month-to-month,Fiber optic,70.3,144.0,Electronic check,79.29,79.29,High
5172-RKOCB,Male,0,Yes,No,72,Two year,Fiber optic,108.95,7875.0,Credit card (automatic),9.86,9.86,Low
6509-TSGWN,Female,0,Yes,Yes,37,Month-to-month,No,26.45,911.6,Mailed check,25.2,25.2,Low
3540-RZJYU,Female,0,No,No,15,Month-to-month,Fiber optic,86.2,1270.2,Electronic check,62.9,62.9,High
3178-CIFOT,Female,0,No,No,23,One year,No,19.65,478.1,Credit card (automatic),15.11,15.11,Low
2091-MJTFX,Female,0,Yes,Yes,30,Month-to-month,DSL,51.2,1561.5,Credit card (automatic),31.31,31.31,Medium
4530-NDRKU,Female,0,Yes,Yes,42,One year,No,19.05,761.85,Electronic check,12.02,12.02,Low
5985-TBABQ,Female,0,No,No,32,One year,DSL,74.75,2282.95,Mailed check,13.22,13.22,Low
9800-ONTFE,Female,0,Yes,Yes,22,Month-to-month,Fiber optic,75.8,1615.1,Bank transfer (automatic),67.56,67.56,High
6743-HHQPF,Male,0,Yes,No,42,Month-to-month,DSL,25.1,1097.15,Credit card (automatic),43.37,43.37,Medium
8455-HIRAQ,Female,0,No,No,8,Month-to-month,DSL,44.45,369.3,Mailed check,55.9,55.9,Medium
6616-AALSR,Female,0,Yes,Yes,65,Two year,Fiber optic,104.3,6725.3,Credit card (automatic),18.97,18.97,Low
0883-EIBTI,Female,0,No,No,2,Month-to-month,No,19.5,31.55,Mailed check,48.55,48.55,Medium
9415-ZNBSX,Female,0,Yes,Yes,70,Two year,DSL,89.0,6293.2,Bank transfer (automatic),2.84,2.84,Low
4018-KJYUY,Male,0,No,Yes,22,Month-to-month,No,20.15,432.5,Credit card (automatic),27.56,27.56,Low
0722-TROQR,Female,1,No,No,4,Month-to-month,Fiber optic,74.9,321.75,Electronic check,87.99,87.99,High
7571-YXDAD,Female,0,No,No,2,Month-to-month,Fiber optic,74.9,147.15,Credit card (automatic),77.25,77.25,High
3884-UEBXB,Female,0,Yes,Yes,67,Two year,DSL,36.15,2434.45,Bank transfer (automatic),1.07,1.07,Low
8780-RSYYU,Female,0,No,No,25,Month-to-month,No,19.2,532.1,Credit card (automatic),40.98,40.98,Medium
5537-UXXVS,Female,0,Yes,No,20,Month-to-month,No,19.25,375.25,Bank transfer (automatic),42.42,42.42,Medium
1791-PQHBB,Female,0,No,Yes,2,Month-to-month,DSL,61.2,125.95,Credit card (automatic),61.54,61.54,High
8701-DGLVH,Male,0,No,No,51,Two year,No,20.45,1042.65,Mailed check,3.67,3.67,Low
8741-LQOBK,Female,0,Yes,Yes,46,Month-to-month,DSL,35.05,1620.25,Bank transfer (automatic),27.93,27.93,Low
3393-FMZPV,Female,0,No,No,25,Month-to-month,Fiber optic,100.25,2387.75,Electronic check,81.22,81.22,High
8082-GHXOP,Male,0,No,Yes,13,Month-to-month,DSL,44.0,659.35,Mailed check,50.68,50.68,Medium
6402-ZFPPI,Female,1,No,No,25,Month-to-month,Fiber optic,102.8,2660.2,Mailed check,76.02,76.02,High
0980-FEXWF,Male,0,Yes,Yes,26,One year,DSL,50.35,1285.8,Mailed check,12.83,12.83,Low
7486-KSRVI,Male,0,No,No,43,One year,Fiber optic,100.0,4211.55,Electronic check,62.58,62.58,High
3011-WQKSZ,Male,0,No,Yes,19,Month-to-month,No,20.0,377.55,Electronic check,49.11,49.11,Medium
8443-WVPSS,Male,0,Yes,No,10,Month-to-month,Fiber optic,99.85,990.9,Electronic check,79.19,79.19,High
3006-XIMLN,Female,0,No,Yes,2,Month-to-month,Fiber optic,94.2,193.8,Bank transfer (automatic),88.88,88.88,High
8218-FFJDS,Female,0,Yes,No,72,Two year,DSL,86.4,6058.95,Bank transfer (automatic),1.65,1.65,Low
1986-PHGZF,Male,1,No,No,18,Month-to-month,DSL,58.4,964.9,Credit card (automatic),55.46,55.46,Medium
9965-YOKZB,Male,1,No,No,9,Month-to-month,Fiber optic,83.85,790.15,Electronic check,87.69,87.69,High
0504-HHAPI,Female,1,No,No,27,Month-to-month,Fiber optic,88.3,2467.75,Credit card (automatic),64.69,64.69,High
9360-OMDZZ,Male,0,No,No,24,Month-to-month,Fiber optic,94.1,2322.85,Electronic check,83.11,83.11,High
6305-YLBMM,Male,0,No,No,69,One year,Fiber optic,104.05,7262.0,Bank transfer (automatic),40.63,40.63,Medium
0345-XMMUG,Female,0,Yes,No,46,Two year,Fiber optic,108.9,4854.3,Credit card (automatic),14.46,14.46,Low
8024-XNAFQ,Female,1,No,No,72,Two year,Fiber optic,107.4,7748.75,Bank transfer (automatic),2.5,2.5,Low
3647-GMGDH,Male,0,Yes,No,22,Month-to-month,Fiber optic,94.7,1914.9,Credit card (automatic),67.95,67.95,High
2988-GBIVW,Female,1,Yes,No,70,Month-to-month,Fiber optic,90.85,6470.1,Electronic check,20.52,20.52,Low
2832-SCUCO,Female,0,No,No,2,Month-to-month,No,19.9,57.4,Electronic check,48.6,48.6,Medium
7036-ZZKBD,Male,0,Yes,No,31,Month-to-month,DSL,66.4,2019.8,Credit card (automatic),23.62,23.62,Low
3791-LGQCY,Female,1,Yes,No,56,Month-to-month,Fiber optic,100.65,5688.05,Bank transfer (automatic),54.05,54.05,Medium
0265-PSUAE,Female,0,Yes,Yes,16,Month-to-month,Fiber optic,100.7,1522.7,Bank transfer (automatic),55.31,55.31,Medium
0463-TXOAK,Male,0,No,Yes,52,Two year,No,25.6,1334.5,Credit card (automatic),4.19,4.19,Low
0594-UFTUL,Male,0,Yes,Yes,13,Month-to-month,No,19.85,252.0,Mailed check,40.67,40.67,Medium
9509-MPYOD,Female,0,No,No,35,One year,No,20.75,700.45,Mailed check,9.12,9.12,Low
9128-CPXKI,Female,0,No,No,59,Two year,Fiber optic,95.8,5655.45,Electronic check,10.91,10.91,Low
0129-KPTWJ,Male,0,Yes,No,72,Month-to-month,Fiber optic,94.65,6747.35,Electronic check,35.37,35.37,Medium
8166-ZZTFS,Female,1,Yes,No,66,Two year,DSL,80.55,5265.1,Bank transfer (automatic),13.81,13.81,Low
5855-EIBDE,Female,0,Yes,No,49,Two year,Fiber optic,106.65,5174.35,Credit card (automatic),8.02,8.02,Low
5365-LLFYV,Female,0,No,No,2,Month-to-month,DSL,45.85,105.6,Mailed check,64.43,64.43,High
5956-YHHRX,Male,1,No,No,21,Month-to-month,Fiber optic,104.35,2271.85,Electronic check,84.24,84.24,High
6008-NAIXK,Male,1,No,No,54,One year,DSL,55.45,2966.95,Electronic check,42.47,42.47,Medium
2956-GGUCQ,Male,1,Yes,No,24,Month-to-month,Fiber optic,78.85,1772.25,Electronic check,65.67,65.67,High
1928-BXYIV,Male,0,No,No,1,Month-to-month,DSL,61.15,61.15,Electronic check,56.95,56.95,Medium
5760-FXFVO,Male,0,No,No,6,Month-to-month,Fiber optic,78.95,494.95,Electronic check,70.47,70.47,High
6595-COKXZ,Female,0,No,No,1,Month-to-month,DSL,44.45,44.45,Mailed check,65.23,65.23,High
0961-ZWLVI,Male,0,No,Yes,49,One year,Fiber optic,109.2,5290.45,Credit card (automatic),44.01,44.01,Medium
5181-OABFK,Female,0,Yes,Yes,56,Two year,DSL,61.3,3346.8,Credit card (automatic),4.45,4.45,Low
4007-NHVHI,Female,1,No,No,56,Month-to-month,Fiber optic,96.85,5219.65,Electronic check,31.0,31.0,Medium
7816-VGHTO,Female,0,Yes,Yes,6,Two year,DSL,40.55,217.5,Mailed check,2.47,2.47,Low
5871-DGTXZ,Male,0,No,No,32,One year,No,19.8,607.7,Mailed check,10.97,10.97,Low
7550-WIQVA,Male,0,Yes,Yes,50,One year,Fiber optic,108.25,5431.4,Electronic check,53.31,53.31,Medium
7544-ZVIKX,Male,0,Yes,Yes,58,One year,Fiber optic,105.05,6004.85,Bank transfer (automatic),27.84,27.84,Low
0016-QLJIS,Female,0,Yes,Yes,65,Two year,DSL,90.45,5957.9,Mailed check,2.42,2.42,Low
7508-DQAKK,Female,0,No,No,64,Two year,DSL,86.4,5442.05,Credit card (automatic),9.6,9.6,Low
5176-OLSKT,Female,0,Yes,No,66,Two year,DSL,66.9,4370.25,Bank transfer (automatic),1.2,1.2,Low
9356-AXGMP,Male,0,Yes,No,38,One year,Fiber optic,110.7,4428.6,Electronic check,61.94,61.94,High
3556-BVQGL,Female,0,Yes,No,20,One year,No,20.0,416.45,Mailed check,7.12,7.12,Low
0362-ZBZWJ,Male,0,No,No,36,Month-to-month,Fiber optic,84.9,3067.2,Electronic check,70.38,70.38,High
8979-CAMGB,Male,1,No,No,64,One year,Fiber optic,102.1,6688.1,Electronic check,26.32,26.32,Low
4211-MMAZN,Male,0,No,No,1,Month-to-month,No,20.25,20.25,Mailed check,46.22,46.22,Medium
7581-EBBOU,Female,0,No,No,60,One year,DSL,70.15,4224.7,Credit card (automatic),24.64,24.64,Low
4274-OWWYO,Male,0,No,No,1,Month-to-month,Fiber optic,74.35,74.35,Electronic check,78.68,78.68,High
5073-RZGBK,Female,0,Yes,Yes,50,One year,DSL,80.05,4042.2,Bank transfer (automatic),8.12,8.12,Low
1541-ETJZO,Male,0,No,No,1,Month-to-month,DSL,62.05,62.05,Mailed check,49.37,49.37,Medium
2192-CKRLV,Female,0,Yes,No,72,Two year,DSL,49.2,3580.95,Electronic check,7.4,7.4,Low
3154-HMWUU,Male,0,Yes,No,60,Two year,No,20.5,1198.8,Bank transfer (automatic),2.7,2.7,Low
6119-SPUDB,Male,0,No,No,46,Two year,DSL,38.25,1755.35,Mailed check,0.37,0.37,Low
6522-OIQSX,Female,0,Yes,Yes,69,Two year,DSL,54.95,3772.5,Credit card (automatic),12.54,12.54,Low
7813-ZGGAW,Male,1,No,No,31,Month-to-month,Fiber optic,96.6,2877.95,Bank transfer (automatic),50.68,50.68,Medium
8748-HFWBO,Male,0,Yes,Yes,19,One year,No,19.9,357.7,Mailed check,7.52,7.52,Low
1052-QJIBV,Female,0,Yes,Yes,71,Two year,No,19.9,1397.3,Credit card (automatic),1.75,1.75,Low
1319-YLZJG,Male,0,Yes,No,12,Month-to-month,Fiber optic,84.6,959.9,Electronic check,68.51,68.51,High
4106-HADHQ,Male,0,Yes,Yes,39,One year,DSL,80.0,3182.95,Credit card (automatic),22.37,22.37,Low
0723-FDLAY,Male,0,No,No,44,One year,DSL,85.25,3704.15,Bank transfer (automatic),27.7,27.7,Low
3050-RLLXC,Female,0,Yes,Yes,56,Two year,DSL,81.25,4620.4,Credit card (automatic),3.83,3.83,Low
9298-WGMRW,Female,0,Yes,No,72,Two year,Fiber optic,115.5,8312.75,Bank transfer (automatic),4.69,4.69,Low
2369-UAPKZ,Male,0,No,No,5,Month-to-month,Fiber optic,104.1,541.9,Mailed check,83.51,83.51,High
3088-LHEFH,Female,0,No,No,11,Month-to-month,Fiber optic,79.0,929.3,Bank transfer (automatic),70.13,70.13,High
2778-OCLGR,Male,1,Yes,No,24,Month-to-month,DSL,39.1,971.3,Bank transfer (automatic),64.79,64.79,High
6583-KQJLK,Female,1,Yes,No,15,Month-to-month,Fiber optic,94.65,1285.05,Electronic check,85.98,85.98,High
8544-JNBOX,Male,0,No,No,72,Two year,No,20.8,1521.2,Mailed check,3.76,3.76,Low
6681-ZSEXG,Male,0,Yes,No,56,Two year,DSL,59.5,3389.25,Credit card (automatic),5.79,5.79,Low
6139-ZZRBQ,Male,1,No,No,64,Two year,No,20.05,1198.05,Bank transfer (automatic),5.05,5.05,Low
6116-RFVHN,Female,0,Yes,No,34,Month-to-month,Fiber optic,100.45,3414.65,Electronic check,78.69,78.69,High
0637-KVDLV,Male,0,No,No,2,Month-to-month,Fiber optic,76.5,162.45,Electronic check,83.28,83.28,High
8884-FEEWR,Male,0,No,No,35,One year,No,20.6,754.0,Bank transfer (automatic),11.6,11.6,Low
3125-RAHBV,Male,0,No,No,22,One year,No,20.3,467.15,Credit card (automatic),10.93,10.93,Low
6633-MPWBS,Male,0,No,No,5,Month-to-month,DSL,49.2,216.9,Electronic check,57.92,57.92,Medium
0373-AIVNJ,Male,0,No,No,9,One year,DSL,39.55,373.0,Mailed check,9.88,9.88,Low
8785-EPNCG,Male,0,No,No,11,Month-to-month,No,23.15,245.2,Credit card (automatic),34.81,34.81,Medium
1682-VCOIO,Male,0,No,No,23,One year,No,20.45,481.1,Mailed check,11.55,11.55,Low
5729-KLZAR,Female,0,Yes,Yes,4,Month-to-month,Fiber optic,80.85,302.75,Electronic check,72.17,72.17,High
2072-ZVJJX,Male,0,Yes,No,68,Two year,No,25.25,1728.2,Bank transfer (automatic),1.35,1.35,Low
8849-AYPTR,Male,0,Yes,No,33,Month-to-month,Fiber optic,91.25,2964.05,Electronic check,70.57,70.57,High
9518-IMLHK,Male,0,No,No,31,Month-to-month,DSL,72.45,2156.25,Bank transfer (automatic),30.39,30.39,Medium
1582-RAFML,Male,0,No,No,1,Month-to-month,DSL,60.1,60.1,Mailed check,47.03,47.03,Medium
3646-ITDGM,Female,0,No,No,56,Two year,No,19.7,1051.9,Bank transfer (automatic),4.4,4.4,Low
8740-CRYFY,Male,0,No,No,1,Month-to-month,Fiber optic,78.95,78.95,Electronic check,84.54,84.54,High
3569-VLDHH,Male,0,Yes,Yes,66,One year,DSL,75.1,5013.0,Electronic check,12.96,12.96,Low
8224-KDLKN,Male,0,Yes,Yes,72,Two year,No,25.0,1738.9,Bank transfer (automatic),1.43,1.43,Low
7594-LZNWR,Male,1,No,No,34,Month-to-month,Fiber optic,69.15,2275.1,Credit card (automatic),39.27,39.27,Medium
4001-TSBTV,Female,0,Yes,Yes,58,Month-to-month,Fiber optic,91.55,5511.65,Electronic check,39.86,39.86,Medium
2962-XPMCQ,Male,0,No,No,2,Month-to-month,DSL,45.15,98.5,Electronic check,70.02,70.02,High
8727-XDPUD,Male,0,No,No,37,Two year,DSL,35.8,1316.9,Credit card (automatic),14.34,14.34,Low
1043-UXOVO,Female,0,No,No,71,Two year,Fiber optic,113.15,7993.3,Credit card (automatic),20.0,20.0,Low
1064-FBXNK,Male,0,Yes,Yes,1,One year,No,19.85,19.85,Credit card (automatic),8.73,8.73,Low
3996-ZNWYK,Male,1,Yes,Yes,71,Two year,No,19.8,1388.45,Credit card (automatic),1.9,1.9,Low
2878-DHMIN,Male,0,Yes,Yes,35,One year,No,19.9,666.0,Electronic check,8.32,8.32,Low
7762-ONLJY,Female,0,Yes,Yes,6,One year,No,19.7,94.45,Mailed check,14.04,14.04,Low
1678-FYZOW,Female,0,No,No,3,Month-to-month,Fiber optic,79.4,244.65,Electronic check,84.17,84.17,High
5795-BKOYE,Female,0,Yes,Yes,69,One year,DSL,59.1,4134.7,Bank transfer (automatic),10.57,10.57,Low
8627-EHGIP,Male,0,No,No,44,One year,DSL,53.95,2375.4,Mailed check,50.12,50.12,Medium
7402-PWYJJ,Female,0,Yes,No,53,One year,Fiber optic,91.15,4862.5,Electronic check,35.14,35.14,Medium
5480-TBGPH,Female,0,Yes,No,24,Month-to-month,Fiber optic,99.3,2431.35,Credit card (automatic),62.92,62.92,High
0018-NYROU,Female,0,Yes,No,5,Month-to-month,Fiber optic,68.95,351.5,Electronic check,78.05,78.05,High
7501-VTYLJ,Female,0,No,Yes,2,Month-to-month,DSL,51.55,106.2,Mailed check,52.46,52.46,Medium
7608-RGIRO,Male,0,No,Yes,62,Two year,No,24.4,1413.0,Mailed check,2.74,2.74,Low
0480-BIXDE,Female,0,Yes,No,19,Month-to-month,Fiber optic,96.8,1743.05,Electronic check,82.77,82.77,High
5895-QSXOD,Male,0,No,No,9,Month-to-month,Fiber optic,70.05,657.5,Mailed check,70.35,70.35,High
9814-AOUDH,Male,0,No,No,53,Two year,No,19.5,1050.5,Credit card (automatic),3.43,3.43,Low
6175-IRFIT,Male,0,No,No,5,Month-to-month,Fiber optic,78.75,426.35,Mailed check,77.6,77.6,High
8760-ZRHKE,Female,1,Yes,Yes,71,One year,DSL,69.2,4982.5,Electronic check,9.88,9.88,Low
1622-HSHSF,Female,0,No,No,1,Month-to-month,No,19.55,19.55,Mailed check,53.61,53.61,Medium
8854-CCVSQ,Male,0,No,No,18,Month-to-month,Fiber optic,80.65,1451.9,Electronic check,76.32,76.32,High
6749-UTDVX,Male,0,No,No,72,Two year,Fiber optic,103.65,7634.8,Electronic check,34.52,34.52,Medium
5542-DHSXL,Female,0,Yes,No,4,Month-to-month,DSL,54.7,235.05,Mailed check,52.11,52.11,Medium
9102-OXKFY,Male,0,No,No,59,Two year,DSL,54.15,3116.15,Credit card (automatic),9.1,9.1,Low
0511-JTEOY,Female,0,No,No,1,Month-to-month,Fiber optic,71.1,71.1,Mailed check,78.08,78.08,High
5216-WASFJ,Female,1,Yes,No,31,Month-to-month,Fiber optic,84.85,2633.4,Electronic check,76.26,76.26,High
7808-DVWEP,Male,0,Yes,No,3,Month-to-month,No,20.0,49.65,Bank transfer (automatic),41.96,41.96,Medium
7067-KSAZT,Female,1,Yes,No,65,One year,Fiber optic,106.25,6979.8,Electronic check,45.08,45.08,Medium
2284-VFLKH,Male,0,Yes,No,49,One year,Fiber optic,99.25,4920.8,Credit card (automatic),26.11,26.11,Low
0366-NQSHS,Male,0,No,No,2,Month-to-month,No,19.35,46.35,Mailed check,46.13,46.13,Medium
6532-YLWSI,Female,0,Yes,No,53,One year,No,20.8,1021.8,Bank transfer (automatic),8.53,8.53,Low
3807-BPOMJ,Female,0,Yes,No,55,One year,Fiber optic,94.75,5276.1,Electronic check,28.22,28.22,Low
3892-NXAZG,Male,0,Yes,Yes,72,Two year,Fiber optic,114.05,8289.2,Credit card (automatic),11.27,11.27,Low
4948-WBBKL,Female,1,No,No,36,Month-to-month,Fiber optic,74.9,2659.45,Bank transfer (automatic),67.16,67.16,High
4182-BGSIQ,Female,0,Yes,Yes,10,Month-to-month,No,19.8,196.75,Bank transfer (automatic),46.66,46.66,Medium
9300-AGZNL,Male,1,No,No,1,Month-to-month,Fiber optic,94.0,94.0,Electronic check,93.29,93.29,High
0988-AADSA,Female,0,Yes,Yes,72,Two year,DSL,80.85,5824.75,Bank transfer (automatic),1.61,1.61,Low
9972-NKTFD,Female,0,No,No,28,Month-to-month,DSL,54.65,1517.5,Bank transfer (automatic),38.07,38.07,Medium
3717-LNXKW,Male,0,Yes,No,38,Month-to-month,Fiber optic,91.7,3479.05,Bank transfer (automatic),25.28,25.28,Low
5734-EJKXG,Female,0,No,No,61,One year,Fiber optic,118.6,7365.7,Electronic check,37.38,37.38,Medium
2207-RYYRL,Male,0,Yes,Yes,52,Two year,No,24.55,1331.05,Mailed check,1.25,1.25,Low
6729-FZWSY,Male,0,No,No,67,One year,No,19.45,1195.95,Mailed check,8.83,8.83,Low
9695-IDRZR,Female,0,No,Yes,34,Two year,Fiber optic,116.15,3946.9,Credit card (automatic),22.2,22.2,Low
8144-DGHXP,Female,0,No,No,54,Two year,DSL,80.6,4299.95,Electronic check,5.14,5.14,Low
7814-LEEVE,Female,0,Yes,No,1,Month-to-month,No,20.3,20.3,Bank transfer (automatic),49.4,49.4,Medium
1112-CUNAO,Female,1,No,No,15,Month-to-month,Fiber optic,89.85,1424.95,Electronic check,84.78,84.78,High
5175-AOBHI,Female,0,No,No,4,Month-to-month,DSL,46.0,193.6,Mailed check,62.79,62.79,High
5174-RNGBH,Female,0,No,No,9,Month-to-month,DSL,66.25,620.55,Mailed check,43.85,43.85,Medium
8631-WUXGY,Female,0,No,Yes,46,Month-to-month,Fiber optic,99.8,4391.25,Electronic check,46.18,46.18,Medium
7270-BDIOA,Female,0,No,No,22,Month-to-month,Fiber optic,90.0,1993.8,Electronic check,73.8,73.8,High
9565-JSNFM,Male,0,No,No,38,One year,Fiber optic,70.45,2597.6,Bank transfer (automatic),18.32,18.32,Low
5906-DVAPM,Female,0,Yes,Yes,55,One year,DSL,75.0,4213.9,Credit card (automatic),14.09,14.09,Low
6654-QGBZZ,Female,0,No,No,1,Month-to-month,No,19.9,19.9,Mailed check,48.71,48.71,Medium
8348-JLBUG,Male,1,Yes,No,64,One year,Fiber optic,80.3,5017.7,Credit card (automatic),11.75,11.75,Low
0607-DAAHE,Male,0,No,Yes,53,Two year,No,19.75,1052.35,Bank transfer (automatic),3.17,3.17,Low
5641-DMBFJ,Female,0,Yes,No,58,Two year,DSL,84.3,4916.4,Electronic check,6.51,6.51,Low
9200-NLNPD,Male,0,Yes,No,56,One year,DSL,54.05,2959.8,Bank transfer (automatic),22.71,22.71,Low
2664-XJZNO,Male,0,Yes,Yes,72,Two year,Fiber optic,104.9,7559.55,Credit card (automatic),10.51,10.51,Low
9732-KPKBW,Male,0,No,No,1,Month-to-month,DSL,53.95,53.95,Electronic check,59.91,59.91,Medium
3339-EAQNV,Male,1,Yes,No,72,One year,Fiber optic,97.25,7133.1,Credit card (automatic),40.84,40.84,Medium
0921-OHLVP,Male,0,No,No,22,Month-to-month,Fiber optic,83.05,1799.3,Electronic check,72.6,72.6,High
3389-YGYAI,Female,1,No,No,8,Month-to-month,Fiber optic,105.5,829.55,Electronic check,92.37,92.37,High
9560-ARGQJ,Female,0,No,Yes,16,Month-to-month,Fiber optic,81.0,1312.15,Electronic check,75.21,75.21,High
8350-NYMVI,Female,0,No,No,39,Month-to-month,DSL,41.1,1597.05,Bank transfer (automatic),30.68,30.68,Medium
1600-DILPE,Female,0,No,No,12,Month-to-month,DSL,45.0,524.35,Bank transfer (automatic),56.93,56.93,Medium
0536-ESJEP,Male,0,Yes,No,54,Two year,DSL,74.55,4191.45,Bank transfer (automatic),4.21,4.21,Low
4654-GGUII,Female,0,No,No,18,One year,DSL,40.2,711.95,Mailed check,2.9,2.9,Low
6478-HRRCZ,Male,0,Yes,No,32,One year,DSL,70.5,2201.75,Mailed check,11.71,11.71,Low
8510-BBWMU,Female,0,No,No,41,One year,No,19.75,806.95,Mailed check,8.96,8.96,Low
6857-TKDJV,Male,0,Yes,Yes,67,Two year,No,24.65,1620.45,Bank transfer (automatic),1.42,1.42,Low
2360-RDGRO,Male,0,Yes,No,65,Month-to-month,Fiber optic,104.25,6812.95,Electronic check,49.88,49.88,Medium
0584-BJQGZ,Female,0,No,No,25,Month-to-month,DSL,78.35,1837.9,Bank transfer (automatic),29.48,29.48,Low
5134-IKDAY,Female,0,Yes,Yes,1,Month-to-month,Fiber optic,69.8,69.8,Electronic check,80.72,80.72,High
1360-XFJMR,Female,0,Yes,No,67,One year,Fiber optic,109.7,7344.45,Credit card (automatic),42.4,42.4,Medium
3070-DVEYC,Male,1,No,No,7,Month-to-month,Fiber optic,73.75,545.15,Mailed check,81.18,81.18,High
5730-RIITO,Female,1,No,No,43,Month-to-month,DSL,33.45,1500.25,Credit card (automatic),43.32,43.32,Medium
9058-MJLZC,Female,0,No,No,24,Month-to-month,Fiber optic,94.6,2283.15,Electronic check,73.89,73.89,High
5707-ORNDZ,Male,1,No,No,9,Month-to-month,DSL,54.55,494.05,Electronic check,58.59,58.59,Medium
0902-XKXPN,Male,0,Yes,Yes,69,Two year,No,20.2,1376.5,Bank transfer (automatic),1.54,1.54,Low
5177-RVZNU,Female,0,No,Yes,37,One year,No,20.3,755.4,Bank transfer (automatic),11.68,11.68,Low
0056-EPFBG,Male,0,Yes,Yes,20,Two year,DSL,39.4,825.4,Credit card (automatic),3.07,3.07,Low
8993-IZEUX,Male,0,No,No,7,Month-to-month,Fiber optic,69.15,488.65,Bank transfer (automatic),63.92,63.92,High
8696-JKZNU,Female,1,No,No,37,Month-to-month,Fiber optic,76.25,2841.55,Electronic check,71.07,71.07,High
5380-AFSSK,Female,0,No,No,5,Month-to-month,Fiber optic,93.9,486.85,Mailed check,91.22,91.22,High
8190-ZTQFB,Male,0,No,No,41,One year,DSL,51.35,2075.1,Electronic check,55.64,55.64,Medium
0931-MHTEM,Female,0,No,No,54,One year,Fiber optic,100.05,5299.65,Credit card (automatic),36.89,36.89,Medium
2055-PDADH,Female,1,No,No,3,Month-to-month,Fiber optic,70.4,204.7,Electronic check,83.42,83.42,High
7515-LODFU,Male,1,No,No,69,Two year,No,20.3,1356.3,Credit card (automatic),3.41,3.41,Low
0440-UEDAI,Female,0,No,No,53,One year,Fiber optic,94.45,5042.75,Credit card (automatic),23.52,23.52,Low
1337-BOZWO,Male,0,Yes,Yes,18,One year,DSL,46.4,812.4,Credit card (automatic),17.46,17.46,Low
0868-VJRDR,Male,0,Yes,No,64,Two year,Fiber optic,104.05,6605.55,Credit card (automatic),10.31,10.31,Low
8714-EUHJO,Female,0,Yes,Yes,31,Month-to-month,Fiber optic,91.15,2995.45,Electronic check,65.2,65.2,High
6344-SFJVH,Female,0,No,No,20,Month-to-month,DSL,24.9,505.95,Credit card (automatic),56.39,56.39,Medium
3950-VPYJB,Male,0,Yes,Yes,57,One year,DSL,59.6,3509.4,Mailed check,4.16,4.16,Low
8041-TMEID,Male,1,Yes,No,63,Two year,Fiber optic,108.5,6991.9,Credit card (automatic),10.05,10.05,Low
7321-ZNSLA,Male,0,Yes,Yes,13,Two year,DSL,40.55,590.35,Mailed check,0.36,0.36,Low
6941-KXRRV,Female,1,Yes,No,48,One year,DSL,58.95,2789.7,Bank transfer (automatic),17.22,17.22,Low
3721-CNEYS,Female,0,No,No,2,Month-to-month,Fiber optic,70.95,137.95,Electronic check,81.02,81.02,High
8727-JQFHV,Male,0,Yes,Yes,57,Two year,No,20.75,1123.15,Mailed check,1.86,1.86,Low
9475-NNDGC,Male,0,Yes,No,71,One year,Fiber optic,113.15,7953.25,Bank transfer (automatic),42.37,42.37,Medium
1355-KUSBG,Female,0,Yes,Yes,7,Month-to-month,DSL,48.8,349.8,Electronic check,59.15,59.15,Medium
3688-FTHLT,Female,0,No,No,16,Month-to-month,DSL,63.05,1067.05,Bank transfer (automatic),60.67,60.67,High
0899-LIIBW,Male,0,Yes,No,34,Month-to-month,Fiber optic,100.85,3527.3,Electronic check,77.75,77.75,High
2568-OIADY,Female,0,Yes,No,37,Month-to-month,Fiber optic,99.5,3762.0,Electronic check,75.96,75.96,High
1384-RCUXW,Male,0,No,No,16,Month-to-month,Fiber optic,80.55,1248.9,Mailed check,76.55,76.55,High
5825-XJOCM,Male,0,No,Yes,48,One year,DSL,64.4,3035.35,Bank transfer (automatic),7.59,7.59,Low
6848-YLDFR,Male,0,Yes,Yes,58,One year,DSL,75.2,4300.8,Credit card (automatic),16.36,16.36,Low
8125-QPFJD,Female,0,Yes,No,72,Two year,DSL,84.9,6065.3,Bank transfer (automatic),2.45,2.45,Low
2320-YKQBO,Female,0,No,No,7,Month-to-month,No,19.3,144.95,Mailed check,47.74,47.74,Medium
1193-RTSLK,Female,0,No,No,38,Month-to-month,Fiber optic,83.9,3233.6,Credit card (automatic),48.88,48.88,Medium
2302-ANTDP,Female,1,Yes,No,48,Month-to-month,Fiber optic,117.45,5438.9,Electronic check,36.25,36.25,Medium
5923-GXUOC,Male,0,No,No,10,Month-to-month,Fiber optic,104.4,1081.45,Electronic check,78.39,78.39,High
4973-RLZVI,Female,0,No,No,30,One year,DSL,74.65,2308.6,Credit card (automatic),36.11,36.11,Medium
7869-ZYDST,Male,0,Yes,No,31,Month-to-month,DSL,59.05,1882.8,Credit card (automatic),47.31,47.31,Medium
4501-UYKBC,Female,1,No,No,46,One year,DSL,69.1,3255.35,Credit card (automatic),23.04,23.04,Low
1215-EXRMO,Male,0,Yes,No,50,Two year,No,20.55,1067.65,Mailed check,2.01,2.01,Low
2305-MRGLV,Male,0,Yes,No,28,Month-to-month,Fiber optic,76.55,2065.4,Bank transfer (automatic),19.95,19.95,Low
8404-VIOMB,Female,0,No,No,66,Two year,DSL,62.5,4136.4,Bank transfer (automatic),2.73,2.73,Low
5233-GEEAX,Male,1,No,No,8,Month-to-month,DSL,29.4,221.9,Electronic check,83.2,83.2,High
2359-KLTEK,Female,0,Yes,Yes,41,Month-to-month,Fiber optic,94.9,3848.0,Bank transfer (automatic),52.26,52.26,Medium
5304-EFJLP,Male,1,Yes,No,72,Two year,Fiber optic,111.65,8022.85,Bank transfer (automatic),9.78,9.78,Low
2673-ZALNP,Female,0,No,No,7,One year,No,19.9,173.15,Mailed check,14.13,14.13,Low
9184-GALIL,Female,0,Yes,Yes,38,Month-to-month,No,20.45,781.25,Mailed check,28.58,28.58,Low
4393-RYCRE,Male,0,No,No,44,One year,Fiber optic,106.05,4510.8,Electronic check,48.7,48.7,Medium
9746-MDMBK,Male,0,Yes,Yes,47,One year,Fiber optic,113.45,5317.8,Bank transfer (automatic),23.74,23.74,Low
3162-ZJZFU,Male,0,Yes,Yes,53,Month-to-month,Fiber optic,92.55,4779.45,Electronic check,41.29,41.29,Medium
8404-GFGCZ,Male,0,Yes,No,4,Month-to-month,DSL,65.6,250.1,Electronic check,71.41,71.41,High
8875-AKBYH,Male,1,No,No,20,Month-to-month,Fiber optic,84.35,1745.2,Electronic check,79.65,79.65,High
4432-ADRLB,Male,0,No,No,2,Month-to-month,DSL,44.65,74.9,Mailed check,66.19,66.19,High
0533-UCAAU,Male,1,Yes,No,57,One year,DSL,71.1,4140.1,Credit card (automatic),20.85,20.85,Low
1394-SUIUH,Female,1,Yes,No,44,Month-to-month,Fiber optic,85.15,3670.5,Electronic check,38.9,38.9,Medium
3521-MNKLV,Male,0,No,No,24,Month-to-month,DSL,49.7,1167.8,Mailed check,45.74,45.74,Medium
2533-TIBIX,Male,0,Yes,Yes,15,Month-to-month,DSL,30.2,469.65,Bank transfer (automatic),53.5,53.5,Medium
8993-PHFWD,Female,0,No,No,3,Month-to-month,DSL,25.25,58.9,Electronic check,74.95,74.95,High
1565-RHDJD,Female,0,No,Yes,4,Month-to-month,Fiber optic,84.05,333.55,Bank transfer (automatic),73.25,73.25,High
7137-RYLPP,Male,1,Yes,No,37,Month-to-month,Fiber optic,85.7,3171.15,Electronic check,72.49,72.49,High
3765-JXVKY,Female,0,No,No,1,Month-to-month,Fiber optic,74.7,74.7,Electronic check,80.85,80.85,High
5092-STPKP,Female,0,No,No,24,Month-to-month,DSL,56.35,1381.2,Credit card (automatic),51.33,51.33,Medium
7330-WZLNC,Female,0,No,No,5,Month-to-month,Fiber optic,90.8,455.5,Electronic check,86.33,86.33,High
0114-PEGZZ,Female,0,No,No,33,Month-to-month,Fiber optic,107.55,3645.5,Electronic check,66.39,66.39,High
3359-DSRKA,Female,0,Yes,Yes,58,Two year,No,19.85,1158.85,Mailed check,2.65,2.65,Low
8639-NHQEI,Female,0,Yes,Yes,72,Two year,Fiber optic,95.9,6954.15,Bank transfer (automatic),3.34,3.34,Low
7161-DFHUF,Female,0,Yes,No,71,Two year,No,23.85,1672.1,Mailed check,1.45,1.45,Low
3957-LXOLK,Female,1,No,No,28,Month-to-month,Fiber optic,106.15,3152.5,Electronic check,82.18,82.18,High
3720-DBRWL,Male,0,Yes,No,51,Two year,DSL,83.85,4307.1,Credit card (automatic),6.89,6.89,Low
6635-MYYYZ,Female,0,No,No,30,One year,DSL,85.35,2530.4,Bank transfer (automatic),36.56,36.56,Medium
8565-WUXZU,Male,1,Yes,No,72,Two year,Fiber optic,84.8,6141.65,Credit card (automatic),3.7,3.7,Low
5281-BUZGT,Male,1,No,No,36,Month-to-month,Fiber optic,90.85,3186.7,Electronic check,64.86,64.86,High
4994-OBRSZ,Male,0,No,Yes,14,Two year,DSL,76.1,1054.8,Bank transfer (automatic),2.58,2.58,Low
0562-FGDCR,Female,0,Yes,Yes,72,Two year,DSL,74.55,5430.65,Mailed check,0.7,0.7,Low
2436-QBZFP,Female,0,Yes,Yes,22,Month-to-month,DSL,39.2,849.9,Electronic check,53.96,53.96,Medium
3420-YJLQT,Female,0,No,No,2,Month-to-month,Fiber optic,79.55,151.75,Electronic check,81.31,81.31,High
6040-CGACY,Female,0,No,No,15,Month-to-month,No,19.6,299.4,Mailed check,45.45,45.45,Medium
6582-PLFUU,Male,0,Yes,Yes,51,Two year,No,19.55,1086.75,Credit card (automatic),1.85,1.85,Low
8242-PDSGJ,Male,0,Yes,No,70,Two year,DSL,39.15,2692.75,Credit card (automatic),2.15,2.15,Low
0264-CNITK,Female,0,Yes,Yes,71,Two year,No,20.1,1389.6,Bank transfer (automatic),2.4,2.4,Low
0089-IIQKO,Female,0,Yes,Yes,39,Month-to-month,Fiber optic,99.95,3767.4,Credit card (automatic),57.03,57.03,Medium
7839-NUIAA,Female,0,Yes,Yes,61,Month-to-month,DSL,59.8,3641.5,Electronic check,18.63,18.63,Low
6075-QMNRR,Female,0,No,No,52,Month-to-month,DSL,49.75,2535.55,Bank transfer (automatic),24.07,24.07,Low
5378-IKEEG,Female,0,No,No,1,Month-to-month,DSL,35.75,35.75,Electronic check,85.42,85.42,High
5966-EMAZU,Male,0,Yes,No,64,One year,Fiber optic,108.5,6880.85,Mailed check,20.75,20.75,Low
0440-EKDCF,Male,0,Yes,No,62,Two year,DSL,60.15,3753.2,Credit card (automatic),3.55,3.55,Low
4774-HHGGS,Male,0,Yes,No,30,Two year,No,19.05,637.55,Mailed check,2.09,2.09,Low
2718-GAXQD,Female,1,Yes,Yes,4,Month-to-month,DSL,46.0,181.6,Electronic check,68.68,68.68,High
2055-BFOCC,Male,1,Yes,No,63,One year,DSL,84.0,5329.55,Bank transfer (automatic),18.36,18.36,Low
8180-AKMJV,Female,0,No,No,1,Month-to-month,DSL,44.55,44.55,Credit card (automatic),60.88,60.88,High
4298-OYIFC,Male,0,Yes,No,15,Month-to-month,Fiber optic,103.45,1539.8,Electronic check,81.03,81.03,High
5566-SOEZD,Male,0,Yes,Yes,27,One year,Fiber optic,80.65,2209.75,Credit card (automatic),12.27,12.27,Low
9842-EFSYY,Female,0,No,Yes,4,Month-to-month,DSL,57.2,223.75,Mailed check,62.69,62.69,High
2272-WUSPA,Female,0,Yes,No,72,Two year,Fiber optic,110.75,7751.7,Electronic check,19.36,19.36,Low
4584-LBNMK,Male,1,Yes,No,45,One year,No,24.7,1174.35,Credit card (automatic),13.53,13.53,Low
3898-GUYTS,Female,1,No,No,45,Month-to-month,Fiber optic,97.05,4385.05,Electronic check,32.62,32.62,Medium
0930-EHUZA,Female,0,No,No,36,One year,DSL,76.35,2606.35,Mailed check,12.74,12.74,Low
6413-XKKPU,Male,0,Yes,Yes,17,Month-to-month,Fiber optic,89.4,1539.45,Electronic check,69.56,69.56,High
9975-SKRNR,Male,0,No,No,1,Month-to-month,No,18.9,18.9,Mailed check,46.05,46.05,Medium
3703-KBKZP,Male,1,No,No,16,Month-to-month,Fiber optic,74.45,1261.35,Bank transfer (automatic),72.93,72.93,High
1449-XQEMT,Male,0,No,No,3,Month-to-month,No,19.8,58.15,Mailed check,51.86,51.86,Medium
2626-URJFX,Male,0,Yes,Yes,4,Month-to-month,DSL,50.9,225.6,Electronic check,66.46,66.46,High
4973-MGTON,Female,0,Yes,No,71,Two year,DSL,84.4,5969.3,Credit card (automatic),5.68,5.68,Low
3682-YEUWS,Male,0,Yes,Yes,10,Month-to-month,No,24.4,253.9,Mailed check,41.24,41.24,Medium
1223-UNPKS,Male,0,Yes,Yes,20,Two year,No,20.05,400.0,Mailed check,1.96,1.96,Low
2612-RRIDN,Male,0,No,No,4,Month-to-month,Fiber optic,81.0,340.85,Electronic check,83.6,83.6,High
4735-ASGMA,Male,0,No,No,26,Month-to-month,Fiber optic,98.35,2515.3,Electronic check,82.33,82.33,High
3446-QDSZF,Female,0,No,No,4,Month-to-month,DSL,55.5,227.35,Credit card (automatic),60.2,60.2,High
3669-LVWZB,Male,0,No,No,5,Month-to-month,DSL,51.0,305.95,Mailed check,81.46,81.46,High
6892-EZDTG,Female,0,Yes,No,4,Month-to-month,Fiber optic,91.65,365.4,Electronic check,88.2,88.2,High
5117-IFGPS,Male,1,Yes,No,29,Month-to-month,Fiber optic,84.3,2357.75,Electronic check,75.76,75.76,High
7379-FNIUJ,Male,0,No,No,2,Month-to-month,Fiber optic,100.2,198.5,Electronic check,72.66,72.66,High
1627-AFWVJ,Female,0,No,No,29,Two year,No,19.4,554.25,Mailed check,5.16,5.16,Low
9725-SCPZG,Male,0,No,Yes,1,Month-to-month,Fiber optic,90.85,90.85,Electronic check,88.84,88.84,High
5884-GCYMI,Male,0,No,No,1,Month-to-month,Fiber optic,69.4,69.4,Mailed check,75.7,75.7,High
3217-FZDMN,Female,1,No,No,8,Month-to-month,Fiber optic,94.45,742.95,Credit card (automatic),83.67,83.67,High
4486-EFAEB,Male,0,No,No,13,Month-to-month,No,20.4,251.65,Electronic check,47.65,47.65,Medium
0060-FUALY,Female,0,Yes,No,59,Month-to-month,Fiber optic,94.75,5597.65,Electronic check,41.59,41.59,Medium
7853-GVUDZ,Female,0,Yes,Yes,1,Month-to-month,No,20.15,20.15,Credit card (automatic),46.48,46.48,Medium
7480-QNVZJ,Male,1,No,No,50,Month-to-month,Fiber optic,95.7,4816.7,Electronic check,71.77,71.77,High
6954-OOYZZ,Male,0,Yes,No,18,Month-to-month,DSL,44.35,768.05,Bank transfer (automatic),50.21,50.21,Medium
7088-FBAWU,Female,0,Yes,Yes,17,Month-to-month,DSL,74.55,1215.8,Mailed check,33.76,33.76,Medium
8313-AFGBW,Male,0,Yes,No,47,Two year,DSL,73.6,3522.65,Electronic check,6.37,6.37,Low
3943-KDREE,Female,0,No,No,26,Month-to-month,Fiber optic,74.95,1834.95,Bank transfer (automatic),69.34,69.34,High
9239-ZBZZV,Female,0,No,No,6,Month-to-month,DSL,47.95,305.1,Electronic check,86.99,86.99,High
3097-IDVPU,Male,0,Yes,Yes,19,Month-to-month,DSL,50.1,910.45,Credit card (automatic),43.06,43.06,Medium
4398-HSCJH,Female,0,No,No,3,Month-to-month,DSL,63.6,155.65,Electronic check,66.72,66.72,High
2197-OMWGI,Female,1,Yes,Yes,68,Two year,DSL,53.0,3656.25,Electronic check,19.66,19.66,Low
2303-PJYHN,Female,0,Yes,No,2,Month-to-month,No,19.85,52.0,Bank transfer (automatic),46.54,46.54,Medium
9795-VOWON,Male,0,No,No,7,One year,DSL,24.35,150.85,Credit card (automatic),26.72,26.72,Low
1237-WIYYZ,Female,0,No,No,18,Month-to-month,No,19.55,389.25,Mailed check,49.23,49.23,Medium
1987-AUELQ,Female,0,Yes,No,71,Two year,No,25.05,1873.7,Credit card (automatic),2.32,2.32,Low
7852-LECYP,Male,1,Yes,No,13,Month-to-month,Fiber optic,93.8,1261.0,Credit card (automatic),63.9,63.9,High
4430-UZIPO,Male,0,No,No,3,Month-to-month,DSL,36.85,108.7,Mailed check,59.34,59.34,Medium
4822-LPTYJ,Male,0,Yes,No,72,Two year,Fiber optic,103.75,7346.2,Bank transfer (automatic),20.95,20.95,Low
8165-CBKXO,Male,0,Yes,Yes,66,Two year,DSL,56.75,3708.4,Credit card (automatic),12.86,12.86,Low
6527-PZFPV,Male,0,Yes,Yes,24,One year,No,20.8,469.65,Credit card (automatic),8.48,8.48,Low
4855-SNKMY,Female,0,No,No,1,Month-to-month,DSL,44.1,44.1,Electronic check,70.89,70.89,High
9593-CVZKR,Female,0,Yes,Yes,56,Two year,No,24.45,1385.85,Mailed check,1.56,1.56,Low
8595-SIZNC,Female,1,Yes,No,22,One year,No,25.6,548.8,Bank transfer (automatic),4.94,4.94,Low
8008-HAWED,Male,0,No,No,14,Month-to-month,DSL,50.75,712.75,Electronic check,86.11,86.11,High
7124-UGSUR,Female,1,Yes,No,61,One year,Fiber optic,104.4,6405.0,Credit card (automatic),40.96,40.96,Medium
1862-SKORY,Female,1,Yes,No,40,Month-to-month,DSL,39.3,1637.4,Electronic check,67.7,67.7,High
5236-XMZJY,Female,0,No,No,42,Month-to-month,DSL,59.65,2536.55,Bank transfer (automatic),34.28,34.28,Medium
4827-DPADN,Female,0,Yes,Yes,72,Two year,DSL,83.3,6042.7,Bank transfer (automatic),2.45,2.45,Low
2694-CIUMO,Female,0,No,No,12,Month-to-month,Fiber optic,79.55,958.25,Credit card (automatic),66.43,66.43,High
5846-ABOBJ,Male,0,Yes,No,71,Two year,No,24.45,1730.65,Bank transfer (automatic),1.34,1.34,Low
1439-LCGVL,Female,0,Yes,No,26,One year,No,19.2,459.6,Mailed check,8.79,8.79,Low
0909-SDHNU,Female,0,No,Yes,7,Month-to-month,DSL,29.8,201.95,Mailed check,42.36,42.36,Medium
4647-XXZAM,Female,0,Yes,Yes,6,Month-to-month,DSL,45.5,285.2,Mailed check,56.95,56.95,Medium
1502-XFCVR,Female,0,No,No,58,One year,Fiber optic,106.45,6145.85,Electronic check,39.29,39.29,Medium
7740-KKCXF,Male,0,Yes,No,51,Month-to-month,DSL,30.05,1529.45,Credit card (automatic),38.06,38.06,Medium
5360-XGYAZ,Male,0,Yes,Yes,72,Two year,DSL,65.65,4664.5,Bank transfer (automatic),1.81,1.81,Low
9692-TUSXH,Female,0,No,No,18,Month-to-month,Fiber optic,96.05,1740.7,Electronic check,77.97,77.97,High
7912-SYRQT,Female,0,No,No,7,Month-to-month,Fiber optic,75.1,552.95,Bank transfer (automatic),81.6,81.6,High
3557-HTYWR,Female,0,No,No,47,Two year,DSL,74.05,3496.3,Mailed check,1.87,1.87,Low
4816-JBHOV,Male,1,No,No,2,Month-to-month,DSL,44.7,93.7,Electronic check,69.89,69.89,High
8920-NAVAY,Male,1,No,No,62,One year,Fiber optic,110.75,7053.35,Bank transfer (automatic),37.56,37.56,Medium
1699-TLDLZ,Female,0,Yes,Yes,16,Two year,No,19.7,301.55,Mailed check,3.7,3.7,Low
5600-PDUJF,Male,0,No,No,6,Month-to-month,DSL,49.5,312.7,Credit card (automatic),48.58,48.58,Medium
8292-TYSPY,Male,0,No,No,19,Month-to-month,DSL,55.0,1046.5,Credit card (automatic),43.91,43.91,Medium
0567-XRHCU,Female,0,Yes,Yes,69,Two year,DSL,43.95,2960.1,Credit card (automatic),12.31,12.31,Low
1867-BDVFH,Male,0,Yes,Yes,11,Month-to-month,Fiber optic,74.35,834.2,Electronic check,77.25,77.25,High
2067-QYTCF,Female,0,Yes,No,64,Month-to-month,Fiber optic,111.15,6953.4,Electronic check,53.14,53.14,Medium
2359-QWQUL,Female,0,Yes,No,39,One year,Fiber optic,104.7,4134.85,Credit card (automatic),46.51,46.51,Medium
9103-TCIHJ,Female,0,No,No,15,Month-to-month,DSL,55.7,899.8,Mailed check,34.61,34.61,Medium
7407-SUJIZ,Male,0,No,No,25,Month-to-month,No,20.6,541.5,Mailed check,41.03,41.03,Medium
9150-KPBJQ,Female,0,No,No,6,Two year,No,19.65,116.85,Credit card (automatic),7.58,7.58,Low
0052-DCKON,Male,0,Yes,No,66,One year,Fiber optic,115.8,7942.15,Bank transfer (automatic),23.89,23.89,Low
3654-ARMGP,Female,0,No,No,61,Two year,DSL,88.65,5321.25,Credit card (automatic),10.82,10.82,Low
9699-UBQFS,Female,1,Yes,No,43,Month-to-month,Fiber optic,94.5,4156.8,Electronic check,55.7,55.7,Medium
9367-TCUYN,Female,0,No,No,12,Month-to-month,No,20.1,223.6,Mailed check,46.6,46.6,Medium
1261-FWTTE,Male,1,No,No,23,Month-to-month,DSL,34.65,768.45,Bank transfer (automatic),73.68,73.68,High
3528-HFRIQ,Male,1,Yes,No,71,Month-to-month,DSL,52.3,3765.05,Bank transfer (automatic),48.42,48.42,Medium
0708-SJDIS,Female,0,No,No,34,Month-to-month,DSL,65.0,2157.5,Mailed check,25.47,25.47,Low
4140-WJAWW,Female,0,No,No,5,Month-to-month,No,19.85,108.05,Credit card (automatic),32.11,32.11,Medium
2073-QBVBI,Female,0,Yes,No,41,One year,DSL,35.45,1391.65,Mailed check,4.22,4.22,Low
6928-ONTRW,Female,0,Yes,Yes,72,Two year,No,19.7,1379.8,Credit card (automatic),1.72,1.72,Low
3320-VEOYC,Male,1,No,No,14,Month-to-month,Fiber optic,95.6,1273.3,Electronic check,88.92,88.92,High
5231-FIQPA,Female,0,No,No,41,Two year,No,19.85,810.45,Mailed check,4.26,4.26,Low
6617-WLBQC,Female,0,Yes,Yes,23,One year,Fiber optic,81.85,1810.85,Credit card (automatic),13.98,13.98,Low
2599-CIPQE,Male,0,Yes,Yes,71,Two year,Fiber optic,109.3,7782.85,Credit card (automatic),4.47,4.47,Low
6653-CBBOM,Female,0,No,No,1,Month-to-month,Fiber optic,70.3,70.3,Electronic check,81.36,81.36,High
8774-GSBUN,Male,0,Yes,No,72,Two year,No,25.4,1797.1,Mailed check,1.31,1.31,Low
7326-RIGQZ,Male,0,Yes,Yes,6,Month-to-month,Fiber optic,69.8,377.85,Electronic check,79.84,79.84,High
1401-FTHFQ,Male,0,Yes,Yes,23,One year,No,20.0,445.3,Credit card (automatic),8.52,8.52,Low
3247-ZVOUO,Male,1,Yes,No,10,Month-to-month,Fiber optic,85.55,851.75,Electronic check,85.3,85.3,High
0254-FNMCI,Female,0,No,No,72,Two year,Fiber optic,109.9,7624.2,Electronic check,13.38,13.38,Low
1848-LBZHY,Female,0,Yes,No,7,Month-to-month,DSL,50.3,355.1,Bank transfer (automatic),56.74,56.74,Medium
6101-IMRMM,Male,0,No,Yes,6,Month-to-month,Fiber optic,94.5,575.45,Mailed check,82.39,82.39,High
8118-TJAFG,Male,0,Yes,Yes,9,Month-to-month,Fiber optic,101.5,906.85,Electronic check,77.31,77.31,High
5429-LWCMV,Female,0,No,No,12,Month-to-month,Fiber optic,89.15,1057.55,Electronic check,86.24,86.24,High
7298-IZWLY,Female,0,No,No,1,Month-to-month,No,19.4,19.4,Mailed check,53.6,53.6,Medium
9758-MFWGD,Female,1,Yes,Yes,48,One year,DSL,29.9,1388.75,Bank transfer (automatic),8.44,8.44,Low
3955-JBZZM,Male,0,No,No,20,Month-to-month,Fiber optic,78.8,1641.3,Electronic check,69.99,69.99,High
1268-ASBGA,Female,1,Yes,No,16,Month-to-month,Fiber optic,85.35,1375.15,Credit card (automatic),78.6,78.6,High
8943-URTMR,Female,0,No,No,2,Month-to-month,Fiber optic,79.65,152.7,Mailed check,83.57,83.57,High
4815-TUMEQ,Female,0,No,No,10,One year,No,19.3,185.2,Mailed check,17.86,17.86,Low
4713-LZDRV,Female,1,No,No,2,Month-to-month,Fiber optic,79.6,195.05,Electronic check,88.0,88.0,High
9909-IDLEK,Male,0,Yes,Yes,20,Month-to-month,Fiber optic,96.8,1826.7,Mailed check,55.02,55.02,Medium
4092-OFQZS,Male,0,Yes,No,20,One year,No,20.65,417.5,Mailed check,8.95,8.95,Low
1561-BWHIN,Male,0,Yes,Yes,19,One year,No,19.8,344.5,Mailed check,7.5,7.5,Low
4325-NFSKC,Male,1,No,No,19,Month-to-month,Fiber optic,90.6,1660.0,Electronic check,72.32,72.32,High
9927-DSWDF,Male,0,Yes,No,22,Month-to-month,Fiber optic,104.6,2180.55,Electronic check,63.53,63.53,High
9500-LTVBP,Female,0,No,No,35,Month-to-month,Fiber optic,80.05,2835.9,Credit card (automatic),47.9,47.9,Medium
7252-NTGSS,Female,0,No,No,1,Month-to-month,DSL,45.15,45.15,Mailed check,65.05,65.05,High
8149-AIQCG,Male,0,No,No,39,Month-to-month,Fiber optic,73.15,2730.85,Credit card (automatic),52.89,52.89,Medium
1360-JYXKQ,Female,1,Yes,No,54,One year,Fiber optic,99.1,5437.1,Electronic check,25.5,25.5,Low
2955-PSXOE,Female,0,No,No,1,Month-to-month,No,20.2,20.2,Bank transfer (automatic),52.85,52.85,Medium
7762-URZQH,Male,0,Yes,No,66,Two year,Fiber optic,106.05,6981.35,Credit card (automatic),24.72,24.72,Low
0899-WZRSD,Male,0,No,No,56,Month-to-month,Fiber optic,105.35,5794.45,Mailed check,20.2,20.2,Low
3255-GRXMG,Male,0,No,Yes,18,Month-to-month,DSL,45.65,747.2,Credit card (automatic),53.79,53.79,Medium
4828-FAZPK,Female,0,Yes,Yes,16,Month-to-month,Fiber optic,79.95,1267.95,Credit card (automatic),72.39,72.39,High
6094-ZIVKX,Female,0,No,No,68,One year,DSL,54.45,3674.95,Credit card (automatic),16.44,16.44,Low
6925-BAYGL,Female,1,Yes,No,53,Two year,No,25.1,1275.6,Credit card (automatic),3.75,3.75,Low
3262-EIDHV,Female,0,Yes,Yes,72,Two year,DSL,84.7,5893.9,Credit card (automatic),5.84,5.84,Low
7354-OIJLX,Male,0,No,No,9,Month-to-month,Fiber optic,75.85,724.65,Electronic check,79.9,79.9,High
1376-HHBDV,Female,0,No,No,30,Month-to-month,DSL,48.8,1536.75,Mailed check,32.51,32.51,Medium
6907-NZZIJ,Female,0,No,No,36,Month-to-month,Fiber optic,99.15,3615.6,Electronic check,72.97,72.97,High
6133-OZILE,Female,0,No,No,18,Month-to-month,DSL,35.2,607.3,Electronic check,55.35,55.35,Medium
4135-FRWKJ,Female,1,Yes,Yes,55,One year,DSL,76.25,4154.55,Electronic check,9.48,9.48,Low
2911-UREFD,Female,0,Yes,No,39,Month-to-month,DSL,55.9,2184.35,Electronic check,46.01,46.01,Medium
3744-ZRRDZ,Male,0,No,No,21,Month-to-month,Fiber optic,82.35,1852.85,Electronic check,73.86,73.86,High
5673-TIYIB,Male,0,No,No,2,Month-to-month,DSL,40.4,77.15,Credit card (automatic),49.03,49.03,Medium
6551-ZCOTS,Male,1,No,No,33,One year,No,24.9,847.8,Bank transfer (automatic),6.38,6.38,Low
7191-ADRGF,Male,0,Yes,No,44,Two year,DSL,54.3,2390.45,Bank transfer (automatic),18.36,18.36,Low
5018-LXQQG,Female,0,Yes,Yes,30,Month-to-month,DSL,66.3,1923.5,Bank transfer (automatic),15.45,15.45,Low
6892-BOGQE,Female,0,Yes,No,71,Two year,No,20.9,1493.2,Bank transfer (automatic),2.87,2.87,Low
1602-IJQQE,Female,0,No,No,4,Month-to-month,Fiber optic,75.35,338.1,Electronic check,81.57,81.57,High
4628-WQCQQ,Male,0,No,Yes,35,One year,Fiber optic,85.15,3030.6,Electronic check,51.6,51.6,Medium
1746-TGTWV,Male,0,Yes,No,1,Month-to-month,Fiber optic,75.35,75.35,Credit card (automatic),64.62,64.62,High
5995-SNNEW,Male,1,Yes,No,23,Month-to-month,Fiber optic,104.45,2184.85,Electronic check,85.22,85.22,High
8050-WYBND,Female,0,No,Yes,22,One year,DSL,49.45,1031.4,Credit card (automatic),32.33,32.33,Medium
2821-WARNZ,Female,0,No,Yes,49,One year,No,19.45,921.3,Credit card (automatic),8.34,8.34,Low
4879-GZLFH,Female,0,Yes,Yes,42,Month-to-month,Fiber optic,92.15,3875.4,Electronic check,52.36,52.36,Medium
1644-IRKSF,Female,0,Yes,Yes,33,One year,Fiber optic,93.8,3124.5,Electronic check,49.66,49.66,Medium
8314-HTWVE,Female,0,Yes,Yes,7,Two year,No,19.85,144.15,Mailed check,4.54,4.54,Low
9402-ROUMJ,Female,0,Yes,Yes,67,One year,Fiber optic,100.25,6689.0,Bank transfer (automatic),10.45,10.45,Low
2507-QZPQS,Male,0,No,No,15,Month-to-month,Fiber optic,95.7,1451.1,Electronic check,63.67,63.67,High
7159-NOKYQ,Male,0,Yes,No,67,Two year,Fiber optic,93.15,6368.2,Electronic check,25.27,25.27,Low
5707-ZMDJP,Male,0,Yes,Yes,53,Two year,DSL,69.7,3729.6,Mailed check,0.65,0.65,Low
8779-YIQQA,Male,0,Yes,Yes,21,One year,No,19.8,350.1,Mailed check,7.35,7.35,Low
7136-IHZJA,Female,0,Yes,Yes,40,Month-to-month,DSL,71.35,2847.2,Mailed check,18.95,18.95,Low
8966-OIQHG,Female,0,Yes,Yes,22,One year,No,20.75,452.35,Bank transfer (automatic),13.82,13.82,Low
7074-STDCN,Male,0,No,No,39,Month-to-month,DSL,40.6,1494.5,Electronic check,46.18,46.18,Medium
3705-PSNGL,Male,0,No,No,45,One year,No,20.4,930.45,Electronic check,12.11,12.11,Low
8739-QOTTN,Female,0,Yes,No,2,Month-to-month,No,20.35,41.85,Mailed check,45.41,45.41,Medium
1399-OUPJN,Female,0,Yes,Yes,57,Two year,No,19.75,1272.05,Bank transfer (automatic),2.86,2.86,Low
0277-BKSQP,Male,0,Yes,Yes,8,Month-to-month,DSL,54.4,475.1,Electronic check,69.43,69.43,High
6502-HCJTI,Male,1,Yes,No,7,Month-to-month,Fiber optic,94.7,673.1,Credit card (automatic),76.58,76.58,High
2606-RMDHZ,Male,0,No,No,6,Month-to-month,DSL,30.5,208.7,Credit card (automatic),64.54,64.54,High
5774-XZTQC,Female,0,Yes,Yes,7,Month-to-month,No,20.45,150.75,Mailed check,41.07,41.07,Medium
2676-SSLTO,Male,0,No,No,49,Two year,DSL,66.15,3199.0,Bank transfer (automatic),1.56,1.56,Low
6266-QHOJZ,Female,0,No,No,65,One year,Fiber optic,89.85,5844.65,Electronic check,12.03,12.03,Low
7269-JISCY,Female,0,No,No,55,One year,DSL,45.05,2462.6,Bank transfer (automatic),14.69,14.69,Low
0363-SVHYR,Male,0,Yes,Yes,71,Two year,DSL,86.85,6263.8,Bank transfer (automatic),1.61,1.61,Low
8547-NSBBO,Male,0,No,No,35,Month-to-month,Fiber optic,96.75,3403.4,Mailed check,16.54,16.54,Low
8258-GSTJK,Male,1,No,No,3,Month-to-month,Fiber optic,77.0,237.75,Electronic check,85.15,85.15,High
6861-OKBCE,Female,0,No,Yes,11,Month-to-month,No,20.1,221.35,Credit card (automatic),32.64,32.64,Medium
9940-RHLFB,Female,0,No,No,1,Month-to-month,Fiber optic,75.3,75.3,Electronic check,75.9,75.9,High
6591-QGOYB,Male,0,No,No,17,Month-to-month,Fiber optic,106.65,1672.1,Bank transfer (automatic),52.85,52.85,Medium
9070-BCKQP,Female,0,Yes,No,72,Two year,Fiber optic,110.15,7881.2,Credit card (automatic),18.66,18.66,Low
6421-SZVEM,Female,0,Yes,Yes,28,One year,Fiber optic,82.85,2320.8,Bank transfer (automatic),20.59,20.59,Low
1328-EUZHC,Female,0,Yes,No,18,Two year,No,20.1,370.5,Mailed check,3.38,3.38,Low
2995-UPRYS,Female,1,Yes,No,40,One year,Fiber optic,99.2,4062.2,Credit card (automatic),48.28,48.28,Medium
8878-RYUKI,Female,0,No,No,52,Month-to-month,DSL,59.45,3043.7,Electronic check,20.22,20.22,Low
9633-DENPU,Female,0,Yes,No,47,Month-to-month,DSL,58.6,2723.4,Bank transfer (automatic),34.56,34.56,Medium
7811-JIVPF,Female,0,No,No,23,Month-to-month,DSL,49.7,1081.25,Credit card (automatic),49.72,49.72,Medium
7113-HIPFI,Male,0,Yes,Yes,66,Two year,DSL,65.85,4097.05,Mailed check,0.55,0.55,Low
8541-QVFKM,Female,0,No,No,8,Month-to-month,Fiber optic,73.5,632.2,Electronic check,83.53,83.53,High
6686-YPGHK,Male,1,No,No,47,Month-to-month,Fiber optic,85.5,4042.3,Mailed check,22.16,22.16,Low
1383-EZRWL,Female,0,No,No,7,Month-to-month,No,20.05,164.85,Mailed check,47.82,47.82,Medium
9258-CNWAC,Female,0,Yes,Yes,71,Two year,Fiber optic,113.65,8166.8,Credit card (automatic),13.18,13.18,Low
5371-VYLSX,Female,1,No,No,50,Month-to-month,Fiber optic,83.4,4113.7,Electronic check,42.2,42.2,Medium
6374-AFWOX,Male,0,Yes,No,46,Two year,DSL,65.65,3047.15,Mailed check,0.64,0.64,Low
4759-TRPLW,Male,0,No,No,1,Month-to-month,Fiber optic,70.4,70.4,Electronic check,78.04,78.04,High
5317-FLPJF,Female,0,No,No,66,Two year,DSL,61.35,4193.4,Bank transfer (automatic),2.95,2.95,Low
7621-VPNET,Female,0,Yes,No,42,Month-to-month,Fiber optic,85.9,3729.75,Credit card (automatic),45.11,45.11,Medium
6034-YMTOB,Female,0,No,No,5,Month-to-month,Fiber optic,75.65,399.45,Mailed check,72.39,72.39,High
8563-IIOXK,Male,0,Yes,Yes,7,One year,DSL,49.75,331.3,Electronic check,28.33,28.33,Low
4903-CNOZC,Male,0,No,No,29,One year,DSL,70.9,1964.6,Credit card (automatic),25.96,25.96,Low
4353-HYOJD,Female,0,Yes,Yes,27,Month-to-month,DSL,49.85,1336.15,Mailed check,41.68,41.68,Medium
8020-BWHYL,Female,1,No,No,15,Month-to-month,Fiber optic,75.3,1147.45,Credit card (automatic),67.7,67.7,High
7267-FRMJW,Female,0,Yes,Yes,25,Two year,No,20.1,486.05,Mailed check,3.15,3.15,Low
2982-VPSGI,Female,0,Yes,No,11,Month-to-month,Fiber optic,94.0,1078.9,Electronic check,90.03,90.03,High
4188-FRABG,Male,0,Yes,No,57,Month-to-month,Fiber optic,103.05,5925.75,Electronic check,41.17,41.17,Medium
8199-ZLLSA,Male,0,No,No,67,One year,Fiber optic,118.35,7804.15,Bank transfer (automatic),25.49,25.49,Low
4128-ETESU,Female,1,Yes,No,47,Month-to-month,Fiber optic,99.7,4747.2,Electronic check,56.13,56.13,Medium
0620-DLSLK,Female,0,No,No,13,Month-to-month,Fiber optic,81.9,1028.9,Mailed check,78.25,78.25,High
4625-EWPTF,Male,0,No,No,8,Month-to-month,DSL,30.45,226.45,Electronic check,70.32,70.32,High
5980-NOPLP,Female,0,Yes,No,44,Month-to-month,Fiber optic,96.1,4364.1,Electronic check,69.63,69.63,High
3850-OKINF,Male,0,Yes,Yes,71,One year,DSL,66.2,4692.55,Electronic check,15.23,15.23,Low
6892-XPFPU,Male,1,Yes,No,24,Month-to-month,Fiber optic,104.25,2433.9,Electronic check,84.45,84.45,High
8010-EZLOU,Male,1,No,No,15,Month-to-month,Fiber optic,80.2,1217.25,Electronic check,78.11,78.11,High
1156-ZFYDO,Female,0,No,No,1,Month-to-month,No,19.75,19.75,Electronic check,48.63,48.63,Medium
3295-YVUSR,Male,1,No,No,2,Month-to-month,Fiber optic,72.6,154.3,Mailed check,86.17,86.17,High
8016-NCFVO,Male,1,No,No,55,Month-to-month,Fiber optic,116.5,6382.55,Electronic check,30.68,30.68,Medium
4119-ZYPZY,Male,1,No,No,71,Two year,Fiber optic,106.8,7623.2,Electronic check,19.27,19.27,Low
5549-ZGHFB,Male,0,Yes,Yes,50,Two year,No,24.95,1261.45,Mailed check,1.23,1.23,Low
7577-SWIFR,Male,0,No,No,1,Month-to-month,Fiber optic,89.25,89.25,Electronic check,89.8,89.8,High
0303-WMMRN,Male,0,No,No,5,Month-to-month,No,19.25,86.05,Mailed check,51.72,51.72,Medium
6408-OTUBZ,Female,0,No,No,66,One year,Fiber optic,104.55,6779.05,Bank transfer (automatic),10.25,10.25,Low
5204-HMGYF,Female,0,Yes,Yes,49,One year,DSL,87.2,4345.0,Mailed check,16.91,16.91,Low
1078-TDCRN,Female,1,Yes,No,3,Month-to-month,DSL,30.75,82.85,Electronic check,85.0,85.0,High
3727-OVPRY,Male,0,Yes,Yes,66,One year,No,25.7,1714.55,Credit card (automatic),7.5,7.5,Low
3797-FKOGQ,Male,0,No,Yes,11,Month-to-month,Fiber optic,86.2,893.2,Electronic check,79.56,79.56,High
7622-NXQZR,Male,0,No,No,28,Month-to-month,DSL,30.1,810.85,Credit card (automatic),38.74,38.74,Medium
6196-HBOBZ,Male,0,Yes,No,65,Two year,Fiber optic,99.35,6347.55,Electronic check,5.79,5.79,Low
3970-XGJDU,Female,0,No,No,62,Two year,No,19.2,1123.65,Credit card (automatic),3.36,3.36,Low
7017-VFULY,Female,0,Yes,No,2,Month-to-month,No,20.1,43.15,Bank transfer (automatic),46.61,46.61,Medium
5562-YJQGT,Female,0,No,No,2,Month-to-month,No,20.35,35.1,Credit card (automatic),32.64,32.64,Medium
8807-OPMBM,Female,0,Yes,Yes,55,Two year,No,25.65,1388.0,Credit card (automatic),5.39,5.39,Low
5439-WIKXB,Male,1,Yes,No,41,Month-to-month,Fiber optic,94.55,3851.45,Electronic check,60.93,60.93,High
9874-QLCLH,Female,0,Yes,Yes,17,Month-to-month,Fiber optic,104.2,1743.5,Electronic check,79.8,79.8,High
8294-UIMBA,Female,0,No,No,30,One year,Fiber optic,94.4,2638.1,Bank transfer (automatic),50.81,50.81,Medium
8109-YUOHE,Male,0,No,No,17,One year,DSL,56.1,946.95,Mailed check,13.96,13.96,Low
5840-NVDCG,Female,0,Yes,Yes,16,Two year,DSL,68.25,1114.85,Bank transfer (automatic),1.95,1.95,Low
8092-NLTGF,Male,0,No,No,72,Two year,No,24.75,1777.6,Bank transfer (automatic),2.66,2.66,Low
5928-QLDHB,Male,0,No,No,9,Month-to-month,Fiber optic,76.25,684.85,Electronic check,80.01,80.01,High
9840-EFJQB,Female,0,No,No,1,Month-to-month,Fiber optic,74.35,74.35,Electronic check,74.61,74.61,High
0696-UKTOX,Male,0,No,Yes,23,Month-to-month,DSL,54.15,1312.45,Electronic check,38.06,38.06,Medium
4801-KFYKL,Male,0,No,Yes,8,Month-to-month,No,19.45,159.2,Bank transfer (automatic),45.12,45.12,Medium
3472-OAOOR,Male,0,Yes,Yes,19,Month-to-month,DSL,34.95,610.2,Mailed check,46.09,46.09,Medium
6135-OZQVA,Female,0,No,No,7,Month-to-month,DSL,53.65,404.35,Electronic check,56.87,56.87,Medium
8062-YBDOE,Male,1,No,No,1,Month-to-month,Fiber optic,69.65,69.65,Electronic check,80.21,80.21,High
2252-JHJGE,Male,0,No,No,61,One year,Fiber optic,104.0,6363.45,Electronic check,34.62,34.62,Medium
4188-PCPIG,Female,0,Yes,No,57,Two year,DSL,70.35,4124.65,Credit card (automatic),3.87,3.87,Low
6000-APYLU,Male,0,No,No,9,Month-to-month,Fiber optic,80.8,713.1,Electronic check,81.79,81.79,High
7105-BENQF,Male,0,No,Yes,15,One year,DSL,64.85,950.75,Mailed check,10.31,10.31,Low
7721-DVEKZ,Female,0,No,No,1,Month-to-month,No,19.65,19.65,Mailed check,48.67,48.67,Medium
3566-VVORZ,Female,0,Yes,No,12,Month-to-month,DSL,45.9,505.95,Bank transfer (automatic),53.37,53.37,Medium
9507-HSMMZ,Male,0,No,No,54,Two year,No,20.0,1149.65,Mailed check,3.58,3.58,Low
2480-SQIOB,Male,0,Yes,Yes,4,Month-to-month,DSL,44.8,169.65,Electronic check,63.45,63.45,High
0947-IDHRQ,Female,0,No,No,7,Month-to-month,Fiber optic,80.3,526.7,Mailed check,80.89,80.89,High
7813-TKCVO,Female,0,Yes,No,20,One year,No,20.35,393.15,Mailed check,9.03,9.03,Low
0128-MKWSG,Female,0,No,Yes,26,Month-to-month,DSL,45.8,1147.0,Mailed check,20.29,20.29,Low
3672-YITQD,Male,1,Yes,No,36,Month-to-month,Fiber optic,84.1,3021.6,Electronic check,70.07,70.07,High
4350-ZTLPI,Female,0,Yes,No,53,One year,Fiber optic,108.95,5718.2,Bank transfer (automatic),32.3,32.3,Medium
9048-JVYVF,Male,0,No,No,3,Month-to-month,DSL,69.35,191.35,Electronic check,64.52,64.52,High
0361-HJRDX,Female,0,No,No,68,Two year,DSL,64.35,4539.6,Credit card (automatic),7.98,7.98,Low
5727-MYATE,Male,0,Yes,Yes,72,Two year,DSL,90.8,6397.6,Credit card (automatic),6.36,6.36,Low
3823-KYNQY,Male,0,No,No,12,One year,No,24.95,280.4,Credit card (automatic),15.26,15.26,Low
8988-ECPJR,Female,1,Yes,Yes,34,Month-to-month,Fiber optic,79.6,2718.3,Mailed check,66.78,66.78,High
7570-WELNY,Female,0,Yes,No,68,Two year,Fiber optic,84.7,5711.05,Bank transfer (automatic),2.09,2.09,Low
3021-VLNRJ,Female,0,No,Yes,50,One year,DSL,70.8,3478.15,Credit card (automatic),23.79,23.79,Low
3776-EKTKM,Female,1,No,No,1,Month-to-month,DSL,36.45,36.45,Electronic check,88.63,88.63,High
2080-CAZNM,Female,1,No,No,41,Month-to-month,Fiber optic,104.4,4133.95,Electronic check,72.47,72.47,High
1028-FFNJK,Male,1,Yes,No,30,Month-to-month,Fiber optic,101.5,2917.65,Electronic check,74.93,74.93,High
6907-FLBER,Male,0,No,No,1,Month-to-month,DSL,54.3,54.3,Electronic check,68.55,68.55,High
3001-UNBTL,Male,1,Yes,Yes,29,Month-to-month,Fiber optic,103.95,2964.8,Electronic check,79.38,79.38,High
5982-PSMKW,Female,0,Yes,Yes,23,Two year,DSL,91.1,2198.3,Credit card (automatic),6.82,6.82,Low
3507-GASNP,Male,0,No,Yes,60,Two year,No,19.95,1189.9,Mailed check,2.95,2.95,Low
7096-ZNBZI,Female,0,Yes,No,72,Two year,No,26.45,1914.5,Credit card (automatic),2.3,2.3,Low
1902-XBTFB,Male,0,No,Yes,22,Month-to-month,Fiber optic,89.4,2001.5,Electronic check,70.03,70.03,High
1676-MQAOA,Male,0,No,No,72,Two year,DSL,75.1,5336.35,Bank transfer (automatic),1.67,1.67,Low
0786-IVLAW,Female,1,No,No,66,One year,Fiber optic,108.1,7238.6,Bank transfer (automatic),30.23,30.23,Medium
7566-DSRLQ,Female,0,Yes,No,72,Two year,Fiber optic,110.15,7998.8,Electronic check,22.02,22.02,Low
0643-OKLRP,Female,1,Yes,No,47,Month-to-month,Fiber optic,80.35,3825.85,Electronic check,35.03,35.03,Medium
7245-JMTTQ,Female,0,No,No,51,One year,Fiber optic,111.5,5703.25,Electronic check,51.61,51.61,Medium
6050-IJRHS,Female,0,Yes,Yes,70,One year,Fiber optic,106.5,7397.0,Electronic check,43.63,43.63,Medium
6202-JVYEU,Male,0,No,No,9,One year,No,19.9,164.6,Electronic check,22.87,22.87,Low
8591-TKMZH,Male,0,Yes,Yes,59,Two year,Fiber optic,111.1,6555.2,Mailed check,2.49,2.49,Low
0734-OXWBT,Male,0,No,Yes,3,Month-to-month,DSL,70.7,225.65,Mailed check,39.58,39.58,Medium
4282-ACRXS,Male,1,Yes,No,38,Month-to-month,DSL,24.85,955.75,Electronic check,70.19,70.19,High
0365-TRTPY,Female,0,No,No,37,Month-to-month,Fiber optic,91.2,3382.3,Bank transfer (automatic),30.07,30.07,Medium
7349-ALMUX,Male,0,No,No,37,Two year,DSL,65.6,2313.8,Bank transfer (automatic),0.97,0.97,Low
9381-NDKME,Female,1,Yes,No,24,Month-to-month,DSL,40.65,933.3,Credit card (automatic),69.83,69.83,High
6502-KUGLL,Female,0,Yes,Yes,14,Month-to-month,DSL,59.45,780.85,Bank transfer (automatic),42.71,42.71,Medium
1841-YSJGV,Male,0,Yes,No,72,Two year,Fiber optic,109.95,7852.4,Credit card (automatic),9.93,9.93,Low
2794-XIMMO,Male,0,Yes,No,53,One year,DSL,60.45,3184.25,Electronic check,38.57,38.57,Medium
8382-SHQEH,Female,0,Yes,No,8,Month-to-month,Fiber optic,84.9,764.95,Electronic check,88.55,88.55,High
3511-BFTJW,Male,0,Yes,Yes,72,Two year,DSL,38.5,2763.0,Credit card (automatic),2.88,2.88,Low
7668-XCFYV,Female,1,Yes,No,17,Month-to-month,Fiber optic,92.55,1614.7,Electronic check,89.93,89.93,High
2983-ZANRP,Female,0,Yes,Yes,2,Month-to-month,Fiber optic,73.55,145.4,Bank transfer (automatic),78.89,78.89,High
7845-URHJN,Female,0,Yes,No,8,Month-to-month,No,20.15,156.25,Bank transfer (automatic),45.11,45.11,Medium
3034-ZBEQN,Female,0,Yes,No,48,One year,DSL,34.7,1604.5,Mailed check,9.85,9.85,Low
5018-HEKFO,Female,0,No,No,10,Month-to-month,No,24.5,270.15,Mailed check,45.92,45.92,Medium
2923-ARZLG,Male,0,Yes,Yes,0,One year,No,19.7,0.0,Mailed check,9.12,9.12,Low
3976-NLDEZ,Male,0,No,No,1,Month-to-month,No,20.6,20.6,Mailed check,46.27,46.27,Medium
2282-YGNOR,Female,0,No,No,29,One year,DSL,58.0,1734.5,Credit card (automatic),17.85,17.85,Low
5336-UFNZP,Female,1,Yes,Yes,65,One year,Fiber optic,107.45,7047.5,Electronic check,37.49,37.49,Medium
6854-EXGSF,Female,0,No,No,8,Month-to-month,DSL,65.5,573.15,Bank transfer (automatic),47.27,47.27,Medium
1241-EZFMJ,Male,0,Yes,No,61,Two year,No,25.45,1538.6,Bank transfer (automatic),1.36,1.36,Low
9233-PSYHO,Female,1,No,No,45,One year,Fiber optic,100.15,4459.8,Bank transfer (automatic),52.81,52.81,Medium
5376-PCKNB,Male,0,Yes,Yes,72,One year,Fiber optic,104.45,7459.0,Credit card (automatic),39.85,39.85,Medium
8044-BGWPI,Male,0,Yes,Yes,12,Month-to-month,No,21.15,306.05,Electronic check,51.34,51.34,Medium
4060-LDNLU,Male,0,No,No,7,Month-to-month,Fiber optic,96.2,639.7,Electronic check,87.17,87.17,High
3589-PPVKW,Male,0,No,No,9,Month-to-month,DSL,44.4,348.15,Mailed check,60.58,60.58,High
8327-LZKAS,Female,1,Yes,No,43,One year,Fiber optic,107.55,4533.9,Electronic check,56.69,56.69,Medium
5887-IKKYO,Male,0,Yes,Yes,58,Two year,Fiber optic,94.35,5563.65,Bank transfer (automatic),4.93,4.93,Low
1075-BGWOH,Male,1,Yes,No,16,Month-to-month,Fiber optic,98.75,1587.55,Electronic check,89.17,89.17,High
1755-RMCXH,Male,0,Yes,Yes,2,Month-to-month,No,20.3,40.25,Mailed check,37.47,37.47,Medium
0302-JOIVN,Female,0,Yes,No,8,Month-to-month,Fiber optic,101.15,842.9,Electronic check,80.07,80.07,High
3858-XHYJO,Female,0,Yes,No,40,One year,Fiber optic,105.75,4228.55,Bank transfer (automatic),32.83,32.83,Medium
4299-SIMNS,Male,0,No,No,9,Month-to-month,Fiber optic,81.15,784.45,Electronic check,73.3,73.3,High
7025-IWFHT,Male,0,No,No,41,One year,Fiber optic,89.55,3729.75,Electronic check,38.63,38.63,Medium
6261-LHRTG,Female,0,No,No,26,Month-to-month,DSL,54.75,1406.9,Credit card (automatic),46.59,46.59,Medium
7841-FCRQD,Female,0,Yes,No,33,One year,DSL,53.75,1857.3,Credit card (automatic),14.97,14.97,Low
2056-EVGZL,Male,0,Yes,Yes,68,One year,Fiber optic,105.75,7322.5,Credit card (automatic),29.19,29.19,Low
8777-MBMTS,Female,1,Yes,No,65,Two year,Fiber optic,105.85,6725.5,Credit card (automatic),10.98,10.98,Low
7753-USQYQ,Male,0,No,No,55,One year,DSL,64.2,3627.3,Electronic check,30.83,30.83,Medium
5366-IJEQJ,Male,0,No,No,20,Month-to-month,Fiber optic,88.7,1761.45,Electronic check,78.08,78.08,High
7661-CPURM,Male,0,No,No,19,One year,Fiber optic,87.7,1725.95,Credit card (automatic),29.59,29.59,Low
6233-HXJMX,Female,0,No,No,45,Month-to-month,Fiber optic,89.3,4192.15,Credit card (automatic),49.06,49.06,Medium
5902-WBLSE,Female,0,Yes,Yes,70,Two year,No,20.15,1411.2,Credit card (automatic),2.56,2.56,Low
1981-INRFU,Female,0,No,No,2,Month-to-month,Fiber optic,79.75,164.5,Electronic check,84.61,84.61,High
4971-PUYQO,Female,0,No,No,27,Month-to-month,Fiber optic,94.55,2724.6,Mailed check,81.11,81.11,High
3239-TPHPZ,Female,0,Yes,No,12,Two year,No,20.05,264.55,Electronic check,9.96,9.96,Low
5115-GZDEL,Male,0,No,Yes,72,Two year,DSL,67.2,4671.7,Credit card (automatic),8.88,8.88,Low
3338-CVVEH,Male,0,No,No,12,Month-to-month,Fiber optic,94.55,1173.55,Electronic check,84.5,84.5,High
8485-GJCDN,Female,1,No,No,5,Month-to-month,Fiber optic,69.05,318.5,Mailed check,83.14,83.14,High
2615-YVMYX,Male,1,Yes,No,71,Month-to-month,Fiber optic,107.5,7713.55,Electronic check,36.31,36.31,Medium
2851-STERV,Male,1,No,No,35,One year,DSL,73.0,2471.25,Electronic check,43.05,43.05,Medium
4393-GEADV,Male,0,Yes,Yes,70,Two year,Fiber optic,114.75,7842.3,Credit card (automatic),8.28,8.28,Low
8486-AYEQH,Female,0,No,No,31,Month-to-month,Fiber optic,76.05,2227.8,Electronic check,71.08,71.08,High
1527-SXDPN,Male,0,Yes,Yes,52,Two year,Fiber optic,96.25,4990.25,Bank transfer (automatic),11.05,11.05,Low
6029-WTIPC,Male,1,No,No,37,Month-to-month,Fiber optic,101.1,3744.05,Electronic check,76.99,76.99,High
8634-CILSZ,Male,0,No,No,69,One year,Fiber optic,104.7,7220.35,Bank transfer (automatic),41.31,41.31,Medium
5419-JKZNQ,Male,1,Yes,No,30,Month-to-month,Fiber optic,77.9,2351.45,Mailed check,63.15,63.15,High
2495-KZNFB,Female,0,No,No,33,Month-to-month,Fiber optic,90.65,2989.6,Electronic check,69.39,69.39,High
1409-PHXTF,Male,1,Yes,No,54,Two year,Fiber optic,110.45,6077.75,Electronic check,21.2,21.2,Low
4560-WQAQW,Female,0,No,No,59,One year,DSL,68.7,4070.95,Bank transfer (automatic),4.7,4.7,Low
9591-YVTEB,Male,1,No,No,55,Month-to-month,DSL,44.85,2479.05,Electronic check,35.64,35.64,Medium
9309-BZGNT,Male,1,Yes,No,69,One year,DSL,29.8,2134.3,Credit card (automatic),14.34,14.34,Low
4274-DRSQT,Female,0,No,No,66,One year,Fiber optic,88.9,6000.1,Bank transfer (automatic),26.71,26.71,Low
2027-DNKIV,Male,0,Yes,Yes,37,One year,DSL,58.75,2203.1,Mailed check,2.9,2.9,Low
8075-GXIUB,Male,1,Yes,No,9,One year,No,19.85,183.15,Credit card (automatic),16.77,16.77,Low
2885-HIJDH,Male,0,Yes,Yes,69,Two year,DSL,86.9,6194.1,Bank transfer (automatic),1.17,1.17,Low
5424-RLQLC,Male,0,No,No,10,Month-to-month,DSL,59.65,638.95,Mailed check,58.14,58.14,Medium
6682-QJDGB,Male,0,No,Yes,40,Month-to-month,DSL,55.25,2139.2,Mailed check,29.73,29.73,Low
6507-DTJZV,Male,0,No,Yes,13,Month-to-month,DSL,66.4,831.75,Credit card (automatic),31.87,31.87,Medium
8780-IXSTS,Female,0,No,No,6,Month-to-month,Fiber optic,90.1,521.3,Electronic check,85.93,85.93,High
7673-BQGKU,Female,0,Yes,Yes,69,Two year,No,20.15,1337.5,Bank transfer (automatic),2.48,2.48,Low
6723-WSNTY,Female,1,Yes,No,66,One year,Fiber optic,108.1,7181.95,Credit card (automatic),43.75,43.75,Medium
9530-EHPOH,Male,0,No,No,11,Month-to-month,DSL,53.75,608.0,Electronic check,66.53,66.53,High
2725-IWWBA,Male,0,Yes,Yes,46,One year,DSL,56.9,2560.1,Mailed check,3.36,3.36,Low
0345-HKJVM,Female,0,No,No,6,Month-to-month,Fiber optic,89.3,577.6,Electronic check,82.61,82.61,High
1061-PNTHC,Female,0,Yes,Yes,56,Month-to-month,Fiber optic,109.6,5953.0,Mailed check,17.71,17.71,Low
0394-YONDK,Male,0,Yes,Yes,70,Two year,No,25.15,1790.15,Credit card (automatic),2.36,2.36,Low
6574-MCOEH,Female,0,Yes,Yes,33,One year,DSL,79.15,2531.4,Electronic check,35.27,35.27,Medium
7399-QHBJS,Female,0,Yes,Yes,72,Two year,DSL,66.75,4760.3,Credit card (automatic),2.84,2.84,Low
3049-SOLAY,Female,0,Yes,No,3,Month-to-month,Fiber optic,95.2,292.85,Electronic check,92.84,92.84,High
0997-YTLNY,Female,0,No,Yes,19,Month-to-month,DSL,48.8,953.65,Mailed check,29.73,29.73,Low
3317-HRTNN,Female,1,No,No,5,Month-to-month,DSL,45.7,198.0,Electronic check,85.02,85.02,High
9479-HYNYL,Female,0,Yes,No,71,Two year,DSL,80.7,5705.05,Credit card (automatic),4.09,4.09,Low
3235-ETOOB,Male,0,Yes,No,8,Month-to-month,Fiber optic,74.5,609.9,Electronic check,73.15,73.15,High
9708-KFDBY,Male,0,No,No,1,Month-to-month,No,20.55,20.55,Credit card (automatic),28.75,28.75,Low
8058-INTPH,Female,0,No,No,1,Month-to-month,Fiber optic,79.65,79.65,Electronic check,85.03,85.03,High
3642-GKTCT,Female,0,No,No,61,One year,Fiber optic,115.1,6993.65,Mailed check,27.32,27.32,Low
0774-RMNUW,Female,0,Yes,Yes,71,Two year,DSL,59.7,4122.65,Bank transfer (automatic),2.04,2.04,Low
1334-PDUKM,Female,0,Yes,No,68,One year,Fiber optic,86.45,5762.95,Credit card (automatic),20.55,20.55,Low
0756-MPZRL,Male,0,No,No,46,One year,DSL,33.7,1537.85,Credit card (automatic),10.12,10.12,Low
2242-MFOTG,Male,0,No,No,33,One year,Fiber optic,80.1,2603.3,Bank transfer (automatic),5.13,5.13,Low
2927-CVULT,Female,0,Yes,Yes,53,Two year,Fiber optic,104.05,5566.4,Bank transfer (automatic),3.19,3.19,Low
2144-BFDSO,Female,1,Yes,No,50,Month-to-month,Fiber optic,108.75,5431.9,Bank transfer (automatic),33.42,33.42,Medium
8745-PVESG,Female,0,No,No,57,One year,DSL,41.1,2258.25,Credit card (automatic),5.29,5.29,Low
7647-GYYKX,Female,0,Yes,Yes,54,Two year,No,20.35,1092.35,Bank transfer (automatic),3.26,3.26,Low
5647-FXOTP,Female,1,Yes,No,60,Month-to-month,Fiber optic,105.9,6401.25,Electronic check,55.47,55.47,Medium
5569-OUICF,Female,1,Yes,No,28,Month-to-month,Fiber optic,101.3,2812.2,Credit card (automatic),65.58,65.58,High
8821-XNHVZ,Female,0,Yes,Yes,1,Month-to-month,Fiber optic,80.05,80.05,Mailed check,83.69,83.69,High
2082-OJVTK,Male,0,Yes,Yes,29,Month-to-month,Fiber optic,89.2,2698.35,Electronic check,71.25,71.25,High
9700-ISPUP,Female,0,Yes,Yes,10,Month-to-month,DSL,65.5,616.9,Electronic check,54.13,54.13,Medium
9839-ETQOE,Male,0,No,Yes,43,Month-to-month,DSL,40.45,1912.85,Electronic check,36.05,36.05,Medium
6078-VESFR,Male,1,Yes,No,13,Month-to-month,Fiber optic,70.45,849.1,Bank transfer (automatic),68.1,68.1,High
9027-TMATR,Female,0,Yes,No,43,Two year,DSL,78.8,3460.3,Electronic check,8.45,8.45,Low
5940-NFXKV,Male,0,Yes,Yes,19,Month-to-month,Fiber optic,83.65,1465.75,Electronic check,77.43,77.43,High
1941-HOSAM,Male,0,Yes,Yes,1,Month-to-month,Fiber optic,90.1,90.1,Electronic check,89.46,89.46,High
9110-HSGTV,Female,0,No,No,69,Two year,DSL,82.45,5555.3,Credit card (automatic),15.06,15.06,Low
0704-VCUMB,Female,0,Yes,No,61,Two year,No,20.25,1278.8,Credit card (automatic),2.11,2.11,Low
6171-ZTVYB,Male,0,Yes,No,43,Month-to-month,DSL,66.25,2907.35,Bank transfer (automatic),13.49,13.49,Low
8053-WWDRO,Female,0,Yes,No,6,Month-to-month,No,19.5,146.3,Bank transfer (automatic),45.39,45.39,Medium
9564-KCLHR,Male,0,No,No,1,Month-to-month,DSL,51.25,51.25,Mailed check,48.82,48.82,Medium
1935-IMVBB,Male,0,Yes,No,56,Month-to-month,Fiber optic,89.7,4952.95,Mailed check,30.07,30.07,Medium
2535-PBCGC,Female,0,Yes,No,70,Two year,DSL,64.55,4504.9,Bank transfer (automatic),2.26,2.26,Low
2082-CEFLT,Male,0,No,No,1,Month-to-month,DSL,45.6,45.6,Electronic check,70.78,70.78,High
1470-PSXNM,Male,0,Yes,Yes,49,One year,Fiber optic,93.65,4520.15,Electronic check,57.28,57.28,Medium
1213-NGCUN,Female,0,No,No,6,Month-to-month,DSL,49.65,267.35,Bank transfer (automatic),51.83,51.83,Medium
2498-XLDZR,Female,0,Yes,Yes,32,Two year,DSL,73.6,2316.85,Mailed check,2.48,2.48,Low
9866-OCCKE,Female,1,Yes,No,72,Two year,Fiber optic,109.75,8075.35,Mailed check,3.48,3.48,Low
5338-YHWYT,Male,0,No,Yes,37,Two year,DSL,61.45,2302.35,Credit card (automatic),3.28,3.28,Low
7718-UPSKJ,Female,0,Yes,No,69,One year,Fiber optic,106.4,7251.9,Credit card (automatic),36.8,36.8,Medium
8731-WBBMB,Female,0,Yes,No,26,Month-to-month,DSL,81.9,2078.55,Bank transfer (automatic),33.51,33.51,Medium
1448-CYWKC,Female,0,Yes,Yes,58,One year,Fiber optic,105.2,6225.4,Credit card (automatic),38.27,38.27,Medium
7901-IIDQV,Male,0,No,No,24,One year,DSL,54.6,1242.25,Bank transfer (automatic),4.2,4.2,Low
2690-DVRVK,Male,0,Yes,Yes,5,One year,No,20.55,99.45,Electronic check,14.54,14.54,Low
5688-KZTSN,Male,0,Yes,Yes,15,Month-to-month,No,20.0,288.05,Electronic check,50.54,50.54,Medium
1270-XKUCC,Female,0,Yes,Yes,30,Two year,No,19.7,599.25,Mailed check,2.89,2.89,Low
0334-ZFJSR,Female,0,Yes,No,55,One year,DSL,66.05,3462.1,Credit card (automatic),8.67,8.67,Low
2894-QOJRX,Female,0,Yes,No,25,Month-to-month,DSL,34.0,853.0,Bank transfer (automatic),65.68,65.68,High
5747-PMBSQ,Male,1,Yes,No,10,Month-to-month,Fiber optic,92.5,934.1,Mailed check,73.16,73.16,High
5583-EJXRD,Male,0,Yes,Yes,44,Two year,DSL,54.05,2375.2,Credit card (automatic),3.36,3.36,Low
4565-EVZMJ,Female,0,No,No,47,One year,DSL,58.9,2813.05,Mailed check,7.7,7.7,Low
3143-JQEGI,Female,0,Yes,Yes,13,Month-to-month,Fiber optic,88.35,1222.8,Electronic check,68.08,68.08,High
6386-SZZKH,Female,0,Yes,Yes,49,Two year,Fiber optic,107.95,5293.2,Bank transfer (automatic),18.18,18.18,Low
3327-YBAKM,Female,0,Yes,No,64,One year,Fiber optic,96.9,6314.35,Mailed check,16.15,16.15,Low
9441-QHEVC,Male,0,No,No,1,Month-to-month,No,19.1,19.1,Mailed check,46.08,46.08,Medium
6705-LNMDD,Male,0,No,No,20,Month-to-month,DSL,50.0,1003.05,Mailed check,27.34,27.34,Low
2580-ASVVY,Female,0,Yes,No,37,Two year,DSL,45.4,1593.1,Electronic check,1.92,1.92,Low
3370-GQEAL,Male,0,Yes,Yes,30,Month-to-month,Fiber optic,85.45,2509.95,Electronic check,68.92,68.92,High
5032-USPKF,Female,0,No,No,38,One year,DSL,84.1,3187.65,Bank transfer (automatic),20.07,20.07,Low
2982-IHMFT,Female,1,No,No,1,Month-to-month,Fiber optic,74.45,74.45,Mailed check,89.4,89.4,High
3521-SYVOR,Female,0,No,No,37,Month-to-month,DSL,64.75,2345.2,Electronic check,42.12,42.12,Medium
4254-QPEDE,Female,0,Yes,No,52,Two year,DSL,66.25,3330.1,Credit card (automatic),5.39,5.39,Low
6283-GITPX,Male,0,No,Yes,71,Two year,DSL,76.9,5522.7,Credit card (automatic),5.39,5.39,Low
9526-JAWYF,Male,0,No,No,26,Month-to-month,Fiber optic,89.8,2335.3,Electronic check,59.07,59.07,Medium
0771-CHWSK,Male,0,No,No,66,Two year,DSL,74.6,4798.4,Credit card (automatic),12.57,12.57,Low
9788-HNGUT,Male,0,Yes,No,72,Two year,Fiber optic,116.95,8594.4,Credit card (automatic),12.77,12.77,Low
9495-REDIY,Male,0,No,Yes,25,One year,DSL,40.65,970.55,Credit card (automatic),17.25,17.25,Low
5375-XLDOF,Male,0,Yes,Yes,69,Two year,Fiber optic,114.35,7665.8,Bank transfer (automatic),3.11,3.11,Low
1172-VIYBP,Male,0,Yes,Yes,53,Two year,DSL,69.7,3686.05,Bank transfer (automatic),1.64,1.64,Low
5649-VUKMC,Female,0,No,No,12,One year,Fiber optic,95.5,1115.15,Mailed check,66.12,66.12,High
6559-PDZLR,Male,0,No,No,26,Month-to-month,Fiber optic,98.65,2537.0,Electronic check,68.91,68.91,High
8992-OBVDG,Male,0,No,No,21,Month-to-month,DSL,61.65,1393.6,Mailed check,36.47,36.47,Medium
4273-MBHYA,Female,0,No,Yes,1,Month-to-month,Fiber optic,89.35,89.35,Electronic check,87.79,87.79,High
4724-WXVWF,Male,0,No,No,48,Month-to-month,Fiber optic,95.4,4445.3,Electronic check,35.76,35.76,Medium
5701-GUXDC,Female,0,Yes,No,26,One year,DSL,35.4,978.6,Credit card (automatic),11.18,11.18,Low
1460-UZPRJ,Male,0,Yes,No,60,Two year,No,19.95,1258.15,Mailed check,1.93,1.93,Low
6082-GLJIX,Male,0,No,No,18,Month-to-month,No,19.25,331.35,Mailed check,43.71,43.71,Medium
5143-EGQFK,Female,1,No,No,10,Month-to-month,DSL,29.65,291.4,Electronic check,65.97,65.97,High
4919-IKATY,Male,0,Yes,Yes,5,Month-to-month,Fiber optic,84.5,453.75,Electronic check,75.38,75.38,High
2495-TTHBQ,Female,0,No,Yes,4,One year,No,20.4,84.75,Mailed check,21.12,21.12,Low
0485-ZBSLN,Male,0,Yes,Yes,65,Two year,No,24.75,1715.1,Credit card (automatic),2.49,2.49,Low
3810-PJUHR,Male,0,Yes,Yes,70,Two year,No,25.35,1715.15,Mailed check,1.39,1.39,Low
9050-QLROH,Male,0,No,No,18,Month-to-month,Fiber optic,90.7,1597.25,Credit card (automatic),72.74,72.74,High
0847-HGRML,Male,0,No,Yes,62,Two year,No,20.0,1250.1,Bank transfer (automatic),2.76,2.76,Low
8232-CTLKO,Female,0,Yes,Yes,66,Two year,DSL,59.75,3996.8,Electronic check,5.26,5.26,Low
9227-YBAXE,Female,0,Yes,Yes,65,Two year,DSL,82.5,5215.1,Bank transfer (automatic),2.22,2.22,Low
6168-WFVVF,Female,1,No,No,3,Month-to-month,Fiber optic,70.3,235.5,Electronic check,83.31,83.31,High
9860-LISIZ,Female,0,No,No,34,Month-to-month,No,20.35,673.2,Mailed check,37.78,37.78,Medium
0112-QAWRZ,Male,0,Yes,Yes,16,Month-to-month,Fiber optic,90.8,1442.2,Bank transfer (automatic),77.17,77.17,High
0877-SDMBN,Female,0,No,No,54,One year,Fiber optic,103.95,5639.05,Bank transfer (automatic),35.91,35.91,Medium
2786-GCDPI,Female,1,No,No,50,Month-to-month,Fiber optic,104.95,5222.35,Electronic check,57.66,57.66,Medium
4043-MKDTV,Male,0,Yes,No,71,Two year,Fiber optic,105.25,7291.75,Electronic check,10.69,10.69,Low
8065-YKXKD,Female,0,No,No,10,Month-to-month,Fiber optic,74.75,799.65,Electronic check,82.65,82.65,High
9637-EIHEQ,Female,0,No,No,1,Month-to-month,DSL,50.8,50.8,Electronic check,60.57,60.57,High
9229-RQABD,Male,0,No,No,18,One year,No,23.75,424.5,Mailed check,8.72,8.72,Low
8313-KTIHG,Male,0,No,No,4,Month-to-month,DSL,61.3,249.4,Electronic check,63.14,63.14,High
5320-BRKGK,Female,0,Yes,Yes,58,Two year,DSL,75.8,4415.75,Mailed check,0.81,0.81,Low
6284-KMNUF,Female,0,Yes,No,56,One year,Fiber optic,98.0,5270.6,Electronic check,43.15,43.15,Medium
9689-PTNPG,Male,0,No,No,2,Month-to-month,Fiber optic,80.25,144.55,Electronic check,84.31,84.31,High
9465-RWMXL,Male,0,Yes,No,32,Month-to-month,Fiber optic,78.9,2447.95,Electronic check,69.26,69.26,High
6229-UOLQL,Male,0,Yes,Yes,56,One year,DSL,52.0,2884.9,Mailed check,2.75,2.75,Low
2362-IBOOY,Male,0,No,No,36,Month-to-month,Fiber optic,84.75,3050.15,Electronic check,70.41,70.41,High
3137-LUPIX,Female,0,No,No,4,Month-to-month,DSL,64.4,253.0,Mailed check,52.23,52.23,Medium
0843-WTBXE,Male,0,No,No,53,Month-to-month,Fiber optic,85.45,4517.25,Bank transfer (automatic),41.81,41.81,Medium
6143-JQKEA,Male,0,No,No,10,Month-to-month,DSL,45.8,436.2,Credit card (automatic),50.74,50.74,Medium
8676-OOQEJ,Male,0,No,No,4,Month-to-month,DSL,30.5,118.4,Electronic check,62.92,62.92,High
5515-IDEJJ,Male,0,Yes,Yes,1,Month-to-month,No,19.9,19.9,Mailed check,37.32,37.32,Medium
9701-CDXHR,Female,0,Yes,No,51,Month-to-month,Fiber optic,69.15,3649.6,Mailed check,25.08,25.08,Low
7450-NWRTR,Male,1,No,No,12,Month-to-month,Fiber optic,99.45,1200.15,Electronic check,90.27,90.27,High
8124-NZVGJ,Female,0,No,No,6,One year,DSL,49.25,255.6,Mailed check,44.51,44.51,Medium
2162-FRZAA,Male,0,Yes,Yes,63,Two year,DSL,39.35,2395.05,Bank transfer (automatic),1.38,1.38,Low
5376-DEQCP,Female,0,No,No,1,Month-to-month,Fiber optic,70.6,70.6,Electronic check,81.37,81.37,High
5118-MUEYH,Female,0,Yes,No,48,Month-to-month,Fiber optic,105.1,5083.55,Credit card (automatic),54.01,54.01,Medium
9095-HFAFX,Female,0,No,No,5,Month-to-month,Fiber optic,81.0,389.6,Credit card (automatic),75.87,75.87,High
5627-TVBPP,Female,0,No,Yes,35,One year,No,20.1,644.5,Credit card (automatic),11.21,11.21,Low
2379-ENZGV,Male,0,No,No,6,Month-to-month,Fiber optic,84.85,523.5,Electronic check,79.38,79.38,High
3936-QQFLL,Male,0,No,No,2,Month-to-month,No,19.75,39.3,Mailed check,46.17,46.17,Medium
2589-AYCRP,Female,0,No,No,50,One year,No,19.75,989.05,Bank transfer (automatic),9.07,9.07,Low
4067-HLYQI,Female,0,No,No,33,Month-to-month,Fiber optic,70.4,2406.1,Bank transfer (automatic),56.02,56.02,Medium
5124-EOGYE,Male,0,No,No,31,Two year,No,20.45,638.55,Mailed check,4.4,4.4,Low
5057-RKGLH,Female,0,Yes,Yes,9,Two year,No,20.35,191.1,Mailed check,4.32,4.32,Low
0292-WEGCH,Female,0,Yes,Yes,54,Month-to-month,DSL,86.2,4524.05,Electronic check,38.91,38.91,Medium
8910-ICHIU,Female,0,No,No,46,One year,Fiber optic,95.65,4664.2,Credit card (automatic),28.98,28.98,Low
4097-YODCF,Male,0,No,Yes,34,One year,Fiber optic,103.8,3470.8,Electronic check,52.57,52.57,Medium
9715-WZCLW,Male,0,Yes,Yes,71,Two year,Fiber optic,97.2,6910.3,Electronic check,9.95,9.95,Low
9786-YWNHU,Female,0,Yes,Yes,63,Two year,DSL,63.55,4014.2,Mailed check,0.88,0.88,Low
6407-GSJNL,Female,0,No,No,51,Two year,No,24.95,1288.0,Bank transfer (automatic),2.58,2.58,Low
6005-OBZPH,Female,1,No,No,26,Month-to-month,Fiber optic,89.15,2277.65,Electronic check,77.4,77.4,High
4049-ZPALD,Female,0,Yes,No,64,Two year,Fiber optic,99.0,6375.8,Bank transfer (automatic),10.87,10.87,Low
7932-WPTDS,Female,1,Yes,No,1,Month-to-month,DSL,24.8,24.8,Electronic check,86.4,86.4,High
3733-UOCWF,Male,1,Yes,No,61,One year,Fiber optic,85.55,5251.75,Bank transfer (automatic),5.16,5.16,Low
6833-JMZYP,Female,0,No,No,15,Month-to-month,Fiber optic,94.0,1505.45,Credit card (automatic),74.59,74.59,High
2722-VOJQL,Male,0,No,No,64,One year,Fiber optic,105.65,6903.1,Credit card (automatic),49.9,49.9,Medium
1310-QRITU,Female,0,No,No,18,Month-to-month,DSL,50.3,913.3,Electronic check,64.51,64.51,High
8961-QDZZJ,Female,0,Yes,Yes,57,One year,Fiber optic,95.0,5535.8,Electronic check,36.39,36.39,Medium
9715-SBVSU,Male,0,Yes,Yes,14,Two year,DSL,61.4,815.55,Bank transfer (automatic),4.38,4.38,Low
8490-BXHEO,Male,1,No,No,18,Month-to-month,Fiber optic,80.55,1411.65,Credit card (automatic),67.29,67.29,High
7173-TETGO,Female,1,Yes,No,72,Two year,Fiber optic,78.5,5602.25,Bank transfer (automatic),1.14,1.14,Low
7929-SKFGK,Male,0,Yes,No,70,Two year,Fiber optic,114.3,8244.3,Credit card (automatic),9.63,9.63,Low
2300-RQGOI,Female,0,No,No,38,Two year,No,20.05,741.5,Mailed check,4.62,4.62,Low
3563-SVYLG,Male,0,Yes,Yes,68,Two year,DSL,62.65,4375.8,Credit card (automatic),2.13,2.13,Low
5228-EXCET,Male,0,No,No,13,Month-to-month,Fiber optic,80.85,1008.7,Electronic check,79.05,79.05,High
6435-VWCCY,Male,1,Yes,No,65,Two year,Fiber optic,92.7,5968.4,Credit card (automatic),5.82,5.82,Low
4998-IKFSE,Female,0,No,No,30,Month-to-month,Fiber optic,100.45,3096.9,Electronic check,72.86,72.86,High
8630-QSGXK,Male,0,Yes,No,51,Two year,DSL,75.2,3901.25,Bank transfer (automatic),5.4,5.4,Low
2455-USLMV,Female,0,No,No,31,Month-to-month,Fiber optic,84.75,2613.4,Credit card (automatic),54.06,54.06,Medium
7394-FKDNK,Female,0,Yes,No,9,Month-to-month,Fiber optic,89.45,853.1,Electronic check,80.32,80.32,High
9488-FVZCC,Female,0,Yes,Yes,72,Two year,DSL,79.5,5661.7,Bank transfer (automatic),1.79,1.79,Low
6331-LWDTQ,Male,0,No,No,10,Month-to-month,DSL,72.15,794.25,Credit card (automatic),63.1,63.1,High
5995-WWKKG,Female,0,No,No,37,One year,No,19.8,695.05,Electronic check,14.73,14.73,Low
1597-FZREH,Female,0,No,No,2,Month-to-month,DSL,76.4,160.8,Electronic check,60.88,60.88,High
7879-CGSFV,Male,0,No,No,55,One year,Fiber optic,100.9,5552.05,Mailed check,41.57,41.57,Medium
9921-EZKBY,Male,0,No,Yes,33,Month-to-month,Fiber optic,95.3,3275.15,Bank transfer (automatic),40.29,40.29,Medium
7432-FFVAR,Female,0,Yes,Yes,46,One year,Fiber optic,90.95,4236.6,Bank transfer (automatic),14.51,14.51,Low
7246-ZGQDF,Female,0,No,Yes,1,Month-to-month,DSL,54.5,54.5,Electronic check,58.62,58.62,Medium
7000-WCEVQ,Female,1,No,No,20,Month-to-month,DSL,61.6,1174.35,Mailed check,57.87,57.87,Medium
0727-IWKVK,Male,0,Yes,No,9,Month-to-month,Fiber optic,79.9,741.7,Electronic check,76.79,76.79,High
5959-BELXA,Male,1,No,No,32,Month-to-month,Fiber optic,96.15,3019.25,Credit card (automatic),74.64,74.64,High
4456-RHSNB,Female,0,Yes,Yes,19,Month-to-month,DSL,49.6,962.9,Bank transfer (automatic),49.96,49.96,Medium
3512-IZIKN,Female,0,Yes,No,70,Two year,DSL,65.3,4759.75,Credit card (automatic),3.32,3.32,Low
2481-SBOYW,Female,0,No,Yes,61,Two year,No,25.0,1498.35,Credit card (automatic),4.88,4.88,Low
7109-MFBYV,Male,0,No,No,26,Month-to-month,DSL,45.45,1233.15,Electronic check,48.08,48.08,Medium
1833-TCXKK,Male,0,Yes,No,45,Month-to-month,Fiber optic,107.75,4882.8,Bank transfer (automatic),71.06,71.06,High
1832-PEUTS,Male,0,Yes,Yes,62,Two year,Fiber optic,89.1,5411.65,Credit card (automatic),20.43,20.43,Low
6141-OOXUQ,Male,0,No,No,1,Month-to-month,No,19.65,19.65,Mailed check,46.15,46.15,Medium
8660-BUETV,Female,0,No,No,3,Month-to-month,DSL,44.75,148.05,Mailed check,62.66,62.66,High
0580-PIQHM,Female,0,Yes,Yes,41,One year,Fiber optic,101.6,3930.55,Bank transfer (automatic),25.18,25.18,Low
5696-CEIQJ,Male,0,Yes,Yes,67,Two year,Fiber optic,103.15,6895.5,Bank transfer (automatic),6.19,6.19,Low
7503-ZGUZJ,Male,0,No,No,1,Month-to-month,Fiber optic,84.65,84.65,Mailed check,87.77,87.77,High
1696-HXOWK,Female,0,Yes,No,71,One year,Fiber optic,95.65,6856.95,Mailed check,11.88,11.88,Low
3026-ATZYV,Female,0,Yes,Yes,37,One year,DSL,75.1,2658.8,Bank transfer (automatic),21.55,21.55,Low
4012-YCFAI,Male,0,Yes,No,60,Two year,DSL,61.35,3766.2,Mailed check,0.51,0.51,Low
2506-TNFCO,Female,1,Yes,No,1,Month-to-month,Fiber optic,69.55,69.55,Electronic check,84.2,84.2,High
9970-QBCDA,Female,0,No,No,6,Month-to-month,No,19.7,129.55,Credit card (automatic),31.94,31.94,Medium
8718-PTMEZ,Female,0,No,No,13,Month-to-month,DSL,31.05,347.25,Electronic check,74.16,74.16,High
9496-IVVRP,Female,0,Yes,Yes,11,Month-to-month,DSL,51.0,581.7,Bank transfer (automatic),40.81,40.81,Medium
2207-OBZNX,Male,0,No,No,7,Month-to-month,DSL,51.0,354.05,Mailed check,50.23,50.23,Medium
2657-VPXTA,Female,0,Yes,Yes,10,Month-to-month,Fiber optic,88.85,929.45,Electronic check,81.44,81.44,High
6551-VLJMV,Male,0,Yes,No,34,Two year,No,20.05,679.0,Credit card (automatic),2.97,2.97,Low
1221-GHZEP,Female,0,No,No,62,Two year,DSL,65.1,3846.75,Mailed check,2.18,2.18,Low
9289-LBQVU,Male,0,Yes,No,64,One year,DSL,70.15,4480.7,Mailed check,11.63,11.63,Low
6142-VSJQO,Female,0,Yes,Yes,1,Month-to-month,DSL,44.35,44.35,Bank transfer (automatic),63.12,63.12,High
3458-IDMFK,Male,0,No,No,25,Two year,No,20.75,499.4,Mailed check,4.94,4.94,Low
6933-FHBZC,Female,0,No,No,26,One year,DSL,56.05,1553.2,Mailed check,21.9,21.9,Low
0221-NAUXK,Male,0,No,Yes,10,One year,No,19.95,219.5,Bank transfer (automatic),17.84,17.84,Low
9770-KXGQU,Female,0,No,No,53,One year,Fiber optic,98.6,5311.85,Mailed check,14.26,14.26,Low
6437-UKHMV,Female,0,No,No,7,Month-to-month,Fiber optic,79.7,586.05,Electronic check,82.54,82.54,High
6538-POCHL,Male,0,No,No,33,Month-to-month,Fiber optic,79.0,2576.8,Credit card (automatic),49.65,49.65,Medium
6726-NNFWD,Female,1,Yes,No,71,Two year,Fiber optic,89.45,6435.25,Credit card (automatic),5.28,5.28,Low
3002-WQZWT,Female,0,No,No,29,Month-to-month,Fiber optic,74.2,1993.25,Electronic check,72.61,72.61,High
4277-UDIEF,Male,0,Yes,Yes,24,Month-to-month,DSL,81.0,1923.85,Bank transfer (automatic),21.88,21.88,Low
1208-NBVFH,Male,0,Yes,Yes,20,Month-to-month,DSL,49.6,939.8,Electronic check,53.78,53.78,Medium
4912-PIGUY,Female,0,No,No,1,Month-to-month,Fiber optic,84.6,84.6,Electronic check,88.88,88.88,High
1114-CENIM,Male,0,No,Yes,54,Month-to-month,DSL,55.0,3092.65,Credit card (automatic),42.27,42.27,Medium
6060-DRTNL,Female,1,No,No,5,Month-to-month,Fiber optic,84.85,415.55,Mailed check,85.61,85.61,High
2725-TTRIQ,Female,0,Yes,Yes,72,Two year,DSL,84.2,5986.55,Bank transfer (automatic),2.47,2.47,Low
3374-TTZTK,Male,0,Yes,No,52,Two year,Fiber optic,106.3,5487.0,Electronic check,7.35,7.35,Low
8990-ZXLSU,Female,0,No,No,9,Month-to-month,Fiber optic,69.05,651.5,Electronic check,71.75,71.75,High
2275-RBYQS,Female,0,No,No,1,Month-to-month,DSL,45.4,45.4,Mailed check,65.36,65.36,High
8473-VUVJN,Male,1,No,No,1,Month-to-month,Fiber optic,73.65,73.65,Electronic check,86.07,86.07,High
6289-CPNLD,Male,0,Yes,Yes,33,One year,DSL,73.9,2405.05,Mailed check,20.66,20.66,Low
5536-SLHPM,Female,0,Yes,No,55,Month-to-month,Fiber optic,77.75,4458.15,Electronic check,54.84,54.84,Medium
4419-UJMUS,Male,0,Yes,Yes,69,Two year,Fiber optic,99.35,6856.45,Electronic check,17.71,17.71,Low
7794-JASDG,Male,0,No,No,1,Month-to-month,DSL,50.75,50.75,Mailed check,54.23,54.23,Medium
7609-YBPXG,Male,0,No,No,54,Two year,DSL,87.1,4735.2,Bank transfer (automatic),1.9,1.9,Low
5519-TEEUH,Male,0,No,Yes,33,One year,No,20.15,682.15,Mailed check,10.63,10.63,Low
7856-GANIL,Male,1,Yes,No,45,One year,Fiber optic,98.7,4525.8,Bank transfer (automatic),9.17,9.17,Low
0804-XBFBV,Female,0,No,Yes,11,Month-to-month,DSL,25.2,321.05,Electronic check,57.01,57.01,Medium
2676-OXPPQ,Male,0,No,No,6,Month-to-month,DSL,55.7,335.65,Bank transfer (automatic),52.12,52.12,Medium
3703-TTEPD,Male,0,No,No,21,Month-to-month,DSL,65.35,1424.4,Bank transfer (automatic),26.82,26.82,Low
2799-TSLAG,Female,0,Yes,Yes,65,Two year,No,25.3,1748.55,Bank transfer (automatic),1.77,1.77,Low
0196-VULGZ,Female,1,Yes,No,6,Month-to-month,Fiber optic,84.35,474.9,Electronic check,91.76,91.76,High
8837-VVWLQ,Female,0,No,No,8,Month-to-month,Fiber optic,84.95,668.4,Electronic check,69.26,69.26,High
2696-NARTR,Male,0,No,No,11,Month-to-month,Fiber optic,73.85,926.25,Electronic check,68.29,68.29,High
2208-NKVVH,Male,0,Yes,Yes,43,Two year,No,24.25,1077.95,Mailed check,1.22,1.22,Low
7614-QVWQL,Male,0,Yes,Yes,49,One year,DSL,51.8,2541.25,Bank transfer (automatic),37.34,37.34,Medium
1976-CFOCS,Female,1,Yes,No,1,Month-to-month,DSL,46.0,46.0,Electronic check,75.17,75.17,High
4631-OACRM,Male,1,No,No,15,Month-to-month,Fiber optic,79.4,1156.1,Electronic check,76.34,76.34,High
7139-JZFVG,Male,0,Yes,Yes,60,Two year,DSL,60.5,3694.45,Bank transfer (automatic),0.88,0.88,Low
4987-GQWPO,Male,0,No,No,17,Month-to-month,DSL,25.1,382.8,Credit card (automatic),52.86,52.86,Medium
3755-JBMNH,Male,1,Yes,No,16,Month-to-month,Fiber optic,71.8,1167.8,Bank transfer (automatic),67.97,67.97,High
1757-TCATG,Male,0,Yes,Yes,35,One year,No,20.05,746.75,Bank transfer (automatic),8.47,8.47,Low
6345-ULYRW,Male,1,Yes,No,44,One year,Fiber optic,88.4,3912.9,Mailed check,32.91,32.91,Medium
4776-XSKYQ,Female,0,Yes,Yes,12,One year,DSL,30.25,368.85,Credit card (automatic),13.95,13.95,Low
8048-DSDFQ,Male,0,No,No,1,Month-to-month,No,20.2,20.2,Mailed check,46.22,46.22,Medium
5753-QQWPW,Female,0,No,No,28,One year,DSL,59.9,1654.7,Electronic check,15.48,15.48,Low
6010-DDPPW,Male,0,Yes,No,70,Two year,No,25.15,1940.85,Bank transfer (automatic),1.36,1.36,Low
1809-DMJHQ,Female,0,No,Yes,5,Month-to-month,DSL,46.0,221.7,Mailed check,54.57,54.57,Medium
6693-FRIRW,Male,0,No,No,18,Month-to-month,Fiber optic,101.3,1794.65,Credit card (automatic),54.24,54.24,Medium
6586-MYGKD,Male,0,Yes,No,70,Two year,DSL,76.95,5289.8,Credit card (automatic),8.02,8.02,Low
3173-NVMPX,Female,0,Yes,Yes,9,Month-to-month,DSL,55.3,501.2,Mailed check,59.64,59.64,Medium
0248-PGHBZ,Female,1,No,No,67,Two year,Fiber optic,92.45,6140.85,Bank transfer (automatic),3.32,3.32,Low
0623-GDISB,Female,0,No,No,1,Month-to-month,DSL,48.45,48.45,Bank transfer (automatic),55.28,55.28,Medium
2892-GESUL,Female,0,Yes,Yes,18,Two year,No,19.35,309.25,Mailed check,3.57,3.57,Low
6923-EFPNL,Male,0,No,No,4,Month-to-month,DSL,51.75,201.1,Credit card (automatic),50.12,50.12,Medium
7472-EQOAV,Male,1,Yes,Yes,71,One year,Fiber optic,86.7,6179.35,Bank transfer (automatic),8.87,8.87,Low
9574-RKJIF,Male,0,Yes,Yes,30,Month-to-month,Fiber optic,94.4,2838.7,Electronic check,66.11,66.11,High
2043-WVTQJ,Male,0,Yes,No,1,Month-to-month,DSL,55.7,55.7,Mailed check,48.04,48.04,Medium
8034-RYTVV,Female,0,No,No,55,One year,Fiber optic,84.25,4589.85,Credit card (automatic),19.14,19.14,Low
3863-QSTYI,Male,0,No,No,59,Month-to-month,DSL,64.65,3735.45,Electronic check,37.24,37.24,Medium
2619-WFQWU,Female,0,No,No,1,Month-to-month,Fiber optic,70.15,70.15,Mailed check,80.52,80.52,High
5044-LRQAQ,Female,0,Yes,No,7,Month-to-month,Fiber optic,69.2,477.55,Bank transfer (automatic),75.19,75.19,High
1716-LSAMB,Male,0,Yes,Yes,45,Two year,DSL,54.65,2553.7,Bank transfer (automatic),0.26,0.26,Low
1333-PBMXB,Female,0,Yes,Yes,54,One year,No,24.75,1342.15,Bank transfer (automatic),4.51,4.51,Low
6546-OPBBH,Male,0,Yes,Yes,51,One year,No,23.95,1216.35,Mailed check,3.56,3.56,Low
5985-BEHZK,Female,1,Yes,No,72,One year,Fiber optic,105.0,7578.05,Credit card (automatic),28.84,28.84,Low
9127-QRZMH,Male,0,Yes,No,44,One year,DSL,59.85,2603.95,Bank transfer (automatic),4.64,4.64,Low
5919-VCZYM,Male,0,No,No,2,Month-to-month,No,20.05,42.7,Mailed check,46.21,46.21,Medium
9644-KVCNC,Female,0,No,No,66,One year,Fiber optic,92.15,6056.9,Bank transfer (automatic),33.68,33.68,Medium
2137-DQMEV,Male,0,Yes,Yes,68,One year,DSL,44.8,2983.65,Mailed check,7.58,7.58,Low
8174-LNWMW,Female,0,No,No,31,Two year,No,20.9,689.35,Credit card (automatic),4.55,4.55,Low
9279-CJEOJ,Female,1,No,No,21,Month-to-month,Fiber optic,95.4,2025.1,Bank transfer (automatic),86.11,86.11,High
7964-VEXDG,Male,0,No,Yes,21,Month-to-month,Fiber optic,80.35,1747.2,Electronic check,55.98,55.98,Medium
2404-JIBFC,Female,0,Yes,Yes,55,Two year,DSL,85.1,4657.95,Bank transfer (automatic),2.75,2.75,Low
0778-NELLA,Male,0,No,No,9,Month-to-month,DSL,34.7,296.1,Credit card (automatic),74.0,74.0,High
8029-XYPWT,Male,1,Yes,No,71,Two year,Fiber optic,115.05,8016.6,Bank transfer (automatic),2.5,2.5,Low
4614-NUVZD,Female,0,No,No,1,Month-to-month,Fiber optic,81.1,81.1,Electronic check,87.05,87.05,High
4632-PAOYU,Male,0,Yes,Yes,22,One year,No,19.95,433.5,Mailed check,7.34,7.34,Low
3803-KMQFW,Female,0,Yes,Yes,1,Month-to-month,No,20.55,20.55,Mailed check,42.43,42.43,Medium
6804-GDMOI,Female,0,No,No,61,Two year,Fiber optic,106.6,6428.4,Electronic check,40.19,40.19,Medium
2990-OGYTD,Female,0,Yes,No,67,Two year,DSL,86.15,5883.85,Bank transfer (automatic),8.27,8.27,Low
6646-JPPHA,Female,1,No,No,14,Month-to-month,Fiber optic,78.85,1043.8,Electronic check,63.35,63.35,High
9572-MTILT,Male,0,Yes,No,59,Month-to-month,Fiber optic,106.75,6252.9,Electronic check,39.55,39.55,Medium
7658-UYUQS,Male,1,Yes,No,21,Month-to-month,Fiber optic,86.55,1857.25,Bank transfer (automatic),63.02,63.02,High
7880-XSOJX,Male,0,No,No,4,Month-to-month,DSL,42.4,146.4,Mailed check,43.97,43.97,Medium
9611-CTWIH,Female,0,No,No,3,Month-to-month,Fiber optic,89.45,240.45,Electronic check,89.5,89.5,High
4589-IUAJB,Male,0,Yes,No,70,Two year,No,24.25,1724.15,Bank transfer (automatic),1.35,1.35,Low
0329-GTIAJ,Female,0,No,No,3,Month-to-month,Fiber optic,97.9,315.3,Electronic check,78.84,78.84,High
8746-BFOAJ,Male,1,No,No,21,One year,No,20.5,429.55,Bank transfer (automatic),15.88,15.88,Low
8457-XIGKN,Male,0,No,No,20,Month-to-month,No,19.6,356.15,Credit card (automatic),32.44,32.44,Medium
6072-NUQCB,Male,0,Yes,Yes,22,One year,No,20.25,488.25,Bank transfer (automatic),8.94,8.94,Low
6629-CZTTH,Male,0,No,No,1,Month-to-month,DSL,55.7,55.7,Mailed check,66.68,66.68,High
8838-GPHZP,Female,0,No,No,63,Two year,No,20.6,1298.7,Mailed check,3.91,3.91,Low
8750-QWZAJ,Female,0,Yes,Yes,70,Two year,No,19.8,1378.75,Bank transfer (automatic),2.44,2.44,Low
5364-EVNIB,Male,0,No,No,13,Month-to-month,Fiber optic,79.8,973.45,Electronic check,73.43,73.43,High
6918-UMQCG,Female,0,No,No,5,Month-to-month,Fiber optic,80.2,384.25,Electronic check,75.94,75.94,High
0675-NCDYU,Female,0,Yes,Yes,72,Two year,Fiber optic,116.4,8543.25,Credit card (automatic),13.89,13.89,Low
6339-DKLMK,Female,0,No,No,13,Month-to-month,DSL,31.65,389.95,Electronic check,74.02,74.02,High
1346-PJWTK,Male,0,Yes,No,61,Month-to-month,Fiber optic,94.15,5731.85,Credit card (automatic),22.3,22.3,Low
5088-QZLRL,Male,0,No,No,1,Month-to-month,No,20.65,20.65,Electronic check,43.5,43.5,Medium
8023-QHAIO,Female,1,Yes,No,56,Month-to-month,Fiber optic,76.85,4275.75,Bank transfer (automatic),21.99,21.99,Low
4397-FRLTA,Female,0,No,No,4,Month-to-month,No,20.15,84.5,Mailed check,48.33,48.33,Medium
3057-VJJQE,Male,0,No,No,35,Two year,DSL,55.25,1924.1,Mailed check,0.95,0.95,Low
5087-SUURX,Female,0,Yes,No,18,Month-to-month,DSL,39.05,669.85,Electronic check,80.72,80.72,High
2302-OUZXB,Male,0,Yes,No,72,Two year,DSL,82.15,5784.3,Bank transfer (automatic),10.47,10.47,Low
8133-ANHHJ,Female,1,No,No,49,One year,Fiber optic,103.0,5166.2,Bank transfer (automatic),8.05,8.05,Low
2270-CHBFN,Female,0,Yes,No,44,Month-to-month,Fiber optic,95.1,4060.55,Credit card (automatic),40.28,40.28,Medium
0013-EXCHZ,Female,1,Yes,No,3,Month-to-month,Fiber optic,83.9,267.4,Mailed check,81.81,81.81,High
5982-FPVQN,Female,0,Yes,Yes,37,Month-to-month,Fiber optic,95.15,3532.85,Electronic check,62.38,62.38,High
9107-UKCKY,Male,0,Yes,No,61,One year,DSL,79.8,4914.8,Electronic check,37.42,37.42,Medium
4654-ULTTN,Male,0,Yes,No,70,Two year,DSL,74.8,5315.8,Credit card (automatic),7.96,7.96,Low
5550-VFRLC,Female,1,No,No,1,Month-to-month,Fiber optic,69.85,69.85,Electronic check,84.35,84.35,High
5546-BYZSM,Female,0,No,No,41,Month-to-month,No,20.45,775.6,Electronic check,34.76,34.76,Medium
1492-KGETH,Male,0,Yes,Yes,70,One year,DSL,78.35,5445.95,Bank transfer (automatic),8.72,8.72,Low
4929-BSTRX,Female,0,No,No,1,Month-to-month,DSL,53.55,53.55,Mailed check,67.56,67.56,High
4163-HFTUK,Male,0,No,No,51,One year,No,19.1,1007.8,Electronic check,9.07,9.07,Low
8215-NGSPE,Female,0,Yes,Yes,42,Two year,No,20.0,833.55,Mailed check,2.67,2.67,Low
2225-ZRGSG,Female,0,Yes,Yes,70,Two year,Fiber optic,93.9,6579.05,Bank transfer (automatic),0.85,0.85,Low
8859-YSTWS,Male,0,No,No,48,One year,No,19.95,1004.5,Bank transfer (automatic),10.23,10.23,Low
5271-YNWVR,Male,0,Yes,Yes,68,Two year,Fiber optic,113.15,7856.0,Electronic check,6.14,6.14,Low
7601-DHFWZ,Female,0,No,No,48,Two year,No,24.0,1183.05,Credit card (automatic),4.97,4.97,Low
2657-ALMWY,Female,1,Yes,No,26,Month-to-month,Fiber optic,84.95,2169.75,Electronic check,59.34,59.34,Medium
6330-JKLPC,Male,0,Yes,No,11,Month-to-month,Fiber optic,80.5,896.9,Bank transfer (automatic),78.54,78.54,High
4667-OHGKG,Male,0,No,No,1,Month-to-month,No,19.3,19.3,Mailed check,51.8,51.8,Medium
1998-VHJHK,Female,0,No,No,27,One year,No,19.15,501.35,Mailed check,10.81,10.81,Low
1707-HABPF,Female,1,No,No,46,One year,Fiber optic,91.3,4126.35,Bank transfer (automatic),38.28,38.28,Medium
1660-HSOOQ,Male,0,No,No,1,Month-to-month,DSL,49.65,49.65,Mailed check,65.16,65.16,High
7253-UVNDW,Female,0,No,No,46,Two year,DSL,54.35,2460.15,Credit card (automatic),6.66,6.66,Low
0487-VVUVK,Male,0,Yes,Yes,25,Month-to-month,No,19.15,477.6,Mailed check,35.26,35.26,Medium
7228-OMTPN,Male,0,No,No,4,Month-to-month,Fiber optic,88.45,370.65,Electronic check,88.51,88.51,High
5063-IUOKK,Male,0,No,No,13,Two year,No,19.75,265.75,Mailed check,5.78,5.78,Low
4508-OEBEY,Male,0,Yes,No,31,One year,DSL,75.5,2424.45,Credit card (automatic),22.87,22.87,Low
0027-KWYKW,Female,0,Yes,Yes,23,Month-to-month,Fiber optic,83.75,1849.95,Electronic check,75.12,75.12,High
2308-STERM,Female,0,No,No,2,Month-to-month,No,19.4,61.05,Mailed check,48.48,48.48,Medium
5982-XMDEX,Female,0,No,No,65,Two year,No,26.5,1698.55,Bank transfer (automatic),2.49,2.49,Low
6284-AHOOQ,Male,1,No,No,22,Month-to-month,Fiber optic,90.5,1910.6,Bank transfer (automatic),61.84,61.84,High
6051-PTVNS,Female,0,Yes,Yes,55,One year,No,19.15,998.1,Credit card (automatic),5.71,5.71,Low
2344-JMOGN,Male,0,Yes,No,9,Month-to-month,Fiber optic,94.85,890.6,Mailed check,72.54,72.54,High
3799-ISUZQ,Male,0,Yes,Yes,7,Month-to-month,Fiber optic,69.95,529.5,Bank transfer (automatic),73.76,73.76,High
2877-VDUER,Female,0,Yes,Yes,35,One year,DSL,40.9,1383.6,Mailed check,11.2,11.2,Low
9152-AMKAK,Male,0,No,No,6,Two year,DSL,80.25,493.4,Mailed check,9.06,9.06,Low
1794-HBQTJ,Female,0,No,No,1,Month-to-month,DSL,48.6,48.6,Credit card (automatic),58.92,58.92,Medium
9432-VOFYX,Male,0,No,No,17,Month-to-month,Fiber optic,70.8,1207.0,Electronic check,71.98,71.98,High
8049-WJCLQ,Male,0,Yes,Yes,10,Month-to-month,DSL,60.2,563.5,Mailed check,47.06,47.06,Medium
6586-PSJOX,Male,0,No,Yes,15,One year,DSL,55.2,864.55,Credit card (automatic),17.39,17.39,Low
2460-FPSYH,Female,1,No,No,40,Month-to-month,DSL,55.8,2109.35,Electronic check,49.29,49.29,Medium
9705-ZJBCG,Female,0,Yes,Yes,13,One year,DSL,54.15,701.05,Bank transfer (automatic),6.83,6.83,Low
4818-DRBQT,Male,0,Yes,No,29,Month-to-month,Fiber optic,80.15,2265.25,Bank transfer (automatic),66.18,66.18,High
1320-HTRDR,Female,0,No,No,3,Month-to-month,Fiber optic,75.5,220.6,Electronic check,85.54,85.54,High
6847-KJLTS,Female,1,Yes,No,58,Month-to-month,Fiber optic,100.4,5749.8,Bank transfer (automatic),35.73,35.73,Medium
9670-BPNXF,Female,0,No,No,45,One year,DSL,62.55,2796.45,Credit card (automatic),25.44,25.44,Low
3913-FCUUW,Female,0,Yes,Yes,72,Two year,DSL,70.45,5165.7,Bank transfer (automatic),0.7,0.7,Low
3301-VKTGC,Male,0,Yes,Yes,68,One year,Fiber optic,85.5,5696.6,Bank transfer (automatic),7.17,7.17,Low
1493-AMTIE,Male,0,No,No,1,Month-to-month,No,20.2,20.2,Bank transfer (automatic),49.06,49.06,Medium
9555-SAHUZ,Female,0,Yes,Yes,38,Month-to-month,DSL,54.5,2076.05,Electronic check,31.39,31.39,Medium
0816-TSPHQ,Male,0,No,No,2,Month-to-month,No,20.75,44.2,Mailed check,46.3,46.3,Medium
9932-WBWIK,Male,0,No,No,11,Month-to-month,No,20.35,215.25,Mailed check,45.11,45.11,Medium
4619-EVPHY,Female,1,Yes,No,20,One year,Fiber optic,91.0,1859.5,Bank transfer (automatic),67.66,67.66,High
5286-YHCVC,Male,0,Yes,No,72,Two year,Fiber optic,104.8,7470.1,Bank transfer (automatic),21.28,21.28,Low
6424-ELEYH,Female,0,Yes,No,3,Month-to-month,Fiber optic,74.75,229.5,Credit card (automatic),77.68,77.68,High
4391-RESHN,Male,0,No,No,23,Month-to-month,Fiber optic,104.05,2470.1,Mailed check,73.37,73.37,High
9115-YQHGA,Male,0,No,No,40,Month-to-month,DSL,51.1,2092.9,Electronic check,41.12,41.12,Medium
4462-CYWMH,Male,1,Yes,No,62,Month-to-month,Fiber optic,89.8,5629.55,Bank transfer (automatic),40.44,40.44,Medium
8963-MQVYN,Female,0,No,Yes,22,Month-to-month,No,20.55,469.85,Electronic check,52.38,52.38,Medium
2458-EOMRE,Female,0,No,No,11,Month-to-month,DSL,64.05,733.95,Bank transfer (automatic),30.58,30.58,Medium
9334-GWGOW,Male,1,Yes,No,7,Month-to-month,Fiber optic,74.85,485.25,Electronic check,83.75,83.75,High
6821-BUXUX,Female,0,No,No,13,Month-to-month,Fiber optic,96.65,1244.5,Electronic check,74.21,74.21,High
5028-HTLJB,Male,1,No,No,1,Month-to-month,No,20.05,20.05,Mailed check,54.23,54.23,Medium
9801-GDWGV,Female,0,No,No,39,Month-to-month,Fiber optic,103.45,3994.45,Electronic check,71.91,71.91,High
6542-LWGXJ,Male,0,Yes,No,3,Month-to-month,DSL,25.0,78.25,Mailed check,77.92,77.92,High
5567-GZKQY,Male,0,No,No,58,Two year,No,20.3,1131.5,Credit card (automatic),3.19,3.19,Low
1222-LRYKO,Male,0,No,Yes,6,Month-to-month,No,26.35,184.05,Mailed check,45.15,45.15,Medium
2320-JRSDE,Female,0,Yes,Yes,1,Month-to-month,No,19.9,19.9,Electronic check,56.87,56.87,Medium
2087-QAREY,Female,0,Yes,No,22,Month-to-month,DSL,54.7,1178.75,Mailed check,47.95,47.95,Medium
0601-WZHJF,Male,0,Yes,No,14,Month-to-month,DSL,46.35,667.7,Electronic check,81.28,81.28,High
4423-JWZJN,Male,0,Yes,Yes,64,One year,Fiber optic,90.25,5629.15,Credit card (automatic),24.96,24.96,Low
5143-WMWOG,Male,0,No,No,1,Month-to-month,No,19.95,19.95,Electronic check,43.39,43.39,Medium
6490-FGZAT,Male,0,No,No,6,Month-to-month,No,20.65,109.3,Mailed check,46.09,46.09,Medium
5393-RXQSZ,Male,0,No,No,1,Month-to-month,Fiber optic,79.6,79.6,Electronic check,83.8,83.8,High
7452-FOLON,Male,0,No,Yes,39,One year,No,25.45,958.45,Bank transfer (automatic),8.0,8.0,Low
2320-TZRRH,Female,0,No,No,20,One year,No,19.5,403.15,Mailed check,12.09,12.09,Low
0231-LXVAP,Male,0,No,No,1,Month-to-month,Fiber optic,75.9,75.9,Electronic check,75.06,75.06,High
9444-JTXHZ,Male,0,Yes,No,1,Month-to-month,Fiber optic,76.2,76.2,Electronic check,79.08,79.08,High
4942-VZZOM,Male,0,Yes,No,64,One year,DSL,66.15,4392.5,Credit card (automatic),16.45,16.45,Low
5510-BOIUJ,Male,0,No,Yes,1,Month-to-month,No,19.25,19.25,Mailed check,44.73,44.73,Medium
7502-BNYGS,Female,0,Yes,No,46,Month-to-month,DSL,69.1,3168.0,Credit card (automatic),23.01,23.01,Low
4291-HYEBC,Female,1,Yes,Yes,28,One year,DSL,39.1,1096.6,Electronic check,36.38,36.38,Medium
6147-CBCRA,Female,0,Yes,No,33,Month-to-month,No,20.05,669.45,Mailed check,35.83,35.83,Medium
6047-SUHPR,Male,0,Yes,Yes,39,One year,DSL,59.8,2343.85,Electronic check,10.36,10.36,Low
4471-KXAUH,Female,0,Yes,No,42,Month-to-month,Fiber optic,84.3,3588.4,Electronic check,54.35,54.35,Medium
9752-ZNQUT,Female,0,No,No,1,Month-to-month,DSL,48.6,48.6,Electronic check,66.26,66.26,High
7638-QVMVY,Female,0,No,No,7,Month-to-month,Fiber optic,79.0,522.95,Electronic check,82.62,82.62,High
1576-PFZIW,Male,1,Yes,No,70,Two year,Fiber optic,105.35,7511.9,Credit card (automatic),7.91,7.91,Low
5666-MBJPT,Male,0,No,No,65,Two year,No,25.1,1725.0,Bank transfer (automatic),3.03,3.03,Low
7312-XSBAT,Male,0,No,No,1,Month-to-month,DSL,49.75,49.75,Electronic check,57.13,57.13,Medium
3096-GKWEB,Male,0,Yes,No,18,Month-to-month,Fiber optic,94.75,1691.9,Electronic check,86.38,86.38,High
2371-JQHZZ,Male,0,Yes,No,24,Month-to-month,Fiber optic,93.0,2248.05,Electronic check,83.18,83.18,High
0674-GCDXG,Male,0,No,No,63,Two year,DSL,71.9,4479.2,Bank transfer (automatic),1.93,1.93,Low
1121-QSIVB,Female,0,No,Yes,44,One year,DSL,77.55,3471.1,Mailed check,29.42,29.42,Low
4396-KLSEH,Male,0,No,No,4,Month-to-month,No,19.85,63.0,Electronic check,49.87,49.87,Medium
3244-DCJWY,Female,0,No,No,1,Month-to-month,Fiber optic,70.25,70.25,Electronic check,81.36,81.36,High
2824-MYYBN,Female,0,Yes,Yes,37,Month-to-month,Fiber optic,95.25,3314.15,Electronic check,69.95,69.95,High
0875-CABNR,Female,1,No,No,10,Month-to-month,Fiber optic,84.6,865.55,Credit card (automatic),75.84,75.84,High
6345-HOVES,Male,0,No,No,34,Month-to-month,DSL,25.05,852.7,Bank transfer (automatic),46.63,46.63,Medium
8318-LCNBW,Male,0,Yes,No,35,One year,DSL,53.15,1930.9,Credit card (automatic),29.63,29.63,Low
6469-QJKZW,Female,0,Yes,No,4,Month-to-month,No,20.15,91.4,Electronic check,46.2,46.2,Medium
0147-ESWWR,Female,1,Yes,No,39,Month-to-month,Fiber optic,101.25,3949.15,Electronic check,68.08,68.08,High
1217-VASWC,Male,1,Yes,No,43,One year,Fiber optic,100.55,4304.0,Bank transfer (automatic),52.91,52.91,Medium
7812-FZHPE,Female,0,Yes,Yes,17,Month-to-month,No,24.1,409.9,Mailed check,35.8,35.8,Medium
6370-ZVHDV,Female,0,Yes,No,61,Two year,No,25.3,1554.9,Bank transfer (automatic),1.42,1.42,Low
5915-DGNVC,Female,0,Yes,No,49,One year,DSL,71.8,3472.05,Electronic check,9.49,9.49,Low
6260-XLACS,Male,0,No,No,4,One year,No,19.7,117.8,Mailed check,13.79,13.79,Low
3566-CAAYU,Female,0,Yes,Yes,64,Two year,DSL,49.85,3210.35,Electronic check,11.61,11.61,Low
4983-CCWMC,Male,0,No,No,3,Month-to-month,Fiber optic,69.6,207.4,Mailed check,77.33,77.33,High
9103-CXVOK,Male,0,Yes,Yes,1,Month-to-month,No,19.75,19.75,Electronic check,36.37,36.37,Medium
2896-TBNBE,Male,0,Yes,No,40,One year,Fiber optic,80.8,3132.75,Electronic check,21.37,21.37,Low
4797-AXPXK,Female,0,No,Yes,1,Month-to-month,DSL,60.0,60.0,Electronic check,60.6,60.6,High
5229-PRWKT,Male,0,No,No,8,Month-to-month,Fiber optic,86.55,649.65,Electronic check,85.66,85.66,High
6982-UQZLY,Female,1,Yes,No,1,Month-to-month,No,20.85,20.85,Mailed check,59.17,59.17,Medium
2522-WLNSF,Female,1,Yes,No,34,One year,DSL,64.2,2106.3,Bank transfer (automatic),15.42,15.42,Low
3841-CONLJ,Female,0,Yes,No,1,Month-to-month,DSL,35.0,35.0,Electronic check,75.66,75.66,High
5057-LCOUI,Female,0,No,No,39,Month-to-month,DSL,50.75,2011.4,Electronic check,60.98,60.98,High
0193-ESZXP,Female,1,Yes,No,58,One year,Fiber optic,105.5,6205.5,Credit card (automatic),45.98,45.98,Medium
4475-NVTLU,Male,0,Yes,Yes,45,Two year,No,19.2,903.7,Electronic check,2.22,2.22,Low
4369-HTUIF,Male,1,No,No,6,Month-to-month,Fiber optic,85.15,503.6,Bank transfer (automatic),70.38,70.38,High
9386-LDCZR,Male,0,No,No,43,One year,Fiber optic,90.65,3882.3,Credit card (automatic),15.47,15.47,Low
9585-KKMFD,Male,0,Yes,Yes,41,Two year,No,20.0,879.8,Mailed check,2.22,2.22,Low
5399-ZIMKF,Male,0,No,No,5,Month-to-month,Fiber optic,74.65,383.65,Electronic check,76.6,76.6,High
0336-KXKFK,Male,0,No,No,72,Two year,DSL,61.2,4390.25,Credit card (automatic),8.83,8.83,Low
5619-XZZKR,Male,0,No,No,4,One year,No,19.95,68.2,Mailed check,13.72,13.72,Low
3948-FVVRP,Male,0,Yes,Yes,9,Month-to-month,DSL,54.8,452.8,Mailed check,43.2,43.2,Medium
5327-XOKKY,Male,1,Yes,No,72,Two year,DSL,73.45,5329.0,Credit card (automatic),11.91,11.91,Low
0983-TATYJ,Female,0,Yes,No,33,One year,DSL,51.45,1758.9,Mailed check,6.88,6.88,Low
1813-JYWTO,Female,0,Yes,No,72,Two year,Fiber optic,80.45,5737.6,Bank transfer (automatic),1.53,1.53,Low
0156-FVPTA,Male,0,Yes,No,22,Month-to-month,DSL,54.2,1152.7,Electronic check,47.79,47.79,Medium
1984-FCOWB,Female,0,Yes,No,70,One year,Fiber optic,109.5,7674.55,Electronic check,50.79,50.79,Medium
0654-HMSHN,Male,0,Yes,Yes,21,Month-to-month,Fiber optic,104.4,2157.95,Electronic check,75.69,75.69,High
6719-OXYBR,Male,0,No,No,15,Month-to-month,Fiber optic,85.3,1219.85,Electronic check,73.1,73.1,High
3312-ZWLGF,Male,1,Yes,No,29,Month-to-month,Fiber optic,79.3,2414.55,Electronic check,59.73,59.73,Medium
6476-YHMGA,Female,0,Yes,Yes,15,Month-to-month,DSL,76.5,1155.6,Bank transfer (automatic),35.5,35.5,Medium
5287-QWLKY,Male,1,Yes,Yes,71,Month-to-month,Fiber optic,105.1,7548.1,Credit card (automatic),34.3,34.3,Medium
0795-XCCTE,Male,1,No,No,72,Two year,No,25.4,1809.35,Bank transfer (automatic),2.33,2.33,Low
0168-XZKBB,Female,0,Yes,No,19,Month-to-month,Fiber optic,86.85,1564.4,Electronic check,80.33,80.33,High
3785-NRHYR,Male,0,No,No,1,Month-to-month,No,19.65,19.65,Mailed check,46.15,46.15,Medium
5196-SGOAK,Female,0,No,No,1,Month-to-month,Fiber optic,75.7,75.7,Electronic check,80.9,80.9,High
4537-DKTAL,Female,0,No,No,2,Month-to-month,DSL,45.55,84.4,Electronic check,64.88,64.88,High
7072-MBHEV,Female,1,Yes,Yes,11,Month-to-month,Fiber optic,78.1,864.85,Credit card (automatic),75.55,75.55,High
5602-BVFMK,Female,0,No,No,12,One year,No,19.3,228.75,Mailed check,13.21,13.21,Low
6297-NOOPG,Female,0,Yes,No,70,Two year,Fiber optic,110.5,7752.05,Electronic check,21.91,21.91,Low
1891-UAWWU,Female,1,Yes,No,20,Month-to-month,Fiber optic,90.8,1951.0,Electronic check,79.64,79.64,High
8204-TIFGJ,Female,0,No,No,23,Month-to-month,No,20.3,470.6,Bank transfer (automatic),45.47,45.47,Medium
8050-DVOJX,Male,1,No,No,49,Two year,DSL,81.35,4060.9,Credit card (automatic),4.9,4.9,Low
6108-OQZDQ,Female,0,Yes,Yes,4,Month-to-month,Fiber optic,97.95,384.5,Electronic check,88.53,88.53,High
0363-QJVFX,Male,0,No,No,32,Month-to-month,Fiber optic,108.15,3432.9,Credit card (automatic),55.42,55.42,Medium
8903-XEBGX,Male,0,No,Yes,2,Month-to-month,DSL,55.3,108.65,Electronic check,64.03,64.03,High
8169-SAEJD,Male,1,Yes,No,69,Two year,DSL,56.55,3952.65,Credit card (automatic),6.59,6.59,Low
9840-DVNDC,Male,0,No,No,6,Month-to-month,Fiber optic,80.5,463.05,Credit card (automatic),73.65,73.65,High
1089-XZWHH,Female,0,Yes,Yes,24,Two year,No,19.7,494.05,Mailed check,3.49,3.49,Low
2325-WINES,Female,0,No,No,32,One year,Fiber optic,104.05,3416.85,Credit card (automatic),54.51,54.51,Medium
6064-ZATLR,Female,0,No,No,27,Two year,DSL,52.85,1498.65,Bank transfer (automatic),2.64,2.64,Low
3096-JRDSO,Female,1,Yes,No,27,Month-to-month,Fiber optic,104.3,2867.75,Bank transfer (automatic),67.74,67.74,High
7824-PANSQ,Male,0,No,No,58,Month-to-month,Fiber optic,80.65,4807.35,Bank transfer (automatic),16.49,16.49,Low
8042-JVNFH,Male,0,No,No,1,Month-to-month,Fiber optic,71.35,71.35,Mailed check,78.75,78.75,High
9648-BCHKM,Female,0,Yes,Yes,18,Two year,No,24.65,471.35,Credit card (automatic),8.95,8.95,Low
2888-ADFAO,Female,0,Yes,Yes,47,Two year,No,21.3,1041.8,Bank transfer (automatic),3.36,3.36,Low
8707-HOEDG,Female,0,Yes,Yes,70,Two year,Fiber optic,110.2,7689.8,Electronic check,25.07,25.07,Low
3374-LXDEV,Female,0,No,No,13,Month-to-month,Fiber optic,89.4,1132.35,Electronic check,65.66,65.66,High
4072-IPYLT,Female,0,Yes,Yes,36,Month-to-month,DSL,51.05,1815.0,Credit card (automatic),43.65,43.65,Medium
7167-PCEYD,Male,0,No,No,67,Two year,No,19.8,1311.3,Mailed check,3.86,3.86,Low
4936-YPJNK,Female,0,No,No,10,Month-to-month,No,19.9,199.45,Mailed check,51.15,51.15,Medium
1580-BMCMR,Male,1,No,No,19,Month-to-month,Fiber optic,87.3,1637.3,Electronic check,69.42,69.42,High
4817-KEQSP,Female,0,Yes,Yes,71,Two year,No,19.85,1326.35,Bank transfer (automatic),2.39,2.39,Low
6408-WHTEF,Male,0,Yes,Yes,72,Two year,DSL,89.4,6376.55,Mailed check,1.78,1.78,Low
9251-AWQGT,Female,0,Yes,Yes,48,Two year,No,20.0,935.9,Mailed check,2.56,2.56,Low
8749-CLJXC,Male,0,No,No,1,Month-to-month,No,20.05,20.05,Mailed check,46.2,46.2,Medium
7989-VCQOH,Male,0,Yes,Yes,18,Month-to-month,DSL,83.25,1611.15,Electronic check,24.93,24.93,Low
5049-GLYVG,Male,0,No,No,1,Month-to-month,No,20.6,20.6,Mailed check,46.27,46.27,Medium
4199-QHJNM,Male,1,Yes,No,67,Two year,Fiber optic,102.9,6989.7,Bank transfer (automatic),4.21,4.21,Low
8882-TLVRW,Male,0,Yes,Yes,69,Two year,DSL,39.1,2779.5,Mailed check,0.41,0.41,Low
5883-GTGVD,Male,0,No,No,19,Month-to-month,Fiber optic,99.95,1931.75,Electronic check,83.08,83.08,High
5135-GRQJV,Male,1,Yes,No,72,Two year,Fiber optic,114.5,8331.95,Mailed check,2.32,2.32,Low
2384-OVPSA,Female,1,No,No,38,Two year,No,20.2,735.9,Mailed check,5.38,5.38,Low
1371-WEPDS,Male,1,Yes,No,40,One year,DSL,55.8,2283.3,Electronic check,15.09,15.09,Low
3580-GICBM,Female,0,Yes,Yes,61,Two year,No,24.2,1445.2,Mailed check,1.51,1.51,Low
4817-QRJSX,Female,0,No,No,10,Month-to-month,Fiber optic,81.0,818.05,Credit card (automatic),75.22,75.22,High
9730-DRTMJ,Male,0,Yes,No,32,One year,DSL,72.8,2333.05,Credit card (automatic),13.68,13.68,Low
4686-UXDML,Female,0,No,No,21,Month-to-month,Fiber optic,99.85,1992.55,Credit card (automatic),78.74,78.74,High
3349-ANQNH,Female,1,No,No,59,One year,Fiber optic,99.5,5890.0,Electronic check,41.16,41.16,Medium
2398-YPMUR,Female,1,Yes,No,13,Month-to-month,Fiber optic,70.15,916.75,Electronic check,76.91,76.91,High
0932-YIXYU,Female,0,No,No,47,Two year,No,20.25,1029.8,Credit card (automatic),3.18,3.18,Low
7480-SPLEF,Male,0,Yes,Yes,69,Two year,No,26.0,1796.55,Bank transfer (automatic),1.7,1.7,Low
7636-XUHWW,Male,0,No,No,2,Month-to-month,No,19.9,33.7,Credit card (automatic),37.33,37.33,Medium
1431-CYWMH,Female,0,Yes,Yes,22,Month-to-month,No,19.05,454.05,Bank transfer (automatic),39.83,39.83,Medium
5937-EORGB,Male,1,Yes,No,15,Month-to-month,Fiber optic,96.5,1392.25,Electronic check,76.33,76.33,High
6349-JDHQP,Female,0,No,No,53,Two year,No,19.85,1049.6,Credit card (automatic),2.83,2.83,Low
5539-HIVAK,Female,1,Yes,No,28,Month-to-month,No,25.7,734.6,Mailed check,38.41,38.41,Medium
5847-MXBEO,Male,0,No,No,22,One year,No,20.3,475.1,Mailed check,11.6,11.6,Low
9985-MWVIX,Female,0,No,No,1,Month-to-month,Fiber optic,70.15,70.15,Mailed check,80.52,80.52,High
4583-PARNH,Male,1,Yes,No,16,Month-to-month,Fiber optic,91.55,1540.05,Electronic check,65.13,65.13,High
1116-FRYVH,Female,0,Yes,Yes,48,Two year,DSL,39.4,1978.65,Mailed check,0.42,0.42,Low
1421-HCERK,Male,1,Yes,No,30,Month-to-month,Fiber optic,105.7,3181.8,Bank transfer (automatic),33.02,33.02,Medium
9633-XQABV,Female,0,No,No,3,Month-to-month,Fiber optic,70.25,229.7,Electronic check,80.53,80.53,High
0716-BQNDX,Male,1,No,No,57,Two year,Fiber optic,93.75,5625.55,Electronic check,2.03,2.03,Low
1265-XTECC,Female,1,Yes,No,68,One year,Fiber optic,96.55,6581.9,Credit card (automatic),28.13,28.13,Low
1183-CANVH,Female,0,Yes,No,23,One year,DSL,60.0,1347.15,Bank transfer (automatic),15.52,15.52,Low
1972-XMUWV,Female,0,Yes,No,65,Two year,DSL,59.8,3808.2,Credit card (automatic),6.71,6.71,Low
8679-LZBMD,Male,0,Yes,No,44,One year,Fiber optic,90.65,3974.15,Bank transfer (automatic),47.9,47.9,Medium
3407-JMJQQ,Female,0,Yes,Yes,71,Two year,Fiber optic,109.0,7661.8,Bank transfer (automatic),9.04,9.04,Low
6252-DFGTK,Female,0,Yes,No,37,One year,DSL,68.1,2479.25,Credit card (automatic),14.27,14.27,Low
1539-LNKHM,Female,0,No,No,12,Month-to-month,No,20.4,266.6,Mailed check,46.59,46.59,Medium
8645-KOMJQ,Male,0,Yes,Yes,69,Two year,DSL,81.95,5601.4,Bank transfer (automatic),6.19,6.19,Low
0289-IVARM,Female,0,No,No,35,Month-to-month,DSL,60.55,1982.6,Electronic check,42.37,42.37,Medium
9761-XUJWD,Male,0,No,No,5,Month-to-month,DSL,65.6,339.9,Bank transfer (automatic),47.8,47.8,Medium
4057-FKCZK,Male,0,Yes,Yes,58,Two year,Fiber optic,82.5,4828.05,Bank transfer (automatic),4.59,4.59,Low
4291-TPNFG,Male,0,Yes,No,72,Two year,DSL,82.3,5980.55,Bank transfer (automatic),1.34,1.34,Low
6087-YPWHO,Male,0,Yes,No,72,Two year,DSL,68.15,4808.7,Mailed check,0.4,0.4,Low
3090-QFUVD,Female,0,No,No,1,Month-to-month,No,20.3,20.3,Credit card (automatic),32.8,32.8,Medium
2237-ZFSMY,Female,0,No,No,39,One year,Fiber optic,95.55,3692.85,Electronic check,31.7,31.7,Medium
1722-LDZJS,Male,0,Yes,Yes,53,One year,No,20.2,1068.15,Credit card (automatic),5.04,5.04,Low
1818-ESQMW,Female,0,No,No,27,Month-to-month,Fiber optic,89.2,2383.6,Electronic check,57.34,57.34,Medium
4871-JTKJF,Female,1,No,No,1,Month-to-month,Fiber optic,69.65,69.65,Electronic check,84.34,84.34,High
1415-YFWLT,Female,1,No,No,1,Month-to-month,Fiber optic,89.3,89.3,Electronic check,91.94,91.94,High
7401-RUBNK,Female,0,Yes,No,18,Month-to-month,Fiber optic,74.8,1438.05,Electronic check,54.36,54.36,Medium
0506-YLVKJ,Male,0,Yes,Yes,46,Two year,No,20.2,917.45,Mailed check,2.21,2.21,Low
8661-BOYNW,Female,0,Yes,No,72,Two year,DSL,84.4,6096.45,Credit card (automatic),10.32,10.32,Low
6711-VTNRE,Female,0,No,No,36,Month-to-month,Fiber optic,87.55,3078.1,Electronic check,40.63,40.63,Medium
4815-GBTCD,Female,0,Yes,No,4,Month-to-month,DSL,25.15,99.95,Electronic check,80.14,80.14,High
2805-AUFQN,Female,0,No,No,25,Two year,No,19.8,475.2,Credit card (automatic),5.17,5.17,Low
0980-PVMRC,Female,0,Yes,Yes,40,Month-to-month,DSL,50.85,2036.55,Electronic check,51.53,51.53,Medium
7233-DRTRF,Male,0,Yes,No,63,Month-to-month,Fiber optic,102.4,6444.05,Electronic check,72.1,72.1,High
3500-RMZLT,Female,1,No,No,15,Month-to-month,Fiber optic,96.3,1426.75,Mailed check,64.91,64.91,High
3873-NFTGI,Male,0,No,No,14,Month-to-month,DSL,55.5,767.55,Credit card (automatic),53.46,53.46,Medium
1162-ECVII,Male,1,Yes,No,72,Two year,Fiber optic,109.75,7932.5,Bank transfer (automatic),9.65,9.65,Low
7048-GXDAY,Male,0,No,No,39,Month-to-month,Fiber optic,106.4,4040.65,Electronic check,65.17,65.17,High
8571-ZCMCX,Female,0,Yes,Yes,47,Two year,DSL,60.0,2768.65,Credit card (automatic),13.54,13.54,Low
1169-WCVAK,Male,0,Yes,No,19,Month-to-month,Fiber optic,88.8,1672.35,Credit card (automatic),50.05,50.05,Medium
4548-SDBKE,Female,0,No,No,5,Month-to-month,Fiber optic,85.2,474.8,Electronic check,87.49,87.49,High
8066-POXGX,Female,0,No,No,13,Month-to-month,DSL,35.1,446.1,Electronic check,77.66,77.66,High
7129-CAKJW,Female,0,No,No,17,Month-to-month,Fiber optic,80.05,1345.65,Bank transfer (automatic),67.47,67.47,High
8695-ARGXZ,Male,1,Yes,No,34,Month-to-month,Fiber optic,75.55,2425.4,Electronic check,67.13,67.13,High
3570-YUEKJ,Female,0,No,No,42,Month-to-month,DSL,49.55,2077.95,Electronic check,44.4,44.4,Medium
4143-OOBWZ,Male,0,Yes,No,5,Month-to-month,Fiber optic,81.3,416.3,Electronic check,83.55,83.55,High
1555-HAPSU,Female,0,Yes,Yes,71,Two year,No,23.9,1663.5,Credit card (automatic),2.36,2.36,Low
1697-NVVGY,Male,1,Yes,No,19,Month-to-month,DSL,66.4,1286.05,Bank transfer (automatic),41.01,41.01,Medium
7854-EKTJL,Female,0,No,Yes,2,Month-to-month,No,19.6,35.85,Electronic check,55.33,55.33,Medium
8464-EETCQ,Male,0,No,No,57,Two year,No,18.8,1094.35,Credit card (automatic),3.2,3.2,Low
2419-FSORS,Male,0,Yes,No,72,Two year,Fiber optic,108.4,7719.5,Electronic check,21.56,21.56,Low
8132-YPVBX,Female,0,No,No,6,Month-to-month,Fiber optic,85.95,514.6,Mailed check,80.88,80.88,High
9102-IAYHT,Female,0,Yes,Yes,17,Month-to-month,Fiber optic,85.45,1451.6,Electronic check,77.88,77.88,High
6754-LZUKA,Male,0,Yes,No,61,Two year,DSL,80.9,4932.5,Bank transfer (automatic),12.77,12.77,Low
3422-LYEPQ,Male,0,Yes,Yes,1,Month-to-month,Fiber optic,71.0,71.0,Electronic check,82.95,82.95,High
8099-MZPUJ,Male,0,Yes,Yes,48,Two year,Fiber optic,111.8,5443.65,Credit card (automatic),9.46,9.46,Low
0787-LHDYT,Male,0,No,No,16,Month-to-month,No,20.6,330.25,Credit card (automatic),33.54,33.54,Medium
2642-DTVCO,Male,1,No,No,9,Month-to-month,Fiber optic,85.05,746.5,Electronic check,87.88,87.88,High
0374-IOEGQ,Female,0,No,No,3,Month-to-month,DSL,44.6,122.7,Electronic check,63.85,63.85,High
4361-JEIVL,Male,0,No,Yes,1,Month-to-month,DSL,44.4,44.4,Electronic check,69.23,69.23,High
3197-NNYNB,Male,0,No,No,65,Two year,Fiber optic,105.1,6631.85,Credit card (automatic),19.96,19.96,Low
3396-DKDEL,Female,0,Yes,Yes,70,Two year,Fiber optic,115.15,8250.0,Credit card (automatic),13.91,13.91,Low
1752-OZXFY,Male,0,Yes,No,60,One year,DSL,59.8,3561.15,Mailed check,6.32,6.32,Low
9066-QRSDU,Female,0,Yes,No,69,One year,No,26.3,1763.55,Electronic check,5.54,5.54,Low
9112-WSNPU,Female,1,No,No,35,Month-to-month,Fiber optic,70.55,2419.0,Electronic check,55.41,55.41,Medium
9867-NNXLC,Female,0,No,No,22,Month-to-month,No,20.05,470.2,Mailed check,47.14,47.14,Medium
5321-NTRKC,Male,0,Yes,Yes,66,Two year,DSL,79.85,5234.95,Bank transfer (automatic),11.49,11.49,Low
1363-TXLSL,Male,1,Yes,No,1,Month-to-month,Fiber optic,70.3,70.3,Electronic check,82.22,82.22,High
9507-EXLTT,Female,0,Yes,No,1,Month-to-month,Fiber optic,79.35,79.35,Bank transfer (automatic),82.06,82.06,High
3161-GETRM,Male,0,Yes,Yes,34,Month-to-month,Fiber optic,90.05,3097.0,Credit card (automatic),62.06,62.06,High
0402-OAMEN,Female,0,Yes,Yes,72,Two year,No,24.45,1709.1,Bank transfer (automatic),1.89,1.89,Low
6933-VLYFX,Male,0,Yes,Yes,31,One year,DSL,59.95,1848.8,Electronic check,26.45,26.45,Low
6754-WKSHP,Male,0,No,Yes,30,One year,No,25.35,723.3,Bank transfer (automatic),8.62,8.62,Low
9846-GKXAS,Female,0,No,No,9,Month-to-month,Fiber optic,90.8,809.75,Bank transfer (automatic),84.25,84.25,High
6017-PPLPX,Male,0,Yes,Yes,20,Month-to-month,Fiber optic,70.45,1470.95,Electronic check,69.75,69.75,High
4976-LNFVV,Male,1,Yes,No,19,Month-to-month,DSL,34.3,577.15,Credit card (automatic),62.98,62.98,High
5055-MGMGF,Female,0,Yes,No,65,Month-to-month,Fiber optic,105.05,6914.95,Electronic check,39.87,39.87,Medium
4641-FROLU,Female,0,Yes,Yes,30,Two year,No,19.3,602.9,Mailed check,2.89,2.89,Low
2862-JVEOY,Male,0,No,No,6,One year,No,19.15,124.4,Mailed check,13.33,13.33,Low
2969-QWUBZ,Female,0,No,No,2,Month-to-month,DSL,51.4,96.8,Electronic check,67.63,67.63,High
9822-BIIGN,Male,0,Yes,Yes,53,Month-to-month,DSL,71.85,3827.9,Electronic check,15.36,15.36,Low
2077-MPJQO,Male,1,Yes,No,7,Month-to-month,Fiber optic,75.4,533.05,Electronic check,83.62,83.62,High
1534-OULXE,Female,0,Yes,Yes,61,One year,DSL,49.7,2961.4,Bank transfer (automatic),8.87,8.87,Low
7136-RVDTZ,Male,1,No,No,70,One year,DSL,45.25,3264.45,Electronic check,26.41,26.41,Low
2971-SGAFL,Female,0,No,No,13,Month-to-month,DSL,78.75,995.35,Electronic check,69.01,69.01,High
1480-IVEVR,Male,1,Yes,No,35,One year,Fiber optic,81.6,2815.25,Bank transfer (automatic),20.84,20.84,Low
2905-KFQUV,Female,0,Yes,No,2,Month-to-month,Fiber optic,70.4,154.8,Credit card (automatic),73.33,73.33,High
4581-SSPWD,Female,0,No,No,3,Month-to-month,Fiber optic,75.8,246.3,Electronic check,85.5,85.5,High
3370-HXOPH,Female,0,No,No,3,Month-to-month,Fiber optic,76.1,257.6,Electronic check,82.13,82.13,High
9391-YZEJW,Female,0,No,No,62,One year,Fiber optic,94.0,5757.2,Bank transfer (automatic),43.62,43.62,Medium
9958-MEKUC,Male,0,Yes,Yes,72,Two year,Fiber optic,103.95,7517.7,Credit card (automatic),5.34,5.34,Low
0281-CNTZX,Male,0,Yes,No,63,Two year,No,19.95,1234.8,Bank transfer (automatic),2.66,2.66,Low
6927-WTFIV,Male,1,No,No,20,Month-to-month,Fiber optic,71.3,1389.2,Credit card (automatic),49.95,49.95,Medium
4118-CEVPF,Female,1,No,No,35,One year,Fiber optic,110.8,3836.3,Bank transfer (automatic),26.31,26.31,Low
3398-ZOUAA,Male,1,Yes,No,21,Month-to-month,Fiber optic,69.1,1474.75,Electronic check,68.83,68.83,High
9114-VEPUF,Male,0,Yes,No,62,One year,Fiber optic,96.1,6001.45,Electronic check,17.96,17.96,Low
7876-BEUTG,Female,0,No,No,15,Month-to-month,DSL,48.8,720.1,Mailed check,58.49,58.49,Medium
2338-BQEZT,Female,0,No,No,55,Month-to-month,DSL,50.55,2832.75,Credit card (automatic),40.09,40.09,Medium
9873-MNDKV,Female,0,No,No,11,Month-to-month,DSL,44.65,472.25,Mailed check,57.39,57.39,Medium
0378-NHQXU,Female,0,Yes,Yes,17,Month-to-month,Fiber optic,88.25,1460.65,Electronic check,73.96,73.96,High
8241-JUIQO,Female,0,No,No,61,One year,No,19.45,1336.35,Bank transfer (automatic),7.82,7.82,Low
2194-IIQOF,Female,0,Yes,No,71,Two year,DSL,89.3,6388.65,Credit card (automatic),6.46,6.46,Low
4512-ZUIYL,Female,0,No,No,2,Month-to-month,Fiber optic,70.0,153.05,Bank transfer (automatic),72.22,72.22,High
9631-RXVJM,Male,0,No,No,35,Two year,No,19.25,677.9,Mailed check,4.22,4.22,Low
9584-EXCDZ,Female,0,No,No,17,Month-to-month,Fiber optic,70.5,1165.6,Bank transfer (automatic),58.62,58.62,Medium
7969-AULMZ,Female,0,No,No,21,Month-to-month,Fiber optic,97.35,2119.5,Electronic check,85.19,85.19,High
5093-FEGLU,Female,0,Yes,No,47,Two year,No,19.65,921.55,Bank transfer (automatic),3.09,3.09,Low
2621-UDNLU,Female,0,Yes,No,3,Month-to-month,No,20.85,72.0,Mailed check,45.25,45.25,Medium
7526-IVLYU,Male,0,No,No,3,Month-to-month,No,19.65,68.35,Mailed check,51.85,51.85,Medium
2428-HYUNX,Male,1,Yes,No,44,Two year,No,19.35,847.25,Credit card (automatic),6.73,6.73,Low
9214-EKVXR,Female,0,No,No,1,Month-to-month,DSL,44.0,44.0,Mailed check,65.16,65.16,High
3410-MHHUM,Female,0,Yes,Yes,44,One year,Fiber optic,94.4,4295.35,Electronic check,27.74,27.74,Low
0568-ONFPC,Male,0,Yes,Yes,5,Month-to-month,No,25.9,135.0,Bank transfer (automatic),44.64,44.64,Medium
0733-VUNUW,Male,0,No,No,24,Month-to-month,DSL,55.65,1400.55,Bank transfer (automatic),24.58,24.58,Low
4550-EVXNY,Female,0,No,Yes,1,Month-to-month,Fiber optic,69.65,69.65,Electronic check,81.03,81.03,High
2122-YWVYA,Female,0,No,No,18,Month-to-month,Fiber optic,75.4,1380.4,Electronic check,67.47,67.47,High
2968-SSGAA,Female,0,No,No,10,Month-to-month,Fiber optic,100.6,1060.2,Electronic check,90.61,90.61,High
2296-DKZFP,Female,0,Yes,No,65,Two year,DSL,71.0,4386.2,Bank transfer (automatic),2.82,2.82,Low
4844-JJWUY,Female,1,No,No,1,Month-to-month,Fiber optic,86.0,86.0,Electronic check,87.74,87.74,High
6777-TGHTM,Female,0,No,No,53,One year,Fiber optic,106.95,5785.5,Credit card (automatic),41.43,41.43,Medium
8909-BOLNL,Male,0,No,No,3,One year,No,21.2,52.05,Mailed check,13.93,13.93,Low
6603-YRDCJ,Male,0,Yes,No,33,Two year,DSL,61.05,2018.4,Mailed check,0.53,0.53,Low
3538-WZPHD,Male,0,No,No,3,Month-to-month,DSL,29.6,79.45,Electronic check,81.08,81.08,High
3229-USWAR,Female,0,No,No,34,One year,DSL,79.95,2727.3,Bank transfer (automatic),24.75,24.75,Low
2138-VFAPZ,Female,0,Yes,Yes,14,Two year,No,19.7,263.65,Mailed check,4.4,4.4,Low
6131-JLWZM,Female,0,No,No,13,Month-to-month,No,20.3,275.4,Mailed check,50.87,50.87,Medium
4785-QRJHC,Male,1,Yes,No,46,One year,DSL,59.9,2816.65,Bank transfer (automatic),21.69,21.69,Low
0269-XFESX,Male,0,Yes,Yes,23,One year,No,24.35,538.5,Mailed check,4.94,4.94,Low
1709-EJDOX,Female,0,Yes,Yes,47,Two year,No,19.75,948.9,Mailed check,2.58,2.58,Low
4316-XCSLJ,Male,0,No,Yes,17,Month-to-month,DSL,50.3,846.8,Mailed check,33.33,33.33,Medium
8610-WFCJF,Female,0,Yes,Yes,49,Month-to-month,Fiber optic,95.6,4783.5,Electronic check,61.03,61.03,High
9693-XMUOB,Male,1,Yes,No,59,Month-to-month,DSL,50.25,2997.45,Electronic check,62.7,62.7,High
0383-CLDDA,Female,0,No,No,69,Two year,DSL,85.35,5897.4,Credit card (automatic),12.75,12.75,Low
4905-JEFDW,Male,0,No,No,11,One year,DSL,41.6,470.6,Electronic check,69.35,69.35,High
2709-UQGNP,Male,0,No,No,10,Month-to-month,DSL,51.65,524.5,Mailed check,48.14,48.14,Medium
3549-ZTMNH,Male,0,Yes,Yes,12,Two year,No,24.0,269.65,Bank transfer (automatic),2.77,2.77,Low
7881-INRLC,Male,0,No,No,45,Month-to-month,Fiber optic,100.85,4740.0,Credit card (automatic),64.79,64.79,High
8033-ATFAS,Female,0,Yes,Yes,39,Month-to-month,DSL,59.85,2341.5,Mailed check,36.38,36.38,Medium
1635-NZATJ,Male,1,Yes,No,71,Two year,No,25.45,1789.65,Credit card (automatic),2.77,2.77,Low
0562-HKHML,Male,0,Yes,Yes,71,Two year,No,23.9,1626.4,Credit card (automatic),2.28,2.28,Low
8277-RVRSV,Female,0,Yes,Yes,33,One year,No,24.15,800.3,Credit card (automatic),12.2,12.2,Low
9943-VSZUV,Male,1,No,No,67,Month-to-month,Fiber optic,75.7,5060.85,Mailed check,32.98,32.98,Medium
0117-LFRMW,Male,0,Yes,Yes,37,Month-to-month,DSL,40.2,1448.8,Bank transfer (automatic),38.62,38.62,Medium
6172-FECYY,Male,0,Yes,Yes,49,Month-to-month,Fiber optic,84.5,4254.85,Electronic check,63.8,63.8,High
7054-ENNGU,Female,0,Yes,No,9,Month-to-month,DSL,50.85,466.6,Mailed check,56.02,56.02,Medium
1455-HFBXA,Male,0,Yes,No,52,Two year,Fiber optic,91.6,4627.8,Credit card (automatic),3.51,3.51,Low
9402-CXWPL,Female,0,No,No,70,One year,Fiber optic,98.9,6838.6,Electronic check,37.09,37.09,Medium
1628-BIZYP,Male,0,No,No,1,Month-to-month,Fiber optic,85.0,85.0,Electronic check,84.21,84.21,High
1965-AKTSX,Female,1,No,No,14,Month-to-month,Fiber optic,78.95,1101.85,Electronic check,83.57,83.57,High
0082-LDZUE,Male,0,No,No,1,Month-to-month,DSL,44.3,44.3,Mailed check,65.58,65.58,High
4786-UKSNZ,Male,0,No,No,1,Month-to-month,No,20.2,20.2,Mailed check,46.22,46.22,Medium
5343-SGUBI,Female,0,No,No,52,One year,Fiber optic,80.2,4297.6,Mailed check,20.34,20.34,Low
0856-NAOES,Male,0,No,No,6,Month-to-month,DSL,60.9,414.1,Mailed check,57.71,57.71,Medium
1976-AZZPJ,Male,0,Yes,No,7,Month-to-month,DSL,34.2,256.6,Mailed check,61.99,61.99,High
7248-VZQLC,Female,1,No,No,47,Month-to-month,Fiber optic,85.2,3969.35,Bank transfer (automatic),51.84,51.84,Medium
6156-UZDLF,Female,0,No,No,26,One year,Fiber optic,87.15,2274.1,Credit card (automatic),16.22,16.22,Low
3099-OONVS,Male,0,Yes,Yes,25,Month-to-month,DSL,54.3,1296.8,Electronic check,34.44,34.44,Medium
9500-WBGRP,Male,0,No,No,69,Two year,No,19.1,1268.85,Mailed check,3.76,3.76,Low
5183-KLYEM,Female,0,No,No,72,Two year,Fiber optic,112.75,8192.6,Credit card (automatic),19.75,19.75,Low
5144-PQCDZ,Male,0,No,No,4,Month-to-month,No,19.95,59.25,Mailed check,51.83,51.83,Medium
8514-VZHEB,Male,0,Yes,Yes,59,Two year,No,19.5,1147.85,Mailed check,1.81,1.81,Low
6625-IUTTT,Male,0,No,No,67,Two year,DSL,65.55,4361.55,Bank transfer (automatic),2.72,2.72,Low
9355-NPPFS,Female,1,No,No,26,Month-to-month,Fiber optic,78.8,2006.1,Electronic check,68.1,68.1,High
0068-FIGTF,Female,0,No,No,27,One year,DSL,78.2,2078.95,Mailed check,32.39,32.39,Medium
5965-GGPRW,Male,0,Yes,Yes,72,Two year,Fiber optic,105.25,7609.75,Bank transfer (automatic),3.55,3.55,Low
8035-PWSEV,Female,0,No,No,6,Month-to-month,Fiber optic,89.25,487.05,Electronic check,78.07,78.07,High
2236-HILPA,Male,0,Yes,Yes,62,Two year,No,20.65,1218.45,Credit card (automatic),1.69,1.69,Low
1840-BIUOG,Male,0,No,No,20,One year,DSL,68.7,1416.2,Electronic check,21.76,21.76,Low
1356-MKYSK,Male,0,No,No,6,Month-to-month,DSL,78.65,483.3,Credit card (automatic),46.86,46.86,Medium
6080-LNESI,Male,0,No,No,51,Two year,No,24.75,1234.6,Mailed check,2.82,2.82,Low
1830-IPXVJ,Female,0,Yes,Yes,61,Two year,No,19.75,1311.6,Credit card (automatic),2.0,2.0,Low
5828-DWPIL,Male,1,Yes,No,62,Month-to-month,Fiber optic,89.1,5618.3,Electronic check,33.33,33.33,Medium
8398-TBIYD,Female,0,No,No,72,Two year,Fiber optic,84.7,6185.15,Bank transfer (automatic),1.37,1.37,Low
0011-IGKFF,Male,1,Yes,No,13,Month-to-month,Fiber optic,98.0,1237.85,Electronic check,85.73,85.73,High
4192-GORJT,Male,0,Yes,No,5,Month-to-month,Fiber optic,94.45,498.1,Electronic check,89.76,89.76,High
6496-SLWHQ,Male,1,No,No,3,Month-to-month,Fiber optic,105.0,294.45,Electronic check,92.22,92.22,High
9912-GVSEQ,Female,1,Yes,No,26,Month-to-month,Fiber optic,93.85,2381.55,Electronic check,82.17,82.17,High
2931-FSOHN,Male,1,No,No,13,Month-to-month,DSL,59.9,788.35,Electronic check,58.49,58.49,Medium
9418-RUKPH,Female,0,Yes,Yes,38,Two year,No,19.95,756.4,Mailed check,2.87,2.87,Low
5383-MMTWC,Female,1,Yes,No,8,Month-to-month,Fiber optic,84.0,613.4,Electronic check,91.08,91.08,High
9971-ZWPBF,Male,1,Yes,Yes,34,Month-to-month,Fiber optic,108.9,3625.2,Electronic check,67.2,67.2,High
4712-AUQZO,Male,0,No,No,18,Month-to-month,DSL,33.6,550.35,Mailed check,43.8,43.8,Medium
9711-FJTBX,Male,0,Yes,Yes,56,One year,Fiber optic,85.85,4793.8,Mailed check,10.5,10.5,Low
2908-ZTPNF,Female,0,No,No,36,Month-to-month,DSL,34.85,1267.2,Bank transfer (automatic),22.63,22.63,Low
7240-ETPTR,Female,0,Yes,No,9,Month-to-month,DSL,48.75,442.2,Electronic check,85.98,85.98,High
2202-CUYXZ,Male,0,No,No,1,Month-to-month,Fiber optic,84.85,84.85,Electronic check,83.47,83.47,High
5995-OIGLP,Male,0,No,No,12,Month-to-month,DSL,56.65,654.85,Mailed check,27.38,27.38,Low
8421-WZOOW,Female,1,Yes,Yes,57,Month-to-month,Fiber optic,95.3,5567.45,Credit card (automatic),40.68,40.68,Medium
6261-RCVNS,Female,0,No,No,42,One year,DSL,73.9,3160.55,Credit card (automatic),35.53,35.53,Medium
7951-QKZPL,Female,0,Yes,Yes,33,Two year,No,24.5,740.3,Mailed check,2.1,2.1,Low
1414-YADCW,Male,0,Yes,No,70,Two year,Fiber optic,84.6,5706.2,Bank transfer (automatic),0.49,0.49,Low
8756-RDDLT,Female,0,No,No,68,Month-to-month,DSL,44.95,3085.35,Electronic check,29.75,29.75,Low
2862-PFNIK,Male,0,No,Yes,1,Month-to-month,DSL,24.7,24.7,Electronic check,79.07,79.07,High
5816-QVHRX,Female,0,No,No,37,Month-to-month,Fiber optic,100.3,3541.4,Credit card (automatic),50.11,50.11,Medium
4430-YHXGG,Female,0,No,Yes,4,Month-to-month,No,25.45,84.2,Mailed check,50.37,50.37,Medium
6888-SBYAI,Male,0,No,No,1,Month-to-month,DSL,50.7,50.7,Mailed check,54.23,54.23,Medium
7395-XWZOY,Male,0,No,No,20,Month-to-month,DSL,55.0,1165.55,Credit card (automatic),42.78,42.78,Medium
7169-YWAMK,Male,0,Yes,Yes,72,Two year,DSL,68.4,4855.35,Bank transfer (automatic),0.8,0.8,Low
3640-PHQXK,Female,0,No,No,31,Month-to-month,Fiber optic,89.9,2806.9,Electronic check,76.64,76.64,High
6877-LGWXO,Male,1,Yes,No,18,Month-to-month,Fiber optic,78.55,1422.65,Electronic check,71.87,71.87,High
6859-RKMZJ,Male,0,Yes,No,11,Month-to-month,DSL,55.05,608.15,Bank transfer (automatic),61.41,61.41,High
2729-VNVAP,Female,0,Yes,Yes,33,Two year,No,19.8,641.35,Credit card (automatic),3.05,3.05,Low
2957-JIRMN,Female,1,No,No,62,One year,Fiber optic,84.45,4959.15,Electronic check,32.97,32.97,Medium
2049-BAFNW,Female,0,No,No,1,Month-to-month,DSL,35.9,35.9,Mailed check,52.84,52.84,Medium
3842-QTGDL,Male,0,Yes,No,16,Month-to-month,Fiber optic,80.75,1321.3,Bank transfer (automatic),41.81,41.81,Medium
7163-OCEQI,Male,0,Yes,Yes,22,One year,DSL,78.65,1663.75,Mailed check,26.54,26.54,Low
9782-LGXMC,Female,0,Yes,Yes,49,Month-to-month,DSL,61.75,3024.15,Bank transfer (automatic),13.77,13.77,Low
5975-BAICR,Male,0,Yes,Yes,36,One year,DSL,63.7,2188.5,Credit card (automatic),16.48,16.48,Low
8019-ENHXU,Male,0,Yes,No,42,Month-to-month,Fiber optic,99.45,4138.05,Electronic check,63.72,63.72,High
5167-GBFRE,Male,1,No,No,4,Month-to-month,DSL,25.2,102.5,Bank transfer (automatic),79.79,79.79,High
9033-EOXWV,Female,0,No,No,12,One year,DSL,74.05,872.65,Mailed check,24.79,24.79,Low
4673-KKSLS,Female,0,No,No,31,Month-to-month,Fiber optic,87.6,2724.25,Electronic check,41.74,41.74,Medium
4853-OITSN,Male,0,Yes,No,5,Month-to-month,Fiber optic,89.15,413.25,Electronic check,83.34,83.34,High
9800-OUIGR,Male,0,Yes,Yes,66,Two year,No,20.0,1374.2,Credit card (automatic),1.65,1.65,Low
1324-NLTJE,Female,1,No,No,15,Month-to-month,DSL,55.0,757.1,Credit card (automatic),54.11,54.11,Medium
2324-EFHVG,Male,0,No,No,64,Two year,Fiber optic,104.4,6692.65,Bank transfer (automatic),34.44,34.44,Medium
7094-MSZAO,Male,0,Yes,Yes,10,Month-to-month,No,20.05,218.5,Credit card (automatic),32.03,32.03,Medium
1522-VVDMG,Male,0,Yes,Yes,7,Month-to-month,Fiber optic,89.75,608.8,Electronic check,74.64,74.64,High
6907-CQGPN,Male,0,No,No,29,Month-to-month,DSL,34.3,1004.75,Electronic check,43.14,43.14,Medium
0780-XNZFN,Male,0,No,No,57,Two year,No,20.65,1125.6,Bank transfer (automatic),4.05,4.05,Low
0239-OXEXL,Female,0,No,No,46,Month-to-month,Fiber optic,84.25,3847.6,Mailed check,24.51,24.51,Low
2675-IJRGJ,Male,0,No,No,53,Two year,No,19.65,978.0,Bank transfer (automatic),4.11,4.11,Low
7049-GKVZY,Female,0,No,No,17,One year,DSL,79.85,1387.35,Credit card (automatic),46.83,46.83,Medium
8577-QSOCG,Female,0,Yes,Yes,38,Two year,No,20.2,746.05,Mailed check,2.88,2.88,Low
3721-CNZHX,Male,0,No,No,15,One year,No,19.8,304.6,Mailed check,12.1,12.1,Low
0212-ISBBF,Female,0,No,No,22,Month-to-month,DSL,50.35,1098.85,Electronic check,68.18,68.18,High
9185-TQCVP,Male,0,Yes,No,14,Month-to-month,Fiber optic,85.15,1139.2,Electronic check,83.26,83.26,High
3585-YNADK,Female,0,Yes,No,57,One year,DSL,74.6,4368.95,Bank transfer (automatic),10.66,10.66,Low
5271-DBYSJ,Male,1,No,No,11,Month-to-month,Fiber optic,79.15,827.7,Credit card (automatic),70.4,70.4,High
1099-GODLO,Female,0,Yes,Yes,1,Two year,No,20.35,20.35,Mailed check,5.36,5.36,Low
6828-HMKWP,Male,0,Yes,Yes,12,Two year,No,21.05,262.05,Bank transfer (automatic),2.62,2.62,Low
5567-WSELE,Male,1,Yes,No,3,Month-to-month,Fiber optic,94.6,279.55,Electronic check,92.87,92.87,High
1472-TNCWL,Male,0,No,Yes,36,Month-to-month,Fiber optic,94.7,3512.5,Electronic check,60.21,60.21,High
8063-RJYNF,Male,0,No,No,16,Month-to-month,Fiber optic,94.25,1483.25,Electronic check,79.13,79.13,High
0687-ZVTHB,Male,0,Yes,Yes,65,One year,DSL,72.45,4653.85,Credit card (automatic),22.82,22.82,Low
2080-GKCWQ,Male,0,No,No,2,Month-to-month,Fiber optic,74.95,151.75,Electronic check,71.88,71.88,High
9661-ACXBS,Female,0,No,No,42,Month-to-month,Fiber optic,105.2,4400.75,Electronic check,68.61,68.61,High
2193-SFWQW,Male,0,Yes,Yes,72,Two year,Fiber optic,111.95,8033.1,Bank transfer (automatic),2.21,2.21,Low
5656-JAMLX,Male,0,No,No,62,Two year,No,19.85,1253.65,Bank transfer (automatic),3.93,3.93,Low
3462-BJQQA,Female,0,No,No,6,Month-to-month,Fiber optic,89.75,552.65,Electronic check,85.86,85.86,High
0442-TDYUO,Male,0,Yes,No,48,Two year,No,20.05,1036.0,Mailed check,2.45,2.45,Low
6733-LRIZX,Male,0,No,No,35,Two year,Fiber optic,108.95,4025.5,Electronic check,27.77,27.77,Low
9503-XJUME,Male,0,No,Yes,52,One year,No,19.65,928.4,Credit card (automatic),8.1,8.1,Low
4367-NHWMM,Female,0,No,No,1,Month-to-month,DSL,24.9,24.9,Mailed check,73.06,73.06,High
3727-RJMEO,Male,0,Yes,No,6,Month-to-month,Fiber optic,82.85,460.25,Electronic check,85.84,85.84,High
3779-OSWCF,Female,0,Yes,No,71,Two year,DSL,93.2,6506.15,Credit card (automatic),6.81,6.81,Low
6736-DHUQI,Female,0,Yes,Yes,67,One year,Fiber optic,84.8,5598.3,Bank transfer (automatic),6.63,6.63,Low
3915-ODIYG,Male,1,No,No,60,One year,DSL,71.75,4374.55,Electronic check,10.72,10.72,Low
1360-RCYRT,Male,0,Yes,Yes,23,Month-to-month,DSL,30.35,678.75,Bank transfer (automatic),32.36,32.36,Medium
2724-FJDYW,Male,0,No,Yes,39,One year,DSL,54.85,2191.7,Bank transfer (automatic),24.41,24.41,Low
4451-RWASJ,Male,0,Yes,Yes,15,One year,No,19.5,239.75,Mailed check,6.48,6.48,Low
6646-VRFOL,Male,1,Yes,No,53,Month-to-month,Fiber optic,103.85,5485.5,Electronic check,68.38,68.38,High
3460-TJBWI,Male,0,Yes,Yes,24,Two year,No,24.2,609.05,Mailed check,1.4,1.4,Low
5917-HBSDW,Female,0,Yes,Yes,37,Month-to-month,No,19.35,683.75,Electronic check,32.63,32.63,Medium
5685-IIXLY,Female,0,Yes,Yes,5,Month-to-month,Fiber optic,83.6,404.2,Electronic check,80.89,80.89,High
5671-UUNXD,Female,1,Yes,No,50,One year,Fiber optic,100.65,5189.75,Electronic check,43.96,43.96,Medium
0956-ACVZC,Female,0,No,No,54,One year,Fiber optic,94.1,5060.9,Credit card (automatic),26.69,26.69,Low
2325-NBPZG,Female,0,No,No,3,Month-to-month,Fiber optic,74.55,233.65,Electronic check,74.86,74.86,High
4250-ZBWLV,Male,0,No,No,68,One year,Fiber optic,108.45,7176.55,Electronic check,54.01,54.01,Medium
4482-FTFFX,Male,0,No,No,5,Month-to-month,DSL,56.15,291.45,Electronic check,54.04,54.04,Medium
8859-DZTGQ,Male,0,No,No,33,Two year,No,20.35,689.75,Mailed check,4.32,4.32,Low
0440-MOGPM,Female,0,No,No,41,One year,DSL,80.55,3263.9,Electronic check,31.42,31.42,Medium
0020-JDNXP,Female,0,Yes,Yes,34,One year,DSL,61.25,1993.2,Mailed check,15.04,15.04,Low
3752-CQSJI,Female,0,Yes,Yes,13,Month-to-month,No,20.45,254.5,Mailed check,42.8,42.8,Medium
5025-GOOKI,Female,0,No,No,20,Month-to-month,No,18.9,347.65,Credit card (automatic),43.13,43.13,Medium
4698-KVLLG,Female,1,No,No,51,Two year,No,19.6,967.9,Credit card (automatic),6.18,6.18,Low
5095-AESKG,Female,0,Yes,No,3,Month-to-month,Fiber optic,91.5,242.95,Credit card (automatic),84.41,84.41,High
2887-JPYLU,Female,0,No,Yes,41,Month-to-month,DSL,45.2,1841.9,Bank transfer (automatic),32.24,32.24,Medium
4770-QAZXN,Female,0,No,No,13,Month-to-month,No,19.45,232.1,Credit card (automatic),30.85,30.85,Medium
4896-CPRPF,Male,0,Yes,Yes,35,Two year,No,25.45,809.25,Bank transfer (automatic),1.47,1.47,Low
1871-MOWRM,Male,0,Yes,No,12,Month-to-month,Fiber optic,80.85,866.45,Bank transfer (automatic),32.79,32.79,Medium
9714-EDSUC,Male,0,No,No,4,Month-to-month,Fiber optic,94.9,360.55,Mailed check,62.37,62.37,High
2027-OAQQC,Female,0,No,No,43,Month-to-month,DSL,49.05,2076.2,Bank transfer (automatic),51.16,51.16,Medium
0282-NVSJS,Female,1,Yes,Yes,12,Month-to-month,DSL,29.3,355.9,Mailed check,40.92,40.92,Medium
9090-SGQXL,Male,1,Yes,No,68,Month-to-month,Fiber optic,105.3,7299.65,Electronic check,58.94,58.94,Medium
6595-YGXIT,Male,1,No,No,25,Month-to-month,Fiber optic,88.95,2291.2,Electronic check,75.76,75.76,High
7353-YOWFP,Female,0,No,No,7,One year,No,20.25,129.15,Mailed check,14.08,14.08,Low
9835-ZIITK,Male,1,Yes,No,66,One year,Fiber optic,110.85,7491.75,Electronic check,48.14,48.14,Medium
8008-ESFLK,Female,0,Yes,No,53,One year,Fiber optic,110.5,5835.5,Electronic check,35.68,35.68,Medium
7537-CBQUZ,Male,1,No,No,63,Month-to-month,Fiber optic,109.4,7031.45,Bank transfer (automatic),30.72,30.72,Medium
1555-DJEQW,Female,0,Yes,Yes,70,Two year,Fiber optic,114.2,7723.9,Bank transfer (automatic),4.55,4.55,Low
5649-TJHOV,Male,1,Yes,No,27,Month-to-month,DSL,36.5,1032.0,Bank transfer (automatic),71.79,71.79,High
0519-XUZJU,Female,0,No,No,1,Month-to-month,Fiber optic,70.75,70.75,Mailed check,78.07,78.07,High
3363-EWLGO,Female,0,No,No,5,Month-to-month,No,19.95,109.6,Mailed check,48.12,48.12,Medium
4750-UKWJK,Female,1,Yes,No,37,One year,No,19.6,727.8,Mailed check,10.17,10.17,Low
6338-AVWCY,Male,0,No,No,3,Month-to-month,DSL,40.15,130.75,Mailed check,82.46,82.46,High
1689-YQBYY,Female,0,No,Yes,12,Month-to-month,Fiber optic,76.6,893.0,Electronic check,78.28,78.28,High
4487-ZYJZK,Female,0,Yes,Yes,38,One year,No,19.6,763.1,Credit card (automatic),7.77,7.77,Low
2959-FENLU,Female,0,No,No,9,Month-to-month,Fiber optic,85.3,781.4,Credit card (automatic),72.89,72.89,High
0708-LGSMF,Male,0,Yes,No,13,Month-to-month,DSL,65.85,902.25,Electronic check,58.59,58.59,Medium
9253-QXKBE,Male,1,Yes,No,29,Month-to-month,Fiber optic,94.45,2653.65,Electronic check,82.0,82.0,High
7634-HLQJR,Female,0,Yes,Yes,47,Two year,No,20.05,1016.7,Credit card (automatic),2.51,2.51,Low
0487-RPVUM,Male,0,Yes,No,61,Month-to-month,Fiber optic,99.4,5943.65,Bank transfer (automatic),12.72,12.72,Low
4079-ULGFR,Male,0,No,No,16,Month-to-month,No,20.0,275.7,Mailed check,44.18,44.18,Medium
2516-XSJKX,Female,0,Yes,Yes,41,Two year,DSL,78.45,3126.45,Electronic check,3.22,3.22,Low
0057-QBUQH,Female,0,No,Yes,43,Two year,No,25.1,1070.15,Electronic check,7.93,7.93,Low
9445-SZLCH,Female,0,Yes,Yes,36,Month-to-month,Fiber optic,97.35,3457.9,Bank transfer (automatic),67.21,67.21,High
6599-SFQVE,Female,0,No,No,6,Month-to-month,DSL,55.0,340.4,Electronic check,65.4,65.4,High
8331-ZXFOE,Female,0,No,No,58,One year,DSL,71.1,4299.2,Credit card (automatic),13.11,13.11,Low
4003-FUSHP,Male,0,No,No,19,Month-to-month,DSL,61.55,1093.2,Credit card (automatic),43.67,43.67,Medium
0356-ERHVT,Male,0,Yes,No,11,Month-to-month,DSL,45.9,521.9,Bank transfer (automatic),54.55,54.55,Medium
7325-ENZFI,Female,0,No,No,39,One year,DSL,40.3,1630.4,Bank transfer (automatic),2.13,2.13,Low
4884-ZTHVF,Female,1,No,No,8,Month-to-month,Fiber optic,87.1,713.6,Electronic check,81.09,81.09,High
3920-HIHMQ,Female,0,No,Yes,26,Month-to-month,DSL,49.5,1265.65,Mailed check,39.59,39.59,Medium
3055-OYMSE,Female,1,No,No,53,Month-to-month,Fiber optic,73.8,4003.85,Credit card (automatic),44.58,44.58,Medium
0613-WUXUM,Female,0,Yes,Yes,70,Two year,No,19.2,1401.4,Mailed check,2.71,2.71,Low
7568-PODML,Male,0,No,No,1,Month-to-month,DSL,45.3,45.3,Mailed check,87.46,87.46,High
4458-KVRBJ,Male,0,No,No,59,Two year,No,25.0,1510.5,Mailed check,2.71,2.71,Low
5349-IECLD,Male,0,No,No,2,Month-to-month,Fiber optic,94.95,178.1,Electronic check,87.03,87.03,High
1397-XKKWR,Male,0,No,No,7,One year,DSL,35.3,264.8,Mailed check,11.22,11.22,Low
3945-GFWQL,Female,0,No,Yes,12,Month-to-month,DSL,44.55,480.6,Electronic check,57.71,57.71,Medium
8097-OMULG,Male,0,Yes,Yes,59,One year,DSL,76.75,4541.9,Credit card (automatic),18.02,18.02,Low
6013-BHCAW,Male,0,Yes,Yes,61,Two year,DSL,81.0,4976.15,Bank transfer (automatic),7.23,7.23,Low
0401-WDBXM,Male,0,Yes,Yes,72,Two year,Fiber optic,105.55,7542.25,Bank transfer (automatic),7.54,7.54,Low
3387-PLKUI,Female,0,Yes,Yes,13,Month-to-month,No,18.8,251.25,Mailed check,39.28,39.28,Medium
6096-EGVTU,Female,0,Yes,Yes,64,One year,No,24.9,1595.5,Mailed check,3.63,3.63,Low
3797-VTIDR,Male,0,Yes,No,1,Month-to-month,DSL,23.45,23.45,Electronic check,83.86,83.86,High
5081-NWSUP,Female,0,No,No,10,One year,DSL,64.9,685.55,Mailed check,26.34,26.34,Low
2580-ATZSQ,Female,0,Yes,Yes,65,One year,DSL,61.35,3874.1,Bank transfer (automatic),7.62,7.62,Low
8085-MSNLK,Female,0,Yes,No,62,Two year,Fiber optic,113.95,6891.4,Mailed check,4.77,4.77,Low
9691-HKOVS,Female,0,Yes,No,55,One year,DSL,90.15,4916.95,Electronic check,16.14,16.14,Low
9881-VCZEP,Female,0,Yes,No,25,Month-to-month,DSL,54.1,1373.0,Electronic check,50.75,50.75,Medium
9526-BIHHD,Male,0,No,No,1,Month-to-month,DSL,29.7,29.7,Mailed check,54.52,54.52,Medium
8757-TFHHJ,Male,0,No,No,1,Month-to-month,DSL,49.8,49.8,Credit card (automatic),55.15,55.15,Medium
4523-WXCEF,Female,0,Yes,No,59,Month-to-month,Fiber optic,101.1,6039.9,Electronic check,51.98,51.98,Medium
1468-DEFNC,Male,1,Yes,Yes,64,Two year,No,24.4,1548.65,Bank transfer (automatic),1.86,1.86,Low
5119-KEPFY,Male,0,Yes,No,36,Month-to-month,Fiber optic,95.0,3440.25,Bank transfer (automatic),75.42,75.42,High
8364-TRMMK,Female,0,No,No,3,Month-to-month,DSL,50.65,151.3,Mailed check,70.45,70.45,High
0916-KNFAJ,Male,0,Yes,No,61,Two year,DSL,69.9,4226.7,Mailed check,3.5,3.5,Low
8319-QBEHW,Male,0,No,Yes,26,One year,DSL,39.95,1023.75,Bank transfer (automatic),26.13,26.13,Low
3063-QFSZL,Female,0,No,No,1,Month-to-month,DSL,55.4,55.4,Electronic check,70.67,70.67,High
8775-LHDJH,Female,1,Yes,No,1,Month-to-month,Fiber optic,90.6,90.6,Electronic check,90.79,90.79,High
9625-QNLUX,Male,0,Yes,Yes,68,Two year,Fiber optic,103.25,7074.4,Credit card (automatic),13.26,13.26,Low
3097-NQYSN,Male,1,Yes,No,2,Month-to-month,Fiber optic,86.85,156.35,Mailed check,88.9,88.9,High
4024-CSNBY,Female,0,Yes,No,72,Two year,Fiber optic,94.25,6849.75,Bank transfer (automatic),0.98,0.98,Low
7110-BDTWG,Female,0,Yes,No,71,Two year,DSL,47.05,3263.6,Electronic check,11.91,11.91,Low
7493-GVFIO,Male,0,No,No,57,Two year,No,20.55,1252.85,Credit card (automatic),3.26,3.26,Low
0690-SRQID,Male,0,No,No,4,Month-to-month,No,19.65,67.55,Mailed check,51.8,51.8,Medium
9605-WGJVW,Female,1,No,No,1,Month-to-month,Fiber optic,70.2,70.2,Electronic check,84.37,84.37,High
9114-DPSIA,Male,0,Yes,Yes,72,Two year,DSL,81.0,5750.0,Credit card (automatic),5.63,5.63,Low
4700-UBQMV,Male,0,Yes,Yes,21,One year,DSL,75.9,1549.75,Bank transfer (automatic),22.79,22.79,Low
7711-GQBZC,Female,0,Yes,Yes,71,Two year,No,24.7,1810.55,Bank transfer (automatic),1.91,1.91,Low
3565-UNOCC,Female,1,Yes,No,29,Month-to-month,Fiber optic,99.05,2952.85,Bank transfer (automatic),82.75,82.75,High
4627-MIHJH,Female,1,No,No,69,Two year,Fiber optic,110.25,7467.55,Credit card (automatic),13.63,13.63,Low
9795-NREXC,Female,0,Yes,No,64,Two year,DSL,85.0,5484.4,Credit card (automatic),10.38,10.38,Low
8573-CGOCC,Male,0,No,No,16,Month-to-month,No,19.75,294.9,Credit card (automatic),27.89,27.89,Low
7356-AYNJP,Female,0,No,No,4,One year,No,23.9,97.5,Electronic check,16.63,16.63,Low
9249-FXSCK,Female,0,No,No,52,One year,Fiber optic,111.25,5916.45,Credit card (automatic),51.66,51.66,Medium
5493-SDRDQ,Male,0,No,No,2,Month-to-month,DSL,55.1,113.35,Mailed check,53.01,53.01,Medium
6286-SUUWT,Male,0,No,No,1,Month-to-month,No,19.95,19.95,Mailed check,46.19,46.19,Medium
4819-HJPIW,Male,0,No,No,18,Month-to-month,DSL,25.15,476.8,Mailed check,65.45,65.45,High
8654-DHAOW,Female,0,No,No,2,Month-to-month,DSL,54.15,101.65,Mailed check,64.5,64.5,High
5438-QMDDL,Female,0,Yes,No,19,Month-to-month,DSL,59.8,1130.85,Mailed check,50.75,50.75,Medium
9812-GHVRI,Female,0,No,No,40,Month-to-month,Fiber optic,83.85,3532.25,Bank transfer (automatic),40.22,40.22,Medium
5553-AOINX,Female,1,Yes,Yes,66,One year,Fiber optic,104.9,6891.45,Electronic check,36.94,36.94,Medium
1228-ZLNBX,Male,0,No,No,21,Month-to-month,Fiber optic,75.3,1570.7,Mailed check,70.93,70.93,High
4226-KKDON,Male,0,No,No,8,Month-to-month,DSL,66.65,520.95,Electronic check,53.6,53.6,Medium
3831-YCPUO,Female,0,Yes,Yes,72,Two year,Fiber optic,109.5,7854.9,Credit card (automatic),9.55,9.55,Low
7445-WMRBW,Female,0,No,No,48,One year,DSL,73.85,3581.4,Bank transfer (automatic),9.2,9.2,Low
3308-DGHKL,Male,0,No,No,69,Two year,No,19.3,1447.9,Bank transfer (automatic),4.3,4.3,Low
9924-JPRMC,Male,0,No,No,72,Two year,Fiber optic,118.2,8547.15,Electronic check,11.86,11.86,Low
0080-EMYVY,Female,0,No,No,14,One year,DSL,51.45,727.85,Credit card (automatic),23.44,23.44,Low
6218-KNUBD,Male,0,No,No,6,Month-to-month,DSL,59.45,357.6,Electronic check,54.15,54.15,Medium
7337-CINUD,Female,0,Yes,Yes,8,Two year,No,19.5,159.35,Bank transfer (automatic),5.83,5.83,Low
7609-NRNCA,Female,0,No,No,17,One year,No,19.55,280.85,Mailed check,12.5,12.5,Low
0623-EJQEG,Male,0,No,No,65,One year,Fiber optic,93.55,6069.25,Electronic check,10.31,10.31,Low
7153-CHRBV,Female,0,Yes,Yes,57,One year,DSL,59.3,3274.35,Mailed check,3.45,3.45,Low
0871-URUWO,Male,0,Yes,No,13,Month-to-month,Fiber optic,102.25,1359.0,Credit card (automatic),83.01,83.01,High
9190-MFJLN,Male,1,No,No,19,Month-to-month,Fiber optic,95.9,1777.9,Credit card (automatic),72.74,72.74,High
6198-PNNSZ,Female,0,Yes,No,56,One year,Fiber optic,109.8,6109.65,Bank transfer (automatic),30.97,30.97,Medium
3317-VLGQT,Female,0,Yes,No,14,Month-to-month,Fiber optic,78.1,1122.4,Electronic check,76.93,76.93,High
4132-POCZS,Male,0,Yes,No,52,Month-to-month,DSL,39.9,2020.9,Electronic check,45.34,45.34,Medium
5614-DNZCE,Female,0,No,No,58,Two year,DSL,64.9,3795.45,Credit card (automatic),5.89,5.89,Low
1095-JUDTC,Female,1,No,No,47,Month-to-month,Fiber optic,95.05,4504.55,Electronic check,59.0,59.0,Medium
3896-RCYYE,Female,0,No,No,67,Month-to-month,DSL,53.4,3579.15,Credit card (automatic),39.14,39.14,Medium
9638-JIQYA,Male,0,No,No,2,Month-to-month,DSL,24.9,49.7,Credit card (automatic),72.27,72.27,High
3258-SANFR,Male,1,No,No,6,Month-to-month,DSL,44.7,276.5,Credit card (automatic),56.13,56.13,Medium
3726-TBHQT,Male,0,Yes,Yes,71,Two year,Fiber optic,114.0,8175.9,Bank transfer (automatic),3.12,3.12,Low
3190-ITQXP,Female,0,Yes,Yes,46,Two year,No,20.25,890.35,Bank transfer (automatic),3.23,3.23,Low
0870-VEMYL,Female,0,No,No,5,Month-to-month,DSL,53.85,259.8,Credit card (automatic),53.41,53.41,Medium
4833-QTJNO,Male,1,Yes,No,67,Month-to-month,Fiber optic,83.85,5588.8,Bank transfer (automatic),12.23,12.23,Low
3039-MJSLN,Male,0,No,Yes,3,Month-to-month,No,20.2,50.6,Bank transfer (automatic),45.92,45.92,Medium
0178-CIIKR,Female,0,No,No,3,Month-to-month,No,19.95,58.0,Mailed check,48.48,48.48,Medium
5385-SUIRI,Male,1,Yes,No,52,Month-to-month,Fiber optic,104.2,5568.35,Electronic check,62.3,62.3,High
3982-XWFZQ,Female,0,Yes,No,42,Month-to-month,DSL,50.25,2203.65,Electronic check,45.38,45.38,Medium
5774-QPLTF,Male,0,Yes,Yes,50,One year,No,20.35,938.95,Mailed check,5.3,5.3,Low
2322-VCZHZ,Male,1,Yes,No,23,Month-to-month,Fiber optic,90.0,2024.1,Electronic check,64.78,64.78,High
5010-IPEAQ,Female,0,Yes,Yes,67,Two year,DSL,54.2,3623.95,Credit card (automatic),3.13,3.13,Low
4009-ALQFH,Female,0,No,No,25,Month-to-month,Fiber optic,99.5,2369.05,Electronic check,73.09,73.09,High
6383-ZTSIW,Female,1,Yes,No,39,One year,Fiber optic,99.1,3877.95,Mailed check,26.43,26.43,Low
8990-YOZLV,Female,0,No,No,69,Two year,DSL,66.9,4577.9,Mailed check,0.85,0.85,Low
3069-SSVSN,Female,0,No,No,1,One year,DSL,25.85,25.85,Mailed check,22.66,22.66,Low
5222-IMUKT,Male,0,No,No,32,Month-to-month,Fiber optic,91.05,2871.5,Electronic check,64.28,64.28,High
3627-FCRDW,Female,0,No,No,9,Month-to-month,Fiber optic,71.0,672.55,Electronic check,71.75,71.75,High
7562-GSUHK,Female,0,No,No,16,Month-to-month,Fiber optic,93.2,1573.7,Credit card (automatic),66.4,66.4,High
6685-XSHHU,Male,0,Yes,Yes,60,Two year,No,20.95,1270.55,Bank transfer (automatic),2.64,2.64,Low
8901-UPRHR,Female,0,Yes,Yes,72,Two year,Fiber optic,109.2,7711.45,Bank transfer (automatic),15.38,15.38,Low
4903-UYAVB,Male,0,Yes,No,5,Month-to-month,No,19.35,126.05,Mailed check,40.59,40.59,Medium
0118-JPNOY,Female,1,No,No,26,Month-to-month,Fiber optic,85.8,2193.65,Credit card (automatic),62.63,62.63,High
6776-TLWOI,Male,0,No,No,3,Month-to-month,No,19.85,64.55,Mailed check,46.19,46.19,Medium
3845-FXCYS,Male,0,No,No,2,Month-to-month,No,19.65,31.2,Electronic check,50.38,50.38,Medium
5857-XRECV,Female,0,No,Yes,2,One year,No,20.5,38.25,Bank transfer (automatic),15.72,15.72,Low
0725-CXOTM,Female,0,No,No,36,One year,DSL,89.65,3348.1,Credit card (automatic),37.1,37.1,Medium
4343-EJVQB,Male,0,No,No,7,Month-to-month,Fiber optic,74.35,533.6,Mailed check,54.58,54.58,Medium
9000-PLFUZ,Female,1,Yes,No,60,Two year,DSL,49.45,2907.55,Credit card (automatic),12.0,12.0,Low
3427-GGZZI,Female,0,Yes,No,19,Month-to-month,Fiber optic,89.1,1620.8,Electronic check,84.09,84.09,High
7779-ORAEL,Male,1,Yes,No,45,Two year,DSL,75.15,3480.35,Credit card (automatic),2.71,2.71,Low
0644-OQMDK,Male,1,No,No,4,Month-to-month,Fiber optic,70.65,293.85,Electronic check,78.64,78.64,High
4077-CROMM,Female,0,Yes,Yes,31,Month-to-month,Fiber optic,104.2,3243.45,Electronic check,67.47,67.47,High
3154-CFSZG,Male,0,Yes,Yes,47,Month-to-month,Fiber optic,90.05,4137.2,Electronic check,15.84,15.84,Low
2868-MZAGQ,Male,0,No,No,1,Month-to-month,Fiber optic,79.25,79.25,Electronic check,86.27,86.27,High
4847-QNOKA,Female,0,No,No,1,Month-to-month,DSL,44.9,44.9,Bank transfer (automatic),65.49,65.49,High
2220-IAHLS,Female,0,No,No,1,Month-to-month,No,19.4,19.4,Credit card (automatic),32.7,32.7,Medium
1658-XUHBX,Female,1,Yes,Yes,59,Month-to-month,Fiber optic,88.75,5348.65,Credit card (automatic),39.29,39.29,Medium
6379-RXJRQ,Male,0,Yes,No,10,Month-to-month,Fiber optic,70.1,659.65,Electronic check,75.41,75.41,High
2378-HTWFW,Male,1,No,No,35,Month-to-month,Fiber optic,91.0,3180.5,Credit card (automatic),45.95,45.95,Medium
8650-RHRKE,Male,0,No,No,4,Month-to-month,DSL,29.65,118.5,Electronic check,81.35,81.35,High
4377-VDHYI,Male,0,Yes,Yes,32,One year,Fiber optic,90.8,3023.85,Electronic check,26.77,26.77,Low
0475-RIJEP,Male,0,No,No,43,Month-to-month,Fiber optic,77.85,3365.85,Electronic check,63.81,63.81,High
1260-TTRXI,Male,0,No,No,4,Month-to-month,DSL,54.3,195.3,Electronic check,66.86,66.86,High
3719-TDVQB,Female,1,Yes,No,54,Two year,No,18.95,1031.1,Mailed check,2.64,2.64,Low
6328-ZPBGN,Female,1,No,No,11,Month-to-month,Fiber optic,95.15,997.65,Bank transfer (automatic),90.57,90.57,High
0201-MIBOL,Female,1,No,No,66,Two year,Fiber optic,102.4,6471.85,Bank transfer (automatic),11.84,11.84,Low
4937-QPZPO,Male,0,Yes,Yes,61,One year,Fiber optic,99.9,6241.35,Electronic check,46.63,46.63,Medium
2925-VDZHY,Male,0,Yes,Yes,72,Two year,DSL,88.7,6501.35,Credit card (automatic),6.28,6.28,Low
6981-TDRFT,Male,0,Yes,Yes,44,One year,DSL,54.3,2317.1,Electronic check,32.66,32.66,Medium
3413-CSSTH,Male,0,No,No,41,Month-to-month,DSL,55.7,2237.55,Bank transfer (automatic),30.46,30.46,Medium
8033-VCZGH,Male,0,Yes,No,50,One year,Fiber optic,103.95,5231.3,Electronic check,59.99,59.99,Medium
4789-KWMXN,Male,0,Yes,No,47,One year,Fiber optic,110.85,5275.8,Credit card (automatic),45.87,45.87,Medium
0224-NIJLP,Male,0,Yes,Yes,8,Two year,No,20.15,165.5,Mailed check,2.22,2.22,Low
7542-CYDDM,Male,0,No,No,18,Month-to-month,No,20.05,358.5,Mailed check,43.8,43.8,Medium
4718-WXBGI,Male,0,Yes,Yes,72,Two year,DSL,91.95,6614.9,Credit card (automatic),6.46,6.46,Low
2867-UIMSS,Male,0,No,No,1,Month-to-month,Fiber optic,80.5,80.5,Electronic check,83.78,83.78,High
8495-PRWFH,Female,1,No,No,42,Month-to-month,DSL,55.65,2421.75,Electronic check,38.67,38.67,Medium
0439-IFYUN,Female,1,No,No,18,Month-to-month,Fiber optic,74.7,1294.6,Electronic check,71.98,71.98,High
5716-LIBJC,Female,0,No,Yes,13,One year,Fiber optic,104.15,1299.1,Credit card (automatic),68.72,68.72,High
2868-LLSKM,Female,0,Yes,Yes,68,One year,Fiber optic,83.65,5733.4,Bank transfer (automatic),9.91,9.91,Low
8111-RKSPX,Male,0,No,No,4,Month-to-month,Fiber optic,72.2,305.55,Bank transfer (automatic),78.76,78.76,High
2988-QRAJY,Male,0,No,No,69,Two year,Fiber optic,110.05,7430.75,Credit card (automatic),22.08,22.08,Low
1585-MQSSU,Male,0,No,No,17,Month-to-month,DSL,51.5,900.5,Mailed check,28.09,28.09,Low
0071-NDAFP,Male,0,Yes,Yes,25,Two year,No,25.5,630.6,Credit card (automatic),4.25,4.25,Low
2856-NNASM,Male,1,No,No,43,Month-to-month,Fiber optic,89.55,3856.75,Mailed check,64.49,64.49,High
7328-ZJAJO,Female,0,Yes,Yes,59,Two year,No,19.5,1222.65,Credit card (automatic),2.05,2.05,Low
6458-CYIDZ,Female,1,No,No,5,Month-to-month,Fiber optic,80.7,374.8,Electronic check,66.73,66.73,High
8559-CIZFV,Male,0,Yes,Yes,21,One year,DSL,77.5,1625.0,Mailed check,2.69,2.69,Low
1090-PYKCI,Female,0,Yes,Yes,69,One year,Fiber optic,105.1,7234.8,Credit card (automatic),22.54,22.54,Low
3058-WQDRE,Male,0,No,No,13,Month-to-month,DSL,25.15,331.85,Bank transfer (automatic),72.91,72.91,High
7547-EKNFS,Male,0,Yes,No,42,Month-to-month,Fiber optic,95.25,3959.35,Bank transfer (automatic),66.34,66.34,High
2279-AXJJK,Male,0,Yes,No,52,Month-to-month,Fiber optic,95.65,5088.4,Credit card (automatic),47.84,47.84,Medium
6769-DYBQN,Male,1,No,No,46,Month-to-month,Fiber optic,85.0,3969.4,Electronic check,32.5,32.5,Medium
0909-SELIE,Male,0,Yes,No,61,Two year,DSL,80.8,4860.85,Bank transfer (automatic),1.25,1.25,Low
3417-TSCIC,Male,0,No,No,29,One year,DSL,24.85,788.05,Mailed check,15.64,15.64,Low
1042-HFUCW,Female,0,No,Yes,25,One year,DSL,54.75,1266.35,Credit card (automatic),26.3,26.3,Low
4439-JMPMT,Female,0,Yes,Yes,5,Month-to-month,Fiber optic,85.75,470.95,Electronic check,76.89,76.89,High
6537-OTKMY,Male,0,No,No,15,One year,DSL,50.75,688.2,Electronic check,62.21,62.21,High
8999-EXMNO,Female,0,Yes,Yes,19,Two year,No,20.15,387.7,Mailed check,3.5,3.5,Low
6725-TPKJO,Male,0,No,No,44,Two year,No,20.05,845.25,Mailed check,3.95,3.95,Low
2446-BEGGB,Female,1,No,No,6,Month-to-month,Fiber optic,98.25,560.6,Electronic check,92.46,92.46,High
7162-WPHPM,Male,0,Yes,Yes,58,Two year,DSL,71.6,4230.25,Credit card (automatic),1.93,1.93,Low
1599-MMYRQ,Male,0,Yes,Yes,62,One year,Fiber optic,81.45,4983.05,Credit card (automatic),10.55,10.55,Low
8821-KVZKQ,Female,0,Yes,Yes,70,One year,DSL,58.4,4113.15,Bank transfer (automatic),20.23,20.23,Low
1496-GGSUK,Female,1,No,No,1,Month-to-month,DSL,25.7,25.7,Mailed check,81.1,81.1,High
6434-TTGJP,Male,0,Yes,Yes,10,Two year,DSL,53.7,521.0,Credit card (automatic),5.07,5.07,Low
0042-JVWOJ,Male,0,No,No,26,One year,No,19.6,471.85,Bank transfer (automatic),13.16,13.16,Low
0130-SXOUN,Male,0,No,No,66,Month-to-month,Fiber optic,89.4,5976.9,Credit card (automatic),41.26,41.26,Medium
2575-GFSOE,Female,0,Yes,Yes,7,Month-to-month,Fiber optic,69.0,506.9,Electronic check,76.89,76.89,High
2330-PQGDQ,Male,0,Yes,Yes,51,One year,Fiber optic,84.2,4299.75,Bank transfer (automatic),6.57,6.57,Low
1452-UZOSF,Male,0,Yes,Yes,72,Two year,Fiber optic,106.1,7548.6,Credit card (automatic),3.42,3.42,Low
2097-YVPKN,Male,0,No,No,65,Two year,No,25.75,1654.75,Mailed check,2.65,2.65,Low
2842-JTCCU,Male,0,No,No,2,Month-to-month,DSL,46.05,80.35,Bank transfer (automatic),58.75,58.75,Medium
8597-CTXVJ,Male,0,No,Yes,70,One year,DSL,64.95,4551.5,Bank transfer (automatic),3.82,3.82,Low
6631-HMANX,Male,0,Yes,No,72,Two year,DSL,85.45,6227.5,Credit card (automatic),7.12,7.12,Low
9962-BFPDU,Female,0,Yes,Yes,1,Month-to-month,No,20.05,20.05,Mailed check,42.37,42.37,Medium
3296-SILRA,Female,1,Yes,No,1,Month-to-month,Fiber optic,76.4,76.4,Mailed check,86.1,86.1,High
9681-OXGVC,Female,0,No,No,5,Month-to-month,Fiber optic,100.5,514.0,Electronic check,92.46,92.46,High
6394-HHHZM,Male,0,No,No,3,Month-to-month,No,20.7,57.5,Mailed check,46.29,46.29,Medium
5995-LFTLE,Male,0,No,No,58,Two year,No,25.3,1474.35,Credit card (automatic),6.67,6.67,Low
5180-UCIIQ,Male,1,Yes,Yes,22,Month-to-month,DSL,40.05,880.2,Mailed check,57.05,57.05,Medium
1932-UEDCX,Male,1,Yes,No,33,Month-to-month,Fiber optic,100.6,3270.25,Bank transfer (automatic),76.6,76.6,High
7153-OANIO,Male,0,No,No,1,Month-to-month,Fiber optic,69.95,69.95,Electronic check,78.04,78.04,High
5188-HGMLP,Male,1,Yes,No,54,Month-to-month,Fiber optic,74.0,3919.15,Bank transfer (automatic),29.42,29.42,Low
0665-XHDJU,Male,0,Yes,No,72,Two year,Fiber optic,99.4,7285.7,Electronic check,32.1,32.1,Medium
6521-YYTYI,Male,0,No,Yes,1,Month-to-month,Fiber optic,93.3,93.3,Electronic check,91.39,91.39,High
8878-HMWBV,Male,0,No,No,3,Month-to-month,DSL,49.15,169.05,Electronic check,67.66,67.66,High
8265-HKSOW,Female,0,Yes,Yes,72,Two year,Fiber optic,107.45,7658.3,Credit card (automatic),6.8,6.8,Low
3544-FBCAS,Female,0,Yes,Yes,72,Two year,DSL,83.6,5959.3,Credit card (automatic),11.0,11.0,Low
5331-RGMTT,Male,1,Yes,No,54,Month-to-month,Fiber optic,99.05,5295.7,Credit card (automatic),53.52,53.52,Medium
4759-PXTAN,Female,0,Yes,No,59,One year,DSL,80.1,4693.2,Electronic check,24.93,24.93,Low
7054-DMVAS,Male,0,No,No,54,Two year,DSL,65.3,3512.9,Bank transfer (automatic),3.07,3.07,Low
3428-MMGUB,Male,0,No,No,60,Two year,Fiber optic,89.55,5231.2,Electronic check,27.27,27.27,Low
6549-BTYPG,Female,0,Yes,No,60,Two year,DSL,60.8,3603.45,Credit card (automatic),6.48,6.48,Low
7823-JSOAG,Male,0,No,No,3,Month-to-month,Fiber optic,74.5,217.45,Electronic check,79.96,79.96,High
3705-RHRFR,Female,0,Yes,No,69,Two year,Fiber optic,99.15,6875.35,Bank transfer (automatic),4.74,4.74,Low
9374-YOLBJ,Female,0,Yes,Yes,1,Month-to-month,No,19.25,19.25,Electronic check,41.43,41.43,Medium
9074-KGVOX,Male,0,Yes,Yes,50,Month-to-month,DSL,39.45,2021.35,Credit card (automatic),34.21,34.21,Medium
6128-DAFVY,Female,0,No,No,56,Month-to-month,DSL,44.85,2564.95,Credit card (automatic),43.6,43.6,Medium
9933-QRGTX,Female,0,Yes,No,60,Two year,Fiber optic,97.2,5611.75,Electronic check,8.74,8.74,Low
4476-OSWTN,Male,1,Yes,No,69,One year,Fiber optic,110.55,7610.1,Mailed check,14.22,14.22,Low
3751-KTZEL,Female,0,No,No,1,Month-to-month,DSL,35.05,35.05,Mailed check,71.56,71.56,High
1977-STDKI,Female,1,No,No,1,Month-to-month,Fiber optic,73.0,73.0,Electronic check,82.51,82.51,High
5066-GFJMM,Female,0,Yes,No,3,Month-to-month,No,19.9,45.75,Mailed check,49.34,49.34,Medium
2661-GKBTK,Male,0,Yes,Yes,60,Two year,DSL,76.95,4543.95,Bank transfer (automatic),3.9,3.9,Low
0458-HEUZG,Female,0,No,No,13,Two year,DSL,35.4,450.4,Mailed check,2.07,2.07,Low
7268-WNTCP,Male,0,Yes,Yes,62,Two year,No,20.45,1297.35,Bank transfer (automatic),1.69,1.69,Low
0824-VWDPO,Female,0,No,No,45,One year,Fiber optic,96.75,4442.75,Bank transfer (automatic),15.92,15.92,Low
8409-WQJUX,Female,0,No,No,25,One year,DSL,54.2,1423.15,Electronic check,36.05,36.05,Medium
2578-JQPHZ,Male,0,No,No,44,Two year,Fiber optic,100.1,4378.35,Bank transfer (automatic),15.97,15.97,Low
3278-FSIXX,Female,0,No,No,2,Month-to-month,DSL,45.25,74.2,Mailed check,64.54,64.54,High
5813-UECBU,Male,1,No,No,33,Month-to-month,Fiber optic,83.85,2716.3,Credit card (automatic),54.67,54.67,Medium
0328-GRPMV,Female,0,No,No,1,Month-to-month,Fiber optic,70.1,70.1,Electronic check,81.35,81.35,High
9746-UGFAC,Female,0,No,No,22,One year,No,20.85,450.65,Bank transfer (automatic),12.41,12.41,Low
2946-KIQSP,Female,0,No,No,35,Month-to-month,DSL,33.45,1175.85,Mailed check,26.34,26.34,Low
0625-AFOHS,Female,0,Yes,Yes,29,Two year,No,20.2,558.8,Mailed check,2.95,2.95,Low
6726-WEXXK,Male,1,Yes,No,27,One year,Fiber optic,85.9,2220.1,Electronic check,34.6,34.6,Medium
4636-OLWOE,Male,0,No,Yes,54,One year,DSL,61.0,3283.05,Electronic check,27.98,27.98,Low
4342-HENTK,Female,1,No,No,2,Month-to-month,Fiber optic,70.65,142.35,Electronic check,83.9,83.9,High
4685-ERGHK,Male,0,No,No,57,One year,Fiber optic,86.9,4939.25,Electronic check,58.97,58.97,Medium
0885-HMGPY,Male,0,No,No,62,Two year,DSL,69.4,4237.5,Bank transfer (automatic),0.54,0.54,Low
5003-OKNNK,Female,0,Yes,Yes,15,One year,No,20.35,335.95,Credit card (automatic),11.38,11.38,Low
4195-SMMNX,Male,0,No,No,2,Month-to-month,No,20.35,33.2,Mailed check,46.24,46.24,Medium
7208-PSIHR,Female,0,Yes,No,70,Two year,Fiber optic,104.3,7188.5,Bank transfer (automatic),16.5,16.5,Low
4012-ZTHBR,Female,0,Yes,Yes,21,Month-to-month,DSL,44.95,926.25,Electronic check,52.29,52.29,Medium
0489-WMEMG,Female,0,No,Yes,23,One year,DSL,49.45,1119.35,Electronic check,30.38,30.38,Medium
7435-ZNUYY,Male,0,No,No,6,One year,No,20.6,116.6,Mailed check,13.37,13.37,Low
1354-YZFNB,Male,0,Yes,Yes,4,Two year,No,19.55,68.8,Credit card (automatic),3.42,3.42,Low
6956-SMUCM,Female,0,No,No,3,Month-to-month,Fiber optic,99.0,287.4,Credit card (automatic),82.32,82.32,High
2985-FMWYF,Female,0,No,No,23,Month-to-month,Fiber optic,93.5,2341.55,Electronic check,83.96,83.96,High
2812-ENYMO,Male,0,No,No,26,One year,DSL,54.55,1362.85,Credit card (automatic),27.29,27.29,Low
2717-HVIZY,Female,0,No,Yes,8,Month-to-month,No,20.05,163.6,Mailed check,43.45,43.45,Medium
3223-WZWJM,Male,0,No,No,26,Month-to-month,Fiber optic,83.95,2254.2,Electronic check,76.11,76.11,High
3422-GALYP,Male,0,No,No,2,Month-to-month,Fiber optic,79.45,145.15,Electronic check,83.56,83.56,High
9053-JZFKV,Male,0,No,No,67,Two year,Fiber optic,116.2,7752.3,Credit card (automatic),15.11,15.11,Low
2530-ENDWQ,Female,0,Yes,No,71,Two year,Fiber optic,93.7,6585.35,Bank transfer (automatic),25.94,25.94,Low
2890-WFBHU,Female,0,No,No,59,One year,DSL,79.85,4786.1,Credit card (automatic),37.48,37.48,Medium
0327-WFZSY,Male,0,Yes,Yes,39,One year,Fiber optic,100.0,3835.55,Electronic check,53.47,53.47,Medium
7977-HXJKU,Male,0,No,Yes,21,Two year,No,19.6,397.0,Mailed check,4.38,4.38,Low
6615-ZGEDR,Male,0,No,No,1,Month-to-month,No,19.7,19.7,Mailed check,46.15,46.15,Medium
7033-CLAMM,Female,0,Yes,Yes,48,Two year,No,20.2,1027.25,Bank transfer (automatic),3.16,3.16,Low
4023-RTIQM,Female,1,Yes,No,31,One year,DSL,50.4,1580.1,Credit card (automatic),21.38,21.38,Low
0864-FVJNJ,Female,0,Yes,Yes,64,One year,Fiber optic,113.35,7222.75,Electronic check,31.04,31.04,Medium
7356-IWLFW,Male,0,Yes,Yes,46,Month-to-month,Fiber optic,80.0,3769.7,Bank transfer (automatic),58.26,58.26,Medium
9541-PWTWO,Female,0,No,No,52,Two year,DSL,80.95,4233.95,Bank transfer (automatic),10.94,10.94,Low
3967-VQOGC,Female,0,Yes,Yes,67,Two year,No,24.9,1680.25,Mailed check,1.55,1.55,Low
7872-RDDLZ,Female,1,No,No,67,Month-to-month,DSL,54.9,3725.5,Electronic check,22.17,22.17,Low
9250-WYPLL,Female,0,No,No,5,Month-to-month,Fiber optic,75.55,413.65,Electronic check,81.03,81.03,High
6308-CQRBU,Female,0,Yes,No,71,Two year,Fiber optic,109.25,7707.7,Electronic check,17.14,17.14,Low
2754-XBHTB,Female,0,No,No,9,Month-to-month,Fiber optic,77.65,714.15,Bank transfer (automatic),78.12,78.12,High
1597-LHYNC,Female,1,No,No,26,Month-to-month,Fiber optic,95.0,2497.2,Electronic check,73.82,73.82,High
0186-CAERR,Male,0,No,No,71,One year,Fiber optic,116.3,8309.55,Bank transfer (automatic),24.11,24.11,Low
3043-SUDUA,Female,0,No,No,32,Month-to-month,No,19.9,601.55,Bank transfer (automatic),37.62,37.62,Medium
5442-BHQNG,Female,0,No,No,2,Month-to-month,Fiber optic,70.35,139.25,Electronic check,76.04,76.04,High
2169-RRLFW,Female,0,Yes,No,71,Two year,No,25.6,1888.25,Credit card (automatic),2.33,2.33,Low
5872-OEQNH,Female,0,No,No,60,One year,DSL,44.45,2773.9,Electronic check,15.03,15.03,Low
3162-KKZXO,Female,1,No,No,55,One year,Fiber optic,100.15,5409.75,Electronic check,44.3,44.3,Medium
7055-VKGDA,Male,0,No,No,54,One year,Fiber optic,105.4,5643.4,Credit card (automatic),40.03,40.03,Medium
0754-UKWQP,Male,0,No,No,2,Month-to-month,Fiber optic,95.85,197.7,Electronic check,89.78,89.78,High
8873-GLDMH,Female,0,No,No,6,Month-to-month,Fiber optic,73.85,401.3,Mailed check,84.58,84.58,High
5696-JVVQY,Female,0,Yes,Yes,48,Two year,DSL,70.1,3238.4,Credit card (automatic),5.41,5.41,Low
8946-BFWSG,Male,0,Yes,Yes,63,Two year,No,25.25,1573.05,Mailed check,1.33,1.33,Low
7493-TPUWZ,Male,0,No,No,1,Month-to-month,Fiber optic,79.15,79.15,Electronic check,83.94,83.94,High
0547-HURJB,Male,0,No,Yes,12,Month-to-month,No,21.05,235.8,Credit card (automatic),28.94,28.94,Low
8904-OPDCK,Male,1,Yes,No,54,Month-to-month,DSL,24.95,1364.75,Bank transfer (automatic),38.37,38.37,Medium
8845-LWKGE,Female,0,Yes,Yes,30,One year,DSL,64.5,1985.15,Electronic check,27.35,27.35,Low
1577-HKTFG,Female,0,Yes,No,30,Month-to-month,No,19.65,655.85,Bank transfer (automatic),37.69,37.69,Medium
8752-STIVR,Female,0,No,No,4,Month-to-month,Fiber optic,79.0,303.15,Electronic check,83.79,83.79,High
0691-NIKRI,Female,0,No,No,40,One year,Fiber optic,105.95,4335.2,Credit card (automatic),49.15,49.15,Medium
5022-JNQEQ,Female,0,Yes,Yes,9,Month-to-month,Fiber optic,75.85,647.5,Electronic check,70.06,70.06,High
4558-FANTW,Female,0,Yes,Yes,17,Month-to-month,Fiber optic,91.85,1574.45,Electronic check,51.63,51.63,Medium
3249-VHRIP,Female,0,No,No,62,Two year,DSL,43.6,2748.7,Credit card (automatic),11.81,11.81,Low
3736-BLEPA,Male,0,No,No,28,One year,Fiber optic,91.25,2483.65,Bank transfer (automatic),19.94,19.94,Low
4701-LKOZD,Female,0,No,No,70,Two year,DSL,89.75,6367.2,Credit card (automatic),10.57,10.57,Low
6603-QWSPR,Female,0,No,No,46,Two year,Fiber optic,104.4,4904.2,Bank transfer (automatic),23.31,23.31,Low
9921-QFQUL,Female,0,Yes,No,23,Month-to-month,Fiber optic,90.15,2044.95,Mailed check,76.85,76.85,High
1929-ZCBHE,Male,0,Yes,Yes,47,One year,DSL,40.3,1794.8,Electronic check,5.92,5.92,Low
4378-MYPGO,Male,0,Yes,Yes,68,Two year,Fiber optic,105.25,7173.15,Bank transfer (automatic),5.76,5.76,Low
8651-ENBZX,Female,1,No,No,60,One year,Fiber optic,106.0,6441.4,Electronic check,37.15,37.15,Medium
4129-LYCOI,Female,0,No,Yes,67,Two year,Fiber optic,104.0,7039.05,Electronic check,26.01,26.01,Low
7798-JVXYM,Female,0,No,No,14,Month-to-month,DSL,69.65,921.4,Electronic check,60.32,60.32,High
8647-SDTWQ,Male,0,Yes,Yes,57,Month-to-month,Fiber optic,74.3,4018.35,Electronic check,53.65,53.65,Medium
2696-ECXKC,Female,0,Yes,Yes,55,One year,Fiber optic,100.9,5448.6,Mailed check,12.51,12.51,Low
2081-KJSQF,Male,0,No,No,1,Month-to-month,No,20.25,20.25,Mailed check,51.89,51.89,Medium
7623-TRNQN,Male,0,No,Yes,1,Month-to-month,DSL,49.9,49.9,Mailed check,48.2,48.2,Medium
3323-CPBWR,Male,0,No,No,23,Month-to-month,Fiber optic,96.9,2085.45,Credit card (automatic),55.38,55.38,Medium
9330-IJWIO,Female,0,No,No,13,Month-to-month,Fiber optic,100.35,1358.85,Electronic check,84.4,84.4,High
3384-CTMSF,Male,0,Yes,No,47,Month-to-month,Fiber optic,104.1,5135.15,Electronic check,74.37,74.37,High
0902-RFHOF,Male,0,No,No,38,One year,No,20.1,730.1,Mailed check,10.21,10.21,Low
9286-DOJGF,Female,1,Yes,No,38,Month-to-month,Fiber optic,74.95,2869.85,Bank transfer (automatic),61.58,61.58,High
6048-QBXKL,Female,1,No,No,2,Month-to-month,DSL,56.55,118.25,Credit card (automatic),71.84,71.84,High
9661-MHUMO,Male,1,Yes,Yes,1,Month-to-month,DSL,49.25,49.25,Credit card (automatic),55.34,55.34,Medium
7718-RXDGG,Male,0,Yes,No,15,Month-to-month,Fiber optic,68.6,1108.6,Bank transfer (automatic),65.91,65.91,High
1025-FALIX,Female,0,No,No,26,Month-to-month,Fiber optic,69.05,1815.65,Credit card (automatic),63.15,63.15,High
3451-VAWLI,Female,0,Yes,Yes,35,Two year,No,19.7,730.4,Credit card (automatic),2.96,2.96,Low
3407-QGWLG,Male,0,No,Yes,3,Month-to-month,No,20.05,75.45,Mailed check,50.4,50.4,Medium
1842-EZJMK,Male,0,Yes,Yes,50,Month-to-month,Fiber optic,103.7,5071.05,Electronic check,54.91,54.91,Medium
2347-WKKAE,Male,0,Yes,No,42,Month-to-month,Fiber optic,94.4,4014.6,Electronic check,62.41,62.41,High
8735-DCXNF,Male,0,Yes,No,10,Month-to-month,DSL,54.95,568.85,Credit card (automatic),45.8,45.8,Medium
3214-IYUUQ,Female,0,Yes,No,61,One year,Fiber optic,93.7,5860.7,Bank transfer (automatic),9.66,9.66,Low
1936-UAFEH,Female,0,No,No,68,Two year,Fiber optic,110.25,7279.35,Credit card (automatic),16.76,16.76,Low
3587-PMCOY,Male,0,No,No,10,One year,Fiber optic,98.9,1064.95,Electronic check,75.28,75.28,High
8079-XRJRS,Male,0,Yes,No,65,One year,Fiber optic,89.75,5769.6,Electronic check,12.44,12.44,Low
1027-LKKQQ,Female,0,Yes,Yes,72,Two year,DSL,80.45,5886.85,Bank transfer (automatic),2.66,2.66,Low
7148-XZPHA,Male,0,Yes,Yes,55,Month-to-month,Fiber optic,79.4,4238.45,Electronic check,23.73,23.73,Low
8073-IJDCM,Female,0,No,No,1,Month-to-month,No,20.3,20.3,Mailed check,53.64,53.64,Medium
5309-TAIKL,Female,0,No,No,7,Month-to-month,DSL,62.8,418.3,Bank transfer (automatic),33.71,33.71,Medium
6856-RAURS,Female,0,No,No,2,Month-to-month,Fiber optic,74.9,136.05,Mailed check,86.41,86.41,High
8778-LMWTJ,Female,0,No,No,9,Month-to-month,Fiber optic,74.85,708.2,Electronic check,72.1,72.1,High
9717-IOAAF,Male,0,No,Yes,27,Two year,No,25.85,788.55,Credit card (automatic),9.06,9.06,Low
8884-ADFVN,Male,1,Yes,No,7,Month-to-month,Fiber optic,101.95,700.85,Electronic check,92.57,92.57,High
2845-KDHVX,Female,0,Yes,No,64,Two year,DSL,68.3,4378.8,Mailed check,6.19,6.19,Low
0848-SOMKO,Male,0,No,No,70,Two year,DSL,48.4,3442.8,Bank transfer (automatic),1.3,1.3,Low
2720-WGKHP,Male,1,No,No,2,Month-to-month,Fiber optic,94.0,181.7,Electronic check,93.02,93.02,High
6734-FQAJX,Male,1,No,No,67,Two year,Fiber optic,105.05,7171.7,Electronic check,8.64,8.64,Low
2869-ADAWR,Female,0,No,No,45,Month-to-month,Fiber optic,89.3,4016.85,Credit card (automatic),62.76,62.76,High
1535-VTJOQ,Female,0,No,No,24,Two year,No,25.15,553.0,Credit card (automatic),8.64,8.64,Low
6368-TZZDT,Male,0,Yes,Yes,4,Two year,No,19.5,96.85,Credit card (automatic),3.42,3.42,Low
0943-ZQPXH,Male,0,Yes,Yes,44,Month-to-month,Fiber optic,92.95,4122.9,Bank transfer (automatic),51.89,51.89,Medium
1293-BSEUN,Female,0,Yes,Yes,72,Two year,No,20.7,1482.3,Mailed check,2.73,2.73,Low
9894-EZEWG,Female,0,No,No,1,Month-to-month,Fiber optic,74.3,74.3,Credit card (automatic),73.91,73.91,High
1302-TPUBN,Male,0,No,No,66,Two year,No,19.35,1240.8,Bank transfer (automatic),3.72,3.72,Low
7851-FLGGQ,Male,0,No,No,1,Month-to-month,DSL,44.65,44.65,Mailed check,64.02,64.02,High
0637-UBJRP,Male,0,Yes,Yes,13,Month-to-month,Fiber optic,84.05,1095.3,Electronic check,61.94,61.94,High
0940-OUQEC,Male,0,No,No,10,Month-to-month,Fiber optic,80.7,788.8,Bank transfer (automatic),76.73,76.73,High
2378-VTKDH,Male,1,Yes,No,65,Month-to-month,Fiber optic,104.35,6578.55,Electronic check,62.05,62.05,High
0927-CNGRH,Male,0,No,Yes,1,Month-to-month,No,19.55,19.55,Mailed check,44.78,44.78,Medium
8608-OZTLB,Male,0,Yes,Yes,38,One year,DSL,74.05,2802.3,Electronic check,18.18,18.18,Low
2335-GSODA,Male,0,No,Yes,23,Two year,DSL,40.1,857.75,Mailed check,0.33,0.33,Low
1952-DVVSW,Female,0,Yes,No,10,One year,No,20.1,184.4,Mailed check,9.53,9.53,Low
0702-PGIBZ,Male,0,No,Yes,4,Month-to-month,Fiber optic,101.7,364.55,Electronic check,88.66,88.66,High
6656-GULJQ,Male,0,Yes,Yes,72,Two year,DSL,83.55,6093.3,Credit card (automatic),7.82,7.82,Low
9853-JFZDU,Female,0,Yes,No,35,Month-to-month,DSL,56.85,1861.1,Electronic check,31.05,31.05,Medium
1963-VAUKV,Female,0,No,No,1,Month-to-month,No,20.4,20.4,Mailed check,48.79,48.79,Medium
3777-XROBG,Female,0,Yes,Yes,58,Two year,No,19.55,1079.65,Credit card (automatic),2.09,2.09,Low
6994-FGRHH,Male,0,Yes,Yes,70,One year,Fiber optic,106.15,7475.1,Electronic check,38.34,38.34,Medium
4000-VGMQP,Male,0,Yes,Yes,38,One year,DSL,78.95,2862.55,Credit card (automatic),19.45,19.45,Low
3999-WRNGR,Female,0,Yes,Yes,60,Month-to-month,DSL,49.75,3069.45,Electronic check,43.14,43.14,Medium
3466-RITXD,Male,0,No,No,26,Month-to-month,Fiber optic,92.4,2349.8,Credit card (automatic),57.14,57.14,Medium
2680-XKKNJ,Female,0,No,No,8,One year,DSL,58.2,469.25,Bank transfer (automatic),14.89,14.89,Low
3058-HJCUY,Male,0,Yes,Yes,41,One year,Fiber optic,102.6,4213.35,Electronic check,54.73,54.73,Medium
2974-GGUXS,Female,1,Yes,No,36,Month-to-month,Fiber optic,91.95,3301.05,Credit card (automatic),63.77,63.77,High
7994-XIRTR,Male,1,No,No,54,One year,DSL,65.25,3529.95,Bank transfer (automatic),11.25,11.25,Low
3259-FDWOY,Male,0,Yes,Yes,71,Two year,Fiber optic,106.0,7723.7,Bank transfer (automatic),25.17,25.17,Low
2101-RANCD,Female,0,No,No,55,Month-to-month,Fiber optic,73.1,4144.9,Electronic check,59.95,59.95,Medium
7921-BEPCI,Female,0,No,No,72,Two year,DSL,59.75,4265.0,Bank transfer (automatic),1.64,1.64,Low
0807-ZABDG,Female,0,No,Yes,3,Month-to-month,DSL,55.1,154.65,Mailed check,45.98,45.98,Medium
8510-TMWYB,Female,0,Yes,Yes,54,Two year,DSL,59.8,3246.45,Bank transfer (automatic),3.59,3.59,Low
3258-ZKPAI,Male,0,Yes,Yes,72,Two year,Fiber optic,116.6,8337.45,Bank transfer (automatic),3.11,3.11,Low
1428-IEDPR,Male,0,No,No,52,Two year,Fiber optic,109.3,5731.4,Electronic check,17.72,17.72,Low
5298-GSTLM,Female,1,No,No,60,One year,Fiber optic,101.4,6176.6,Bank transfer (automatic),20.34,20.34,Low
4450-YOOHP,Female,0,No,No,39,Month-to-month,DSL,50.65,1905.4,Credit card (automatic),55.15,55.15,Medium
6728-CZFEI,Female,0,No,No,15,One year,DSL,56.15,931.9,Mailed check,24.95,24.95,Low
5748-RNCJT,Male,0,No,No,69,Two year,Fiber optic,106.5,7348.8,Bank transfer (automatic),24.67,24.67,Low
3653-NCRDJ,Male,0,Yes,Yes,43,One year,No,19.2,776.25,Mailed check,5.36,5.36,Low
6121-TNHBO,Female,1,No,No,63,One year,DSL,83.0,5243.05,Bank transfer (automatic),5.43,5.43,Low
5119-NZPTV,Male,1,Yes,No,2,Month-to-month,Fiber optic,70.1,141.65,Electronic check,79.62,79.62,High
6519-ZHPXP,Female,0,Yes,Yes,72,Two year,Fiber optic,108.3,7679.65,Bank transfer (automatic),4.66,4.66,Low
7739-LAXOG,Female,0,Yes,Yes,32,Month-to-month,Fiber optic,91.05,2954.5,Bank transfer (automatic),58.36,58.36,Medium
3472-QPRCH,Male,0,Yes,Yes,40,Two year,No,25.25,1006.9,Credit card (automatic),3.41,3.41,Low
8224-UAXBZ,Female,0,Yes,No,58,One year,DSL,45.35,2540.1,Electronic check,11.81,11.81,Low
9610-WCESF,Male,0,No,No,67,Two year,DSL,43.9,3097.2,Electronic check,1.56,1.56,Low
9776-CLUJA,Female,1,Yes,No,51,Month-to-month,Fiber optic,77.5,3807.35,Electronic check,43.65,43.65,Medium
2486-WYVVE,Male,0,Yes,No,31,One year,DSL,79.3,2484.0,Mailed check,26.7,26.7,Low
3865-ZYKAD,Male,1,Yes,No,69,Month-to-month,Fiber optic,84.9,5785.65,Credit card (automatic),33.05,33.05,Medium
1422-DGUBX,Male,0,Yes,No,32,One year,Fiber optic,79.25,2619.15,Electronic check,32.08,32.08,Medium
2999-AANRQ,Female,0,No,No,21,Two year,DSL,71.05,1524.85,Credit card (automatic),7.79,7.79,Low
8668-KNZTI,Male,0,No,No,52,One year,DSL,53.75,2790.65,Electronic check,10.63,10.63,Low
0480-KYJVA,Female,0,Yes,Yes,72,Two year,No,24.25,1784.5,Credit card (automatic),2.34,2.34,Low
6034-ZRYCV,Female,0,Yes,No,72,Two year,DSL,54.2,3937.45,Electronic check,26.58,26.58,Low
9746-YKGXB,Male,0,Yes,Yes,52,One year,DSL,44.25,2276.1,Bank transfer (automatic),10.61,10.61,Low
3926-YZVVX,Female,0,No,No,41,One year,DSL,50.05,2029.05,Bank transfer (automatic),12.38,12.38,Low
6000-UKLWI,Male,0,No,No,41,Two year,No,20.15,802.35,Mailed check,4.05,4.05,Low
2079-FBMZK,Female,0,No,No,6,Month-to-month,Fiber optic,69.25,418.4,Mailed check,77.8,77.8,High
6332-FBZRI,Male,0,Yes,Yes,67,One year,DSL,69.35,4653.25,Credit card (automatic),8.7,8.7,Low
2096-XOTMO,Female,0,Yes,Yes,16,Month-to-month,No,19.35,275.9,Mailed check,38.48,38.48,Medium
3266-FTKHB,Male,0,No,No,17,Two year,No,19.15,343.45,Mailed check,5.39,5.39,Low
8221-EQDGL,Male,0,Yes,No,35,Month-to-month,DSL,61.0,2130.45,Mailed check,34.24,34.24,Medium
2346-LOCWC,Female,0,Yes,Yes,58,Two year,No,20.5,1191.4,Credit card (automatic),2.1,2.1,Low
6608-QQLVK,Male,0,No,No,1,Month-to-month,DSL,50.5,50.5,Electronic check,69.03,69.03,High
0298-XACET,Male,0,Yes,Yes,52,Two year,DSL,50.2,2554.0,Mailed check,1.61,1.61,Low
7560-QJAVJ,Female,0,No,No,70,Two year,DSL,79.6,5589.45,Bank transfer (automatic),2.77,2.77,Low
2995-YWTCD,Female,0,Yes,Yes,19,Two year,No,24.9,467.7,Bank transfer (automatic),3.12,3.12,Low
3551-HUAZH,Male,1,No,No,1,Month-to-month,Fiber optic,74.4,74.4,Electronic check,86.1,86.1,High
9137-UIYPG,Female,0,Yes,Yes,35,Month-to-month,Fiber optic,106.9,3756.45,Electronic check,37.65,37.65,Medium
2809-ZMYOQ,Female,0,No,No,32,Month-to-month,Fiber optic,101.35,3334.9,Electronic check,79.47,79.47,High
5084-OOVCJ,Female,0,Yes,Yes,17,Month-to-month,DSL,55.35,920.5,Credit card (automatic),51.68,51.68,Medium
0254-WWRKD,Female,0,Yes,Yes,67,One year,DSL,50.55,3431.75,Credit card (automatic),13.63,13.63,Low
7727-SHVZV,Female,0,No,No,9,Month-to-month,No,19.5,150.35,Bank transfer (automatic),47.22,47.22,Medium
6302-JGYRJ,Male,0,No,Yes,31,One year,DSL,79.45,2587.7,Mailed check,28.27,28.27,Low
5339-PXDVH,Male,0,No,No,4,Month-to-month,Fiber optic,90.65,367.95,Electronic check,73.12,73.12,High
2205-LPVGL,Male,1,Yes,Yes,58,One year,Fiber optic,89.85,5125.75,Bank transfer (automatic),2.82,2.82,Low
8782-NUUOL,Male,0,No,No,60,One year,DSL,79.0,4801.1,Mailed check,12.71,12.71,Low
3685-YLCMQ,Male,0,No,No,58,One year,Fiber optic,104.65,6219.6,Electronic check,54.55,54.55,Medium
7601-WFVZV,Male,0,No,No,1,Month-to-month,No,19.55,19.55,Mailed check,46.13,46.13,Medium
4609-KNNWG,Female,0,Yes,Yes,27,Two year,No,19.9,550.1,Mailed check,3.04,3.04,Low
4868-AADLV,Male,1,Yes,Yes,66,One year,Fiber optic,116.25,7862.25,Electronic check,26.35,26.35,Low
9529-OFXHY,Male,0,No,No,15,Month-to-month,Fiber optic,87.75,1242.2,Bank transfer (automatic),69.42,69.42,High
8634-MPHTR,Male,1,Yes,No,47,Month-to-month,Fiber optic,100.05,4871.05,Electronic check,73.44,73.44,High
2669-QVCRG,Female,0,No,No,41,Month-to-month,Fiber optic,81.3,3190.65,Credit card (automatic),49.9,49.9,Medium
2478-EEWWM,Male,0,Yes,No,59,Month-to-month,DSL,44.3,2666.75,Electronic check,61.06,61.06,High
9174-IHETN,Female,0,No,Yes,50,Two year,Fiber optic,70.35,3533.6,Credit card (automatic),8.26,8.26,Low
2233-TXSIU,Male,0,Yes,Yes,17,One year,DSL,44.45,792.15,Credit card (automatic),15.1,15.1,Low
9644-UMGQA,Male,0,Yes,Yes,6,Month-to-month,DSL,49.15,295.65,Electronic check,61.49,61.49,High
3256-EZDBI,Male,1,Yes,No,51,Month-to-month,DSL,29.45,1459.35,Credit card (automatic),43.86,43.86,Medium
8761-NSOBC,Male,0,No,No,44,Month-to-month,Fiber optic,100.55,4398.15,Electronic check,39.76,39.76,Medium
0419-YAAPX,Male,0,Yes,No,49,Month-to-month,Fiber optic,85.3,4297.95,Credit card (automatic),41.3,41.3,Medium
8413-VONUO,Male,0,No,No,2,Month-to-month,Fiber optic,95.65,167.3,Electronic check,80.47,80.47,High
0872-CASZJ,Male,0,Yes,No,59,One year,DSL,69.1,4096.9,Mailed check,5.88,5.88,Low
4726-DLWQN,Male,1,No,No,50,Month-to-month,DSL,70.35,3454.6,Bank transfer (automatic),14.58,14.58,Low
8164-OCKUJ,Female,0,Yes,Yes,59,Two year,No,20.6,1286.0,Mailed check,2.4,2.4,Low
3094-JOJAI,Male,0,No,No,18,Month-to-month,Fiber optic,74.15,1387.0,Mailed check,72.74,72.74,High
9494-MRNYX,Male,0,No,No,10,Month-to-month,Fiber optic,75.05,786.3,Electronic check,76.54,76.54,High
2599-CZABP,Male,0,Yes,No,14,One year,DSL,44.6,641.25,Electronic check,25.69,25.69,Low
7945-PRBVF,Male,0,No,No,35,Two year,No,21.45,705.45,Bank transfer (automatic),4.94,4.94,Low
4544-RXFMG,Male,0,Yes,Yes,8,One year,DSL,43.45,345.5,Mailed check,24.29,24.29,Low
0859-YGKFW,Male,0,Yes,Yes,18,One year,No,20.05,345.9,Bank transfer (automatic),8.92,8.92,Low
1150-FTQGN,Female,0,Yes,Yes,60,One year,Fiber optic,94.15,5811.8,Bank transfer (automatic),10.3,10.3,Low
9223-UCPVT,Female,0,No,No,1,Month-to-month,Fiber optic,94.4,94.4,Electronic check,86.53,86.53,High
7196-LIWRH,Female,0,No,No,6,Two year,No,19.55,124.45,Mailed check,8.89,8.89,Low
5448-VWNAM,Female,0,No,Yes,19,Month-to-month,DSL,75.9,1375.6,Mailed check,22.41,22.41,Low
1177-XZBJL,Male,0,Yes,Yes,53,One year,DSL,64.15,3491.55,Bank transfer (automatic),2.48,2.48,Low
3518-FSTWG,Male,1,Yes,No,72,Two year,Fiber optic,109.55,7920.7,Bank transfer (automatic),6.64,6.64,Low
9330-VOFSZ,Female,0,Yes,No,60,Two year,Fiber optic,110.8,6640.7,Credit card (automatic),13.92,13.92,Low
4351-QLCSU,Female,0,No,No,1,Month-to-month,DSL,55.0,55.0,Credit card (automatic),63.18,63.18,High
0939-EREMR,Female,0,No,Yes,13,Month-to-month,DSL,53.45,718.1,Mailed check,34.53,34.53,Medium
9389-ACWBI,Female,0,Yes,Yes,5,Month-to-month,Fiber optic,69.95,320.4,Credit card (automatic),63.9,63.9,High
5419-JPRRN,Male,0,No,No,1,Month-to-month,Fiber optic,101.45,101.45,Electronic check,92.28,92.28,High
3644-QXEHN,Male,0,Yes,Yes,13,Month-to-month,Fiber optic,97.0,1334.45,Electronic check,77.22,77.22,High
2911-IJORQ,Male,0,No,No,37,One year,DSL,90.6,3358.65,Bank transfer (automatic),13.44,13.44,Low
5921-NGYRH,Male,0,Yes,No,64,Month-to-month,Fiber optic,73.55,4764.0,Mailed check,14.7,14.7,Low
2100-BDNSN,Female,0,Yes,No,5,Month-to-month,DSL,67.95,350.3,Bank transfer (automatic),46.28,46.28,Medium
5998-DZLYR,Female,0,Yes,No,61,Two year,Fiber optic,94.35,5703.0,Bank transfer (automatic),5.81,5.81,Low
0488-GSLFR,Female,0,No,No,1,Month-to-month,Fiber optic,69.5,69.5,Electronic check,81.32,81.32,High
9318-NKNFC,Male,0,No,No,1,Month-to-month,No,18.85,18.85,Mailed check,51.77,51.77,Medium
3985-HOYPM,Male,0,No,No,26,One year,No,19.4,525.55,Mailed check,11.39,11.39,Low
9728-FTTVZ,Female,0,No,No,1,Month-to-month,Fiber optic,69.2,69.2,Electronic check,81.3,81.3,High
9548-LERKT,Male,0,Yes,No,24,Two year,No,19.75,483.15,Mailed check,2.14,2.14,Low
6576-FBXOJ,Male,0,Yes,No,17,One year,DSL,54.6,934.8,Electronic check,53.62,53.62,Medium
4310-KEDTB,Female,0,No,Yes,26,Month-to-month,DSL,29.8,786.5,Mailed check,43.88,43.88,Medium
7254-IQWOZ,Male,0,No,No,1,Month-to-month,Fiber optic,69.65,69.65,Electronic check,79.72,79.72,High
2474-BRUCM,Male,1,Yes,No,40,Month-to-month,Fiber optic,101.85,4086.3,Electronic check,59.2,59.2,Medium
4062-HBMOS,Male,0,No,No,52,Month-to-month,Fiber optic,103.05,5364.8,Electronic check,67.21,67.21,High
0742-NXBGR,Female,0,No,No,1,Month-to-month,Fiber optic,82.3,82.3,Electronic check,81.67,81.67,High
2676-ISHSF,Male,0,No,No,1,Month-to-month,No,20.3,20.3,Mailed check,46.23,46.23,Medium
9236-NDUCW,Female,0,No,No,21,Two year,DSL,35.1,770.4,Mailed check,0.57,0.57,Low
4753-PADAS,Female,0,Yes,No,67,One year,Fiber optic,105.7,6816.95,Bank transfer (automatic),45.23,45.23,Medium
6103-QCKFX,Female,0,Yes,Yes,44,Month-to-month,DSL,56.25,2419.55,Bank transfer (automatic),14.43,14.43,Low
7781-EWARA,Male,0,Yes,Yes,70,One year,DSL,60.35,4138.7,Electronic check,33.3,33.3,Medium
6110-OHIHY,Male,0,No,No,3,Month-to-month,Fiber optic,79.25,267.6,Electronic check,80.64,80.64,High
7018-FPXHH,Male,0,Yes,Yes,56,Two year,DSL,59.8,3457.45,Bank transfer (automatic),1.06,1.06,Low
5889-LFOLL,Female,0,No,No,13,Month-to-month,Fiber optic,84.6,1115.2,Electronic check,86.36,86.36,High
5708-EVONK,Female,0,Yes,Yes,58,Month-to-month,Fiber optic,93.4,5435.6,Bank transfer (automatic),17.0,17.0,Low
8708-XPXHZ,Female,0,Yes,Yes,42,Month-to-month,Fiber optic,94.2,4186.3,Electronic check,64.16,64.16,High
0616-ATFGB,Male,1,Yes,No,1,Month-to-month,DSL,25.05,25.05,Electronic check,86.24,86.24,High
0572-ZJKLT,Female,0,Yes,Yes,46,Two year,Fiber optic,99.65,4630.2,Mailed check,2.09,2.09,Low
5135-RDDQL,Female,0,Yes,Yes,63,Two year,DSL,50.65,3221.25,Bank transfer (automatic),1.6,1.6,Low
1353-LJWEM,Male,0,No,No,11,Month-to-month,DSL,60.9,688.5,Electronic check,53.4,53.4,Medium
1794-SWWKL,Male,0,Yes,Yes,15,Month-to-month,DSL,59.65,867.1,Bank transfer (automatic),34.98,34.98,Medium
6166-YIPFO,Male,0,Yes,No,72,Two year,DSL,64.7,4746.05,Electronic check,5.21,5.21,Low
7016-BPGEU,Female,0,No,No,29,Month-to-month,DSL,25.1,712.85,Credit card (automatic),52.34,52.34,Medium
6876-ADESB,Male,0,No,Yes,1,Month-to-month,DSL,48.95,48.95,Electronic check,64.37,64.37,High
9332-GYWLO,Female,0,Yes,Yes,6,Month-to-month,DSL,54.85,355.1,Electronic check,58.67,58.67,Medium
1963-SVUCV,Male,0,No,No,1,Month-to-month,DSL,45.3,45.3,Electronic check,68.66,68.66,High
4184-VODJZ,Male,0,Yes,Yes,63,One year,Fiber optic,91.35,5764.7,Electronic check,43.82,43.82,Medium
0220-EBGCE,Male,0,No,No,2,Month-to-month,Fiber optic,85.85,167.3,Electronic check,86.2,86.2,High
1092-WPIVQ,Female,0,Yes,Yes,18,Two year,No,25.1,428.45,Mailed check,2.6,2.6,Low
7233-IOQNP,Female,0,Yes,No,43,Month-to-month,DSL,34.0,1505.35,Bank transfer (automatic),20.91,20.91,Low
2834-JKOOW,Female,0,No,No,15,One year,DSL,45.9,693.45,Mailed check,3.8,3.8,Low
2754-VDLTR,Male,0,No,Yes,10,Month-to-month,Fiber optic,95.2,930.4,Electronic check,84.66,84.66,High
2400-FEQME,Male,0,Yes,Yes,55,Two year,No,20.5,1177.95,Mailed check,1.89,1.89,Low
3190-XFANI,Male,0,No,Yes,49,One year,Fiber optic,100.6,5069.65,Bank transfer (automatic),43.16,43.16,Medium
7551-DACSP,Male,0,Yes,Yes,6,Month-to-month,DSL,55.3,324.25,Mailed check,63.76,63.76,High
4957-SREEC,Male,0,Yes,Yes,70,Two year,No,20.35,1458.1,Credit card (automatic),1.62,1.62,Low
7235-NXZCP,Male,1,No,No,2,Month-to-month,Fiber optic,74.85,156.4,Mailed check,86.31,86.31,High
0230-UBYPQ,Male,1,Yes,No,63,One year,DSL,36.1,2298.9,Bank transfer (automatic),1.53,1.53,Low
4923-ADWXJ,Female,0,No,No,25,Month-to-month,DSL,65.8,1679.65,Bank transfer (automatic),36.49,36.49,Medium
1763-KUAAW,Female,1,No,No,18,One year,No,20.35,369.6,Bank transfer (automatic),16.74,16.74,Low
1104-TNLZA,Male,1,Yes,No,28,Month-to-month,Fiber optic,105.8,2998.0,Electronic check,74.41,74.41,High
5195-KPUNQ,Female,1,No,No,53,One year,Fiber optic,96.75,5206.55,Mailed check,12.98,12.98,Low
0520-FDVVT,Male,0,No,No,35,One year,Fiber optic,102.35,3626.1,Bank transfer (automatic),55.91,55.91,Medium
3439-GVUSX,Male,0,No,No,1,Month-to-month,DSL,24.4,24.4,Mailed check,77.22,77.22,High
1444-VVSGW,Male,0,Yes,No,70,One year,Fiber optic,115.65,7968.85,Credit card (automatic),52.35,52.35,Medium
5712-PTIWW,Male,0,No,No,2,Month-to-month,Fiber optic,79.85,152.45,Electronic check,74.58,74.58,High
5949-HGVJL,Female,0,Yes,No,26,Month-to-month,DSL,73.05,1959.5,Electronic check,35.53,35.53,Medium
5203-XEHAX,Female,0,No,No,34,One year,DSL,64.35,2053.05,Electronic check,19.76,19.76,Low
1635-HDGFT,Female,0,No,Yes,19,Two year,No,20.5,398.55,Mailed check,7.03,7.03,Low
3315-TOTBP,Male,0,No,No,15,Month-to-month,Fiber optic,76.0,1130.85,Mailed check,75.15,75.15,High
8050-XGRVL,Female,0,Yes,Yes,62,One year,DSL,54.75,3425.35,Credit card (automatic),8.18,8.18,Low
6661-HBGWL,Female,1,No,No,42,Month-to-month,Fiber optic,104.75,4323.45,Bank transfer (automatic),67.55,67.55,High
1518-VOWAV,Female,0,No,No,9,Month-to-month,DSL,74.65,703.55,Electronic check,54.43,54.43,Medium
9828-QHFBK,Male,0,No,No,24,Month-to-month,DSL,51.15,1275.7,Electronic check,53.34,53.34,Medium
3908-MKIMJ,Male,1,Yes,No,68,Two year,DSL,41.95,2965.75,Electronic check,1.78,1.78,Low
5012-YSPJJ,Male,0,Yes,Yes,31,Month-to-month,DSL,54.35,1647.0,Mailed check,19.97,19.97,Low
5909-ECHUI,Female,0,No,No,1,Month-to-month,DSL,56.25,56.25,Electronic check,70.77,70.77,High
1309-BXVOQ,Male,0,Yes,No,21,Month-to-month,Fiber optic,106.1,2249.95,Electronic check,77.51,77.51,High
6728-VOIFY,Female,0,Yes,No,63,One year,Fiber optic,96.0,6109.75,Electronic check,36.99,36.99,Medium
9317-WZPGV,Female,1,No,No,2,Month-to-month,Fiber optic,79.75,159.4,Bank transfer (automatic),86.38,86.38,High
4891-NLUBA,Female,0,Yes,Yes,61,Two year,DSL,61.45,3751.15,Bank transfer (automatic),6.07,6.07,Low
2856-HYAPG,Female,0,No,No,1,Month-to-month,Fiber optic,68.65,68.65,Electronic check,76.65,76.65,High
8969-PRHFK,Male,0,No,No,18,One year,No,19.65,411.25,Mailed check,11.83,11.83,Low
0661-KQHNK,Female,0,Yes,Yes,6,One year,No,19.0,105.5,Credit card (automatic),11.98,11.98,Low
8709-KRDVL,Female,0,No,No,33,Month-to-month,Fiber optic,100.0,3320.6,Electronic check,75.19,75.19,High
4488-PSYCG,Male,0,No,No,16,Month-to-month,No,20.25,327.45,Bank transfer (automatic),42.81,42.81,Medium
1427-VERSM,Female,0,Yes,No,56,Month-to-month,Fiber optic,98.7,5669.5,Electronic check,29.5,29.5,Low
9801-NOSHQ,Male,0,No,Yes,23,One year,No,19.8,465.45,Mailed check,9.86,9.86,Low
6339-YPSAH,Male,0,No,No,9,Month-to-month,Fiber optic,73.8,704.3,Electronic check,75.66,75.66,High
3621-CEOVK,Female,1,Yes,No,14,Month-to-month,Fiber optic,100.2,1369.8,Electronic check,90.91,90.91,High
6906-ANDWJ,Male,0,Yes,Yes,15,Month-to-month,Fiber optic,74.9,1107.25,Bank transfer (automatic),71.23,71.23,High
2159-TURXX,Male,0,No,No,5,Month-to-month,No,20.05,95.55,Credit card (automatic),28.58,28.58,Low
1548-FEHVL,Male,0,Yes,No,61,Month-to-month,Fiber optic,106.2,6375.2,Electronic check,57.51,57.51,Medium
3795-CAWEX,Male,0,Yes,Yes,70,Two year,Fiber optic,116.55,8152.3,Credit card (automatic),11.67,11.67,Low
6215-NQCPY,Male,0,No,No,15,Month-to-month,Fiber optic,99.7,1566.75,Electronic check,84.07,84.07,High
5647-URDKA,Male,0,Yes,Yes,8,Two year,No,19.7,130.25,Mailed check,2.22,2.22,Low
2229-DPMBI,Female,0,Yes,Yes,8,Two year,No,19.5,162.15,Mailed check,4.43,4.43,Low
9626-WEQRM,Female,0,No,No,4,Month-to-month,DSL,29.15,110.05,Mailed check,61.34,61.34,High
2188-SXWVT,Female,0,No,No,34,One year,DSL,55.0,1885.15,Mailed check,13.18,13.18,Low
6258-PVZWJ,Male,0,Yes,No,68,Two year,DSL,90.8,6302.85,Credit card (automatic),5.48,5.48,Low
1094-BKOSX,Female,0,Yes,Yes,45,One year,DSL,51.0,2264.5,Bank transfer (automatic),16.27,16.27,Low
6969-MVBAI,Female,1,No,No,9,Month-to-month,Fiber optic,90.1,816.8,Electronic check,88.01,88.01,High
2978-XXSOG,Female,0,No,No,22,Month-to-month,DSL,59.05,1253.5,Mailed check,17.71,17.71,Low
2342-CKIAO,Female,0,No,No,2,Month-to-month,No,20.3,41.2,Mailed check,48.66,48.66,Medium
6953-PBDIN,Male,0,Yes,No,70,Two year,DSL,72.95,5265.55,Bank transfer (automatic),1.3,1.3,Low
3898-BSJYF,Female,0,No,Yes,10,One year,DSL,73.55,693.3,Credit card (automatic),21.78,21.78,Low
3938-YFPXD,Male,0,No,No,72,Two year,DSL,84.3,5997.1,Credit card (automatic),6.77,6.77,Low
7696-AMHOD,Female,0,Yes,Yes,49,One year,DSL,78.0,3824.2,Credit card (automatic),18.57,18.57,Low
2453-SAFNS,Female,1,No,No,54,One year,DSL,72.1,3886.05,Mailed check,6.61,6.61,Low
9558-IHEZX,Female,0,No,No,71,Two year,Fiber optic,106.75,7283.25,Credit card (automatic),21.05,21.05,Low
9617-UDPEU,Female,0,No,No,22,One year,No,19.25,412.55,Mailed check,12.93,12.93,Low
6340-DACFT,Female,0,Yes,Yes,50,Two year,No,20.55,1070.25,Credit card (automatic),2.4,2.4,Low
4955-VCWBI,Female,0,Yes,Yes,43,One year,No,20.0,817.95,Mailed check,7.83,7.83,Low
6813-GZQCG,Female,0,Yes,Yes,45,Two year,No,24.65,1171.3,Credit card (automatic),6.12,6.12,Low
7426-GSWPO,Male,1,No,No,64,Month-to-month,Fiber optic,103.5,6548.65,Bank transfer (automatic),34.29,34.29,Medium
3389-KTRXV,Female,0,Yes,Yes,23,Two year,No,23.85,625.65,Mailed check,2.24,2.24,Low
3118-UHVVQ,Female,0,Yes,No,68,Two year,No,25.8,1911.5,Credit card (automatic),2.47,2.47,Low
1031-IIDEO,Female,0,No,No,1,Month-to-month,Fiber optic,70.85,70.85,Electronic check,81.39,81.39,High
5832-XKAES,Male,0,No,No,2,Month-to-month,Fiber optic,69.8,134.7,Credit card (automatic),69.81,69.81,High
3205-MXZRA,Male,0,No,No,26,One year,DSL,59.45,1507.0,Credit card (automatic),23.37,23.37,Low
4701-AHWMW,Male,0,Yes,No,55,Month-to-month,DSL,54.55,2978.3,Bank transfer (automatic),42.68,42.68,Medium
8317-BVKSO,Male,0,No,No,14,Month-to-month,No,20.05,299.3,Electronic check,47.43,47.43,Medium
5702-KVQRD,Male,0,Yes,No,71,Two year,DSL,82.55,5832.65,Electronic check,4.15,4.15,Low
0083-PIVIK,Male,0,No,No,64,One year,DSL,81.25,5567.55,Electronic check,16.32,16.32,Low
9210-IAHGH,Female,0,No,No,7,Month-to-month,DSL,70.75,450.8,Credit card (automatic),55.45,55.45,Medium
6169-PGNCD,Female,0,No,No,57,Two year,DSL,74.3,4166.35,Credit card (automatic),8.58,8.58,Low
0023-XUOPT,Female,0,Yes,No,13,Month-to-month,Fiber optic,94.1,1215.6,Electronic check,78.92,78.92,High
4592-IWTJI,Female,0,Yes,Yes,3,Month-to-month,DSL,29.7,91.7,Credit card (automatic),55.41,55.41,Medium
4909-JOUPP,Male,1,Yes,No,72,Two year,Fiber optic,109.7,7898.45,Credit card (automatic),14.36,14.36,Low
4657-FWVFY,Female,0,Yes,Yes,40,Month-to-month,Fiber optic,96.35,3915.4,Credit card (automatic),63.23,63.23,High
2257-BOVXD,Male,0,Yes,No,14,Month-to-month,DSL,66.6,979.5,Credit card (automatic),47.56,47.56,Medium
7729-JTEEC,Male,0,Yes,Yes,2,Month-to-month,DSL,44.5,90.05,Electronic check,65.98,65.98,High
7632-MNYOY,Male,1,No,No,66,One year,Fiber optic,110.9,7432.05,Credit card (automatic),45.12,45.12,Medium
6518-LGAOV,Female,0,Yes,No,38,Month-to-month,Fiber optic,105.0,4026.4,Electronic check,69.15,69.15,High
7242-QZLXF,Male,0,No,Yes,1,Month-to-month,DSL,25.3,25.3,Electronic check,79.11,79.11,High
4576-CSAJH,Male,0,No,No,22,One year,DSL,55.15,1193.05,Credit card (automatic),29.05,29.05,Low
1000-AJSLD,Male,0,No,No,1,Month-to-month,No,20.1,20.1,Mailed check,51.88,51.88,Medium
9696-RMYBA,Male,0,No,No,5,Month-to-month,Fiber optic,80.1,398.55,Mailed check,82.04,82.04,High
8690-UPCZI,Male,0,Yes,Yes,29,One year,DSL,69.05,1958.45,Bank transfer (automatic),2.65,2.65,Low
1062-LHZOD,Male,0,Yes,Yes,1,Month-to-month,Fiber optic,69.9,69.9,Mailed check,83.13,83.13,High
9770-LXDBK,Female,0,No,No,3,Month-to-month,No,20.4,63.15,Mailed check,48.54,48.54,Medium
4086-WITJG,Male,0,Yes,Yes,71,Two year,No,19.7,1301.1,Credit card (automatic),1.57,1.57,Low
8344-WFMFH,Male,0,No,Yes,9,Month-to-month,DSL,50.1,484.05,Electronic check,57.7,57.7,Medium
9600-NAXZN,Male,0,No,No,43,Month-to-month,Fiber optic,101.4,4528.0,Electronic check,70.81,70.81,High
8822-KNBHV,Female,0,No,No,48,One year,DSL,83.45,3887.85,Credit card (automatic),34.1,34.1,Medium
8404-FYDIB,Male,0,No,No,26,Month-to-month,Fiber optic,86.65,2208.75,Credit card (automatic),54.62,54.62,Medium
2791-SFVEW,Female,0,No,No,9,Month-to-month,No,20.15,238.15,Bank transfer (automatic),47.17,47.17,Medium
6457-USBER,Male,0,No,No,1,Month-to-month,Fiber optic,80.8,80.8,Electronic check,86.33,86.33,High
6762-NSODU,Female,0,Yes,Yes,46,Two year,No,19.4,958.15,Credit card (automatic),2.54,2.54,Low
4662-EKDPQ,Male,0,No,No,2,Month-to-month,DSL,62.05,118.3,Bank transfer (automatic),64.98,64.98,High
9248-OJYKK,Male,1,No,No,1,Month-to-month,Fiber optic,76.45,76.45,Electronic check,86.18,86.18,High
9888-ZCUMM,Male,0,Yes,Yes,64,Two year,DSL,60.05,3845.45,Bank transfer (automatic),2.12,2.12,Low
3398-FSHON,Female,1,No,No,12,Month-to-month,Fiber optic,91.3,1094.5,Electronic check,85.91,85.91,High
3319-DWOEP,Male,1,Yes,No,6,Month-to-month,Fiber optic,95.75,573.75,Electronic check,91.17,91.17,High
1074-WVEVG,Female,0,Yes,No,59,One year,No,20.35,1267.0,Mailed check,5.87,5.87,Low
9979-RGMZT,Female,0,No,No,7,One year,Fiber optic,94.05,633.45,Mailed check,70.68,70.68,High
6437-UDQJM,Female,1,Yes,No,72,Two year,DSL,84.1,6129.65,Credit card (automatic),11.66,11.66,Low
1226-IENZN,Male,1,No,No,16,Month-to-month,Fiber optic,78.75,1218.25,Electronic check,75.53,75.53,High
2108-GLPQB,Male,0,Yes,No,25,Month-to-month,DSL,55.55,1405.3,Credit card (automatic),42.01,42.01,Medium
9259-PACGQ,Female,0,Yes,No,34,Month-to-month,DSL,62.65,2274.9,Electronic check,32.65,32.65,Medium
4415-IJZTP,Female,0,No,No,1,Month-to-month,Fiber optic,74.5,74.5,Electronic check,86.31,86.31,High
1465-VINDH,Female,0,Yes,Yes,10,Month-to-month,Fiber optic,102.1,1068.85,Credit card (automatic),81.72,81.72,High
5474-LAMUQ,Male,0,Yes,No,24,One year,No,20.1,533.9,Mailed check,8.82,8.82,Low
3468-DRVQJ,Female,0,Yes,Yes,10,One year,DSL,70.3,676.15,Electronic check,14.66,14.66,Low
1122-YJBCS,Male,0,Yes,No,69,One year,DSL,53.65,3804.4,Credit card (automatic),18.5,18.5,Low
4990-ALDGW,Male,0,No,No,57,Two year,No,20.75,1118.8,Mailed check,3.49,3.49,Low
4816-OKWNX,Male,0,Yes,Yes,50,One year,Fiber optic,103.4,5236.4,Bank transfer (automatic),37.16,37.16,Medium
3315-IKYZQ,Male,0,Yes,Yes,28,One year,DSL,50.8,1386.8,Mailed check,3.92,3.92,Low
2810-FTLEM,Female,0,No,No,16,Month-to-month,DSL,50.15,762.25,Electronic check,56.05,56.05,Medium
4747-LCAQL,Male,0,No,No,25,Month-to-month,DSL,79.0,1902.0,Mailed check,36.38,36.38,Medium
3411-WLRSQ,Female,1,Yes,No,3,Month-to-month,Fiber optic,74.6,239.05,Bank transfer (automatic),82.81,82.81,High
0898-XCGTF,Male,0,Yes,No,61,One year,Fiber optic,96.5,5673.7,Bank transfer (automatic),49.99,49.99,Medium
8006-PYCSW,Female,0,No,No,2,Month-to-month,No,20.1,39.8,Mailed check,48.63,48.63,Medium
8249-THVEC,Male,0,Yes,Yes,51,One year,No,19.4,997.75,Mailed check,5.22,5.22,Low
8722-PRFDV,Female,0,Yes,Yes,71,Two year,DSL,77.55,5574.35,Credit card (automatic),4.62,4.62,Low
2164-SOQXL,Female,0,Yes,Yes,20,Month-to-month,No,20.05,406.05,Mailed check,37.23,37.23,Medium
4020-KIUDI,Male,0,Yes,Yes,6,Month-to-month,No,19.85,138.85,Credit card (automatic),27.21,27.21,Low
5850-BDWCY,Female,0,No,No,6,Month-to-month,No,20.2,123.65,Mailed check,48.01,48.01,Medium
2038-YSEZE,Female,0,No,No,29,Month-to-month,DSL,67.45,1801.1,Mailed check,19.45,19.45,Low
0827-ITJPH,Male,0,No,No,36,Two year,No,18.55,689.0,Credit card (automatic),6.3,6.3,Low
8799-OXZMD,Female,0,No,No,28,Month-to-month,DSL,29.75,790.7,Mailed check,50.86,50.86,Medium
1925-TIBLE,Female,0,Yes,No,7,Month-to-month,Fiber optic,86.5,582.5,Electronic check,85.98,85.98,High
1705-GUHPV,Female,0,No,No,63,Two year,No,24.2,1618.2,Mailed check,2.36,2.36,Low
4779-ZGICK,Male,0,Yes,Yes,48,Two year,No,23.55,1173.35,Mailed check,1.21,1.21,Low
0048-PIHNL,Female,0,Yes,No,49,One year,No,20.45,900.9,Bank transfer (automatic),9.14,9.14,Low
0818-OCPZO,Male,1,No,No,27,Month-to-month,Fiber optic,81.45,2122.05,Electronic check,70.34,70.34,High
3967-KXAPS,Male,0,Yes,No,72,Two year,DSL,92.3,6719.9,Credit card (automatic),6.02,6.02,Low
1447-GIQMR,Male,0,Yes,No,1,Month-to-month,Fiber optic,69.15,69.15,Electronic check,80.89,80.89,High
3704-IEAXF,Female,0,Yes,Yes,72,Two year,DSL,53.65,3784.0,Credit card (automatic),7.26,7.26,Low
6810-VCAEX,Female,0,No,No,47,One year,DSL,39.65,1798.65,Credit card (automatic),9.94,9.94,Low
0674-EYYZV,Female,0,No,No,1,Month-to-month,DSL,54.65,54.65,Electronic check,72.5,72.5,High
4480-MBMLB,Female,0,No,No,36,One year,Fiber optic,104.8,3886.45,Bank transfer (automatic),56.35,56.35,Medium
1395-OFUWC,Male,0,Yes,Yes,43,Month-to-month,DSL,29.3,1224.05,Credit card (automatic),37.47,37.47,Medium
0822-QGCXA,Female,1,Yes,No,27,Month-to-month,DSL,83.85,2310.2,Electronic check,44.85,44.85,Medium
0872-NXJYS,Female,0,No,No,9,Month-to-month,Fiber optic,79.55,723.4,Electronic check,81.84,81.84,High
2832-KJCRD,Female,0,No,No,38,Month-to-month,Fiber optic,103.65,3988.5,Electronic check,69.71,69.71,High
3588-WSTTJ,Female,1,No,No,35,Month-to-month,Fiber optic,99.05,3554.6,Electronic check,73.19,73.19,High
4075-WKNIU,Female,0,Yes,Yes,0,Two year,DSL,73.35,0.0,Mailed check,3.52,3.52,Low
5090-EMGTC,Female,0,Yes,No,59,Two year,Fiber optic,100.05,6034.85,Mailed check,12.76,12.76,Low
2346-CZYIL,Male,0,No,No,27,Two year,No,20.35,531.6,Credit card (automatic),5.6,5.6,Low
3798-EPWRR,Female,1,No,No,2,Month-to-month,DSL,43.95,85.1,Electronic check,70.09,70.09,High
6258-NGCNG,Male,0,No,No,7,Month-to-month,No,23.5,173.0,Mailed check,43.92,43.92,Medium
4186-ZBUEW,Female,0,No,No,36,One year,DSL,70.7,2511.95,Mailed check,12.57,12.57,Low
5274-XHAKY,Female,0,Yes,Yes,41,Month-to-month,Fiber optic,94.3,3893.6,Bank transfer (automatic),44.44,44.44,Medium
1442-BQPVU,Female,0,No,No,13,Month-to-month,DSL,29.15,357.15,Electronic check,62.61,62.61,High
3978-YNKDD,Male,0,No,Yes,19,Two year,No,20.85,467.5,Credit card (automatic),4.6,4.6,Low
4940-KHCWD,Female,0,Yes,No,60,Two year,DSL,37.7,2288.7,Bank transfer (automatic),0.33,0.33,Low
9412-ARGBX,Female,0,No,Yes,48,Two year,Fiber optic,95.5,4627.85,Mailed check,11.11,11.11,Low
1389-CXMLU,Male,1,No,No,3,Month-to-month,Fiber optic,91.05,289.1,Electronic check,85.43,85.43,High
9589-ABEPT,Male,0,Yes,No,69,Two year,Fiber optic,92.45,6460.55,Mailed check,1.69,1.69,Low
9388-ZEYVT,Male,0,No,No,43,One year,DSL,44.15,1931.3,Electronic check,23.47,23.47,Low
0305-SQECB,Female,0,No,Yes,11,One year,DSL,36.05,402.6,Mailed check,4.31,4.31,Low
7605-SNLQG,Female,0,Yes,No,45,Month-to-month,DSL,50.25,2221.55,Credit card (automatic),35.4,35.4,Medium
4670-TABXH,Male,0,Yes,No,72,Two year,Fiber optic,109.75,7758.9,Credit card (automatic),16.5,16.5,Low
5561-NWEVX,Female,1,Yes,No,2,Month-to-month,Fiber optic,79.2,172.85,Electronic check,87.96,87.96,High
0064-SUDOG,Female,0,Yes,Yes,12,Two year,No,20.3,224.5,Bank transfer (automatic),5.33,5.33,Low
8561-NMTBD,Female,0,Yes,Yes,67,One year,Fiber optic,112.35,7388.45,Credit card (automatic),35.34,35.34,Medium
5161-XEUVX,Male,0,Yes,No,37,Two year,Fiber optic,94.3,3460.95,Mailed check,2.88,2.88,Low
8292-FRFZQ,Female,0,No,No,39,One year,DSL,41.15,1700.9,Bank transfer (automatic),2.87,2.87,Low
8591-NXRCV,Female,0,No,No,41,Month-to-month,DSL,74.65,3090.65,Bank transfer (automatic),12.52,12.52,Low
7895-VONWT,Female,0,No,No,25,Month-to-month,DSL,48.25,1293.8,Electronic check,74.8,74.8,High
4526-RMTLL,Male,0,Yes,Yes,8,Two year,DSL,76.15,645.8,Credit card (automatic),6.15,6.15,Low
6253-GNHWH,Female,0,Yes,Yes,71,Two year,DSL,71.1,5224.95,Mailed check,0.63,0.63,Low
4566-NECEV,Male,0,No,No,5,Month-to-month,Fiber optic,96.55,500.1,Electronic check,84.18,84.18,High
8080-POTJR,Female,0,No,No,30,One year,DSL,79.3,2427.1,Credit card (automatic),30.24,30.24,Medium
6906-MPARY,Male,0,No,No,40,One year,Fiber optic,89.6,3488.15,Credit card (automatic),28.82,28.82,Low
3662-FXJFO,Female,0,No,No,54,Two year,No,20.5,1035.7,Mailed check,3.91,3.91,Low
8107-RZLNV,Male,0,Yes,No,72,Two year,Fiber optic,106.3,7565.35,Bank transfer (automatic),21.59,21.59,Low
0516-OOHAR,Male,0,Yes,Yes,28,One year,Fiber optic,100.35,2799.0,Bank transfer (automatic),41.22,41.22,Medium
2027-CWDNU,Male,0,Yes,Yes,18,Month-to-month,Fiber optic,85.6,1601.5,Electronic check,60.31,60.31,High
2737-WFVYW,Female,0,No,No,2,Month-to-month,DSL,45.25,85.5,Electronic check,88.16,88.16,High
9912-OMZDS,Female,0,Yes,Yes,59,One year,Fiber optic,106.15,6256.2,Electronic check,46.97,46.97,Medium
3733-ZEECP,Male,0,Yes,Yes,22,Month-to-month,DSL,51.1,1232.9,Electronic check,50.32,50.32,Medium
7878-RTCZG,Female,0,No,No,1,Month-to-month,No,19.9,19.9,Mailed check,48.71,48.71,Medium
2452-MRMZF,Female,1,Yes,No,72,Two year,No,25.7,1937.4,Credit card (automatic),4.31,4.31,Low
2272-QAGFO,Female,1,No,No,14,Month-to-month,Fiber optic,74.3,1096.25,Electronic check,83.18,83.18,High
7103-IPXPJ,Male,0,Yes,No,50,One year,Fiber optic,99.4,5059.75,Electronic check,46.18,46.18,Medium
4342-HFXWS,Female,0,Yes,Yes,48,One year,DSL,69.7,3023.65,Bank transfer (automatic),11.22,11.22,Low
3545-CNWRG,Female,0,Yes,Yes,49,Month-to-month,Fiber optic,98.35,4889.2,Electronic check,59.4,59.4,Medium
1785-BPHTP,Male,0,Yes,Yes,28,Month-to-month,Fiber optic,85.45,2289.9,Electronic check,63.69,63.69,High
4989-LIXVT,Male,1,No,No,68,Month-to-month,Fiber optic,95.9,6503.2,Electronic check,42.29,42.29,Medium
7315-WYOAW,Male,0,No,No,13,Month-to-month,Fiber optic,100.75,1313.25,Electronic check,75.09,75.09,High
1173-XZPYF,Female,0,No,No,11,Month-to-month,Fiber optic,89.2,990.3,Electronic check,85.03,85.03,High
9850-OWRHQ,Female,0,Yes,No,3,Month-to-month,Fiber optic,74.1,228.0,Credit card (automatic),77.64,77.64,High
3768-NLUBH,Male,1,Yes,No,57,Month-to-month,Fiber optic,100.6,5746.15,Electronic check,59.58,59.58,Medium
8676-TRMJS,Male,0,No,No,3,Month-to-month,Fiber optic,75.0,209.1,Mailed check,81.46,81.46,High
2509-TFPJU,Male,0,Yes,No,72,Two year,No,25.75,1864.2,Credit card (automatic),2.49,2.49,Low
9530-GRMJG,Male,0,Yes,Yes,70,Two year,DSL,84.1,5979.7,Electronic check,13.91,13.91,Low
6898-RBTLU,Female,0,Yes,Yes,49,Two year,DSL,79.3,3902.45,Bank transfer (automatic),8.25,8.25,Low
5481-NTDOH,Female,1,Yes,No,67,One year,Fiber optic,107.05,7142.5,Credit card (automatic),37.08,37.08,Medium
2068-WWXQZ,Male,0,No,No,46,Two year,No,20.05,902.0,Bank transfer (automatic),4.43,4.43,Low
7359-SSBJK,Female,1,No,No,64,Two year,DSL,70.2,4481.0,Credit card (automatic),10.28,10.28,Low
2061-VVFST,Female,0,Yes,No,37,Month-to-month,No,19.5,805.2,Bank transfer (automatic),34.2,34.2,Medium
0685-MLYYM,Female,1,No,No,2,Month-to-month,Fiber optic,70.75,154.85,Electronic check,80.25,80.25,High
0749-IRGQE,Female,1,Yes,No,13,Month-to-month,DSL,45.3,528.45,Electronic check,81.32,81.32,High
2380-DAMQP,Female,0,Yes,No,72,Two year,Fiber optic,115.15,8349.7,Electronic check,6.59,6.59,Low
2256-YLYLP,Male,0,Yes,Yes,68,Two year,DSL,72.95,4953.25,Bank transfer (automatic),6.35,6.35,Low
1272-ILHFG,Male,0,Yes,Yes,15,One year,No,19.65,332.65,Mailed check,7.84,7.84,Low
0164-XAIRP,Female,0,No,No,24,Two year,No,19.55,470.2,Bank transfer (automatic),6.47,6.47,Low
5666-CYCYZ,Female,0,No,No,24,Month-to-month,Fiber optic,89.55,2259.35,Electronic check,73.9,73.9,High
4011-ARPHK,Male,0,No,No,27,Month-to-month,DSL,50.35,1411.35,Mailed check,29.17,29.17,Low
8182-PNAGI,Male,0,No,No,12,Month-to-month,DSL,50.25,593.75,Bank transfer (automatic),33.78,33.78,Medium
6365-HITVU,Female,0,Yes,Yes,71,Two year,DSL,87.25,6328.7,Credit card (automatic),5.3,5.3,Low
7558-IMLMT,Male,0,Yes,Yes,67,Two year,No,20.8,1411.9,Mailed check,2.13,2.13,Low
9488-FYQAU,Female,0,Yes,No,63,Two year,Fiber optic,109.25,6841.4,Bank transfer (automatic),11.84,11.84,Low
3590-TCXTB,Male,0,No,No,1,Month-to-month,No,20.35,20.35,Mailed check,46.24,46.24,Medium
6994-KERXL,Male,0,No,No,4,Month-to-month,DSL,55.9,238.5,Electronic check,70.65,70.65,High
7957-RYHQD,Female,1,No,No,40,Month-to-month,Fiber optic,79.2,3233.85,Credit card (automatic),56.8,56.8,Medium
2180-DXNEG,Female,0,No,No,12,Month-to-month,Fiber optic,96.0,1062.1,Electronic check,85.8,85.8,High
1960-UOTYM,Male,0,Yes,Yes,52,Two year,DSL,79.2,4016.3,Electronic check,3.62,3.62,Low
2740-JFBOK,Male,0,No,No,10,Month-to-month,No,24.0,226.55,Electronic check,51.26,51.26,Medium
6500-JVEGC,Male,0,No,No,68,One year,Fiber optic,101.35,7110.75,Bank transfer (automatic),11.33,11.33,Low
5515-AKOAJ,Female,0,No,No,54,Month-to-month,Fiber optic,100.1,5440.9,Electronic check,58.1,58.1,Medium
8976-OQHGT,Female,0,Yes,Yes,4,Month-to-month,DSL,56.5,235.1,Mailed check,47.01,47.01,Medium
5245-VDBUR,Female,0,Yes,No,52,One year,DSL,35.45,1958.95,Mailed check,3.66,3.66,Low
6230-BSUXY,Female,1,No,No,1,Month-to-month,Fiber optic,85.0,85.0,Electronic check,89.33,89.33,High
8469-SNFFH,Male,0,Yes,No,70,One year,DSL,79.4,5528.9,Bank transfer (automatic),5.14,5.14,Low
2144-ESWKO,Male,0,No,No,43,One year,DSL,35.2,1463.7,Credit card (automatic),8.38,8.38,Low
1241-FPMOF,Male,0,No,No,52,Two year,No,19.65,1025.05,Mailed check,3.62,3.62,Low
9928-BZVLZ,Female,0,No,No,12,Two year,DSL,49.85,552.1,Mailed check,2.84,2.84,Low
4114-QMKVN,Female,0,Yes,Yes,56,One year,DSL,68.75,3815.4,Bank transfer (automatic),7.96,7.96,Low
2775-SEFEE,Male,0,No,Yes,0,Two year,DSL,61.9,0.0,Bank transfer (automatic),0.88,0.88,Low
9003-CPATH,Male,0,No,No,42,Month-to-month,Fiber optic,79.9,3313.4,Electronic check,57.11,57.11,Medium
1754-GKYPY,Male,1,Yes,No,22,Month-to-month,Fiber optic,89.75,1938.9,Bank transfer (automatic),77.92,77.92,High
5294-CDGWY,Male,0,Yes,Yes,51,One year,DSL,59.3,3014.65,Electronic check,31.79,31.79,Medium
7956-XQWGU,Male,0,No,No,27,Month-to-month,No,19.4,460.25,Credit card (automatic),30.25,30.25,Medium
1591-MQJTP,Male,1,Yes,No,51,One year,Fiber optic,93.65,4839.15,Bank transfer (automatic),27.36,27.36,Low
5295-PCJOO,Male,0,No,Yes,4,Month-to-month,DSL,49.4,184.4,Electronic check,62.21,62.21,High
2369-FEVNO,Male,0,No,No,1,Month-to-month,No,19.9,19.9,Mailed check,51.86,51.86,Medium
9863-JZAIC,Male,0,No,No,35,Month-to-month,DSL,55.0,2010.55,Mailed check,35.86,35.86,Medium
7471-MQPOS,Male,1,Yes,Yes,71,One year,DSL,72.9,5139.65,Bank transfer (automatic),13.2,13.2,Low
7660-HDPJV,Female,0,No,No,1,Month-to-month,Fiber optic,69.2,69.2,Electronic check,81.3,81.3,High
5115-SQAAU,Female,0,Yes,Yes,69,Two year,No,25.6,1673.4,Bank transfer (automatic),1.8,1.8,Low
9845-QOMAD,Male,0,Yes,Yes,14,One year,No,19.75,309.35,Mailed check,7.94,7.94,Low
7672-VFMXZ,Male,0,Yes,No,57,Month-to-month,DSL,55.7,3171.6,Electronic check,19.49,19.49,Low
9739-JLPQJ,Female,0,Yes,Yes,72,Two year,Fiber optic,117.5,8670.1,Credit card (automatic),13.63,13.63,Low
9916-AYHTC,Male,0,No,No,48,Two year,No,19.85,916.0,Credit card (automatic),3.71,3.71,Low
3855-ONCAR,Female,0,Yes,Yes,4,Month-to-month,Fiber optic,78.9,299.75,Mailed check,82.12,82.12,High
1488-SYSFC,Male,0,Yes,Yes,31,Month-to-month,No,20.65,702.05,Electronic check,40.97,40.97,Medium
7931-PXHFC,Male,0,No,No,38,One year,DSL,62.3,2354.8,Mailed check,22.17,22.17,Low
3990-QYKBE,Male,1,Yes,No,37,Month-to-month,Fiber optic,92.5,3473.4,Electronic check,77.35,77.35,High
0970-QXPXW,Female,0,No,No,1,Month-to-month,No,19.65,19.65,Mailed check,48.67,48.67,Medium
3259-KNMRR,Male,1,No,No,57,Two year,DSL,79.75,4438.2,Bank transfer (automatic),15.94,15.94,Low
6120-RJKLU,Female,1,Yes,No,62,Two year,DSL,79.95,4819.75,Credit card (automatic),15.34,15.34,Low
9572-WUKSB,Male,0,Yes,No,3,Month-to-month,DSL,29.9,92.25,Electronic check,71.2,71.2,High
5893-KCLGT,Female,0,No,Yes,72,Two year,No,19.75,1567.0,Mailed check,4.1,4.1,Low
0076-LVEPS,Male,0,No,Yes,29,Month-to-month,DSL,45.0,1242.45,Mailed check,15.9,15.9,Low
3640-JQGJG,Male,0,Yes,Yes,13,Month-to-month,DSL,44.8,559.2,Bank transfer (automatic),47.57,47.57,Medium
4919-MOAVT,Male,0,No,Yes,3,Month-to-month,Fiber optic,69.65,220.1,Electronic check,77.53,77.53,High
1596-OQSPS,Female,0,No,No,11,Month-to-month,DSL,51.1,531.15,Electronic check,54.5,54.5,Medium
9867-XOBQA,Female,0,No,Yes,21,Two year,DSL,53.15,1183.2,Mailed check,1.07,1.07,Low
9546-KDTRB,Female,0,No,No,19,Month-to-month,No,24.7,465.85,Bank transfer (automatic),38.06,38.06,Medium
3090-HAWSU,Male,0,No,No,61,Two year,Fiber optic,111.6,6876.05,Credit card (automatic),23.56,23.56,Low
9820-RMCQV,Female,0,No,No,11,Month-to-month,DSL,48.55,501.0,Credit card (automatic),52.36,52.36,Medium
3174-RKMOW,Male,0,Yes,Yes,35,Month-to-month,Fiber optic,109.95,3782.4,Electronic check,69.38,69.38,High
1760-CAZHT,Male,0,No,Yes,25,Month-to-month,No,20.8,460.2,Mailed check,37.64,37.64,Medium
7839-QRKXN,Female,0,No,No,1,Month-to-month,No,20.2,20.2,Mailed check,53.64,53.64,Medium
8441-SHIPE,Female,0,No,No,67,Two year,No,25.6,1790.35,Bank transfer (automatic),2.61,2.61,Low
5204-QZXPU,Male,0,No,No,19,Month-to-month,DSL,39.65,733.35,Electronic check,80.2,80.2,High
4597-ELFTS,Male,0,No,No,56,One year,No,24.9,1334.0,Electronic check,11.15,11.15,Low
1320-GVNHT,Male,0,Yes,Yes,72,Two year,Fiber optic,108.4,7767.25,Credit card (automatic),17.21,17.21,Low
1047-RNXZV,Male,0,No,No,43,Two year,No,19.55,876.15,Mailed check,4.0,4.0,Low
3541-ZNUHK,Female,0,Yes,Yes,55,Month-to-month,Fiber optic,85.1,4600.95,Electronic check,34.26,34.26,Medium
8450-JOVAH,Male,0,Yes,Yes,2,Month-to-month,DSL,56.7,113.55,Mailed check,46.36,46.36,Medium
8725-JEDFD,Male,0,No,No,27,Month-to-month,Fiber optic,69.05,1793.25,Mailed check,63.37,63.37,High
7562-UXTPG,Female,0,No,No,13,Month-to-month,Fiber optic,70.15,886.7,Mailed check,74.25,74.25,High
8071-SBTRN,Female,0,No,No,70,Two year,Fiber optic,111.15,7737.55,Mailed check,15.72,15.72,Low
1113-IUJYX,Female,0,Yes,No,14,One year,Fiber optic,105.95,1348.9,Mailed check,30.26,30.26,Medium
6668-CNMFP,Female,0,Yes,Yes,19,One year,Fiber optic,89.35,1686.85,Bank transfer (automatic),43.11,43.11,Medium
5626-MGTUK,Female,0,No,No,20,Month-to-month,Fiber optic,89.1,1879.25,Bank transfer (automatic),64.29,64.29,High
5681-LLOEI,Male,0,Yes,Yes,43,One year,Fiber optic,91.25,4013.8,Credit card (automatic),10.13,10.13,Low
8212-DJRCH,Male,0,Yes,Yes,5,Month-to-month,Fiber optic,90.35,434.5,Mailed check,80.99,80.99,High
4323-OHFOW,Female,1,Yes,No,70,One year,Fiber optic,105.55,7195.35,Bank transfer (automatic),27.0,27.0,Low
4933-BSAIP,Female,0,Yes,No,40,Two year,No,19.1,780.1,Mailed check,2.7,2.7,Low
2030-BTZRO,Male,0,Yes,Yes,6,Two year,No,20.4,107.6,Credit card (automatic),5.88,5.88,Low
1116-DXXDF,Male,0,No,No,39,Two year,Fiber optic,100.45,3801.7,Electronic check,36.92,36.92,Medium
9274-CNFMO,Male,1,Yes,No,4,Month-to-month,Fiber optic,74.95,308.7,Electronic check,83.13,83.13,High
7758-XKCBS,Male,0,No,No,15,Month-to-month,DSL,29.7,438.25,Electronic check,61.12,61.12,High
8992-JQYUN,Male,0,Yes,No,1,Month-to-month,DSL,50.35,50.35,Electronic check,90.95,90.95,High
6563-VNPMN,Female,1,No,No,45,Month-to-month,Fiber optic,85.7,3778.1,Bank transfer (automatic),29.29,29.29,Low
0617-AQNWT,Female,0,Yes,No,64,Two year,DSL,47.85,3147.5,Electronic check,4.74,4.74,Low
2267-WTPYD,Female,1,Yes,No,57,Month-to-month,Fiber optic,94.0,5438.95,Credit card (automatic),32.56,32.56,Medium
0270-THENM,Male,0,Yes,Yes,72,Two year,DSL,69.85,5102.35,Bank transfer (automatic),0.39,0.39,Low
2446-PLQVO,Male,0,No,No,1,Month-to-month,Fiber optic,70.3,70.3,Electronic check,79.76,79.76,High
4707-MAXGU,Male,0,Yes,No,72,Two year,No,25.85,1872.2,Credit card (automatic),2.49,2.49,Low
2710-WYVXG,Female,0,No,No,3,Two year,DSL,71.1,213.35,Mailed check,4.62,4.62,Low
3005-NFMTA,Male,1,No,No,55,Month-to-month,Fiber optic,98.8,5617.75,Electronic check,58.48,58.48,Medium
6300-BWMJX,Female,0,Yes,No,59,Month-to-month,Fiber optic,93.35,5386.5,Electronic check,42.73,42.73,Medium
8784-CGILN,Female,0,No,No,18,Month-to-month,Fiber optic,99.85,1776.95,Bank transfer (automatic),76.96,76.96,High
5389-FFVKB,Male,1,Yes,No,32,Month-to-month,Fiber optic,80.3,2483.05,Credit card (automatic),51.74,51.74,Medium
7009-LGECI,Female,0,No,No,4,Month-to-month,DSL,50.55,235.65,Bank transfer (automatic),53.22,53.22,Medium
8444-WRIDW,Female,1,No,No,66,Month-to-month,Fiber optic,80.45,5224.35,Credit card (automatic),46.69,46.69,Medium
5022-KVDQT,Male,0,No,No,27,Month-to-month,Fiber optic,81.3,2272.8,Electronic check,70.15,70.15,High
7976-CICYS,Male,0,No,No,4,Month-to-month,No,20.7,83.75,Credit card (automatic),36.91,36.91,Medium
1036-GUDCL,Male,0,Yes,Yes,60,Month-to-month,DSL,79.05,4663.4,Credit card (automatic),27.36,27.36,Low
2005-DWQZJ,Female,0,Yes,Yes,8,Two year,No,19.05,201.7,Mailed check,4.4,4.4,Low
8148-WOCMK,Male,0,Yes,Yes,8,Two year,No,19.6,125.0,Credit card (automatic),3.19,3.19,Low
7815-PDTHL,Male,0,No,No,35,Two year,No,20.2,684.4,Mailed check,4.51,4.51,Low
9451-LPGOO,Male,0,No,No,7,Month-to-month,Fiber optic,86.8,620.35,Electronic check,85.93,85.93,High
9173-IVZVP,Female,0,Yes,Yes,53,Two year,No,20.9,1146.05,Mailed check,2.51,2.51,Low
9129-UXERG,Female,1,No,No,18,Month-to-month,Fiber optic,103.6,1806.35,Credit card (automatic),72.53,72.53,High
3635-JBPSG,Female,0,No,No,15,Two year,DSL,38.8,603.0,Mailed check,13.7,13.7,Low
7964-ZRKKG,Male,0,Yes,No,67,One year,Fiber optic,88.4,5798.3,Bank transfer (automatic),20.47,20.47,Low
5868-YWPDW,Male,1,Yes,No,6,Month-to-month,Fiber optic,84.2,519.15,Electronic check,85.09,85.09,High
6229-LSCKB,Male,1,No,No,6,Month-to-month,Fiber optic,79.7,497.6,Electronic check,82.58,82.58,High
2025-JKFWI,Male,0,No,No,13,Month-to-month,Fiber optic,99.0,1301.7,Mailed check,79.37,79.37,High
4078-SAYYN,Female,0,No,No,11,Month-to-month,Fiber optic,100.75,1129.75,Electronic check,90.28,90.28,High
1724-IQWNM,Male,0,No,Yes,1,Month-to-month,No,19.3,19.3,Mailed check,50.59,50.59,Medium
8217-QYOHV,Male,0,No,No,5,Month-to-month,DSL,55.75,266.95,Mailed check,33.15,33.15,Medium
5546-QUERU,Male,0,No,No,13,One year,No,19.95,257.0,Mailed check,14.88,14.88,Low
9940-HPQPG,Female,0,Yes,No,9,Month-to-month,Fiber optic,91.75,865.8,Bank transfer (automatic),64.75,64.75,High
6897-UUBNU,Male,0,No,No,29,Month-to-month,Fiber optic,89.65,2623.65,Mailed check,37.03,37.03,Medium
6127-IYJOZ,Male,1,No,No,1,Month-to-month,DSL,45.85,45.85,Mailed check,69.04,69.04,High
6618-RYATB,Female,0,No,No,1,Month-to-month,Fiber optic,79.55,79.55,Mailed check,87.76,87.76,High
8930-XOTDP,Female,0,Yes,Yes,18,Month-to-month,DSL,55.95,1082.8,Mailed check,44.13,44.13,Medium
5916-QEWPT,Female,0,Yes,No,2,Month-to-month,DSL,69.0,147.8,Credit card (automatic),48.84,48.84,Medium
5060-TQUQN,Male,0,Yes,Yes,30,Month-to-month,Fiber optic,83.55,2570.2,Bank transfer (automatic),42.73,42.73,Medium
0531-XBKMM,Male,0,No,Yes,66,Two year,DSL,65.7,4378.9,Bank transfer (automatic),0.42,0.42,Low
8465-SBRXP,Male,0,Yes,Yes,38,Two year,Fiber optic,94.9,3616.25,Bank transfer (automatic),4.55,4.55,Low
2408-PSJVE,Male,0,Yes,Yes,44,Month-to-month,DSL,61.9,2924.05,Mailed check,23.46,23.46,Low
9079-YEXQJ,Female,0,No,No,54,Month-to-month,Fiber optic,111.1,6014.85,Electronic check,52.35,52.35,Medium
9700-ZCLOT,Male,0,No,No,2,Month-to-month,No,20.0,32.7,Mailed check,46.19,46.19,Medium
8738-JOKAR,Female,0,No,No,42,One year,DSL,67.7,2882.25,Mailed check,11.32,11.32,Low
4534-WGCIR,Female,0,Yes,Yes,58,Two year,No,25.15,1509.9,Credit card (automatic),2.98,2.98,Low
1930-WNXSB,Male,0,Yes,Yes,58,Month-to-month,Fiber optic,92.85,5305.05,Electronic check,45.98,45.98,Medium
2685-SREOM,Female,0,Yes,Yes,25,Month-to-month,Fiber optic,89.1,2368.4,Electronic check,70.84,70.84,High
3508-CFVZL,Female,0,No,No,71,Two year,Fiber optic,111.3,7985.9,Mailed check,5.04,5.04,Low
0402-CQAJN,Female,0,No,No,37,Month-to-month,Fiber optic,101.9,3545.35,Bank transfer (automatic),69.1,69.1,High
6692-UDPJC,Female,0,Yes,Yes,14,Month-to-month,Fiber optic,91.65,1301.0,Electronic check,73.77,73.77,High
1273-MTETI,Female,1,No,No,4,Month-to-month,Fiber optic,88.85,372.45,Electronic check,92.63,92.63,High
0657-DOGUM,Female,0,Yes,No,48,One year,DSL,60.6,2985.25,Bank transfer (automatic),2.11,2.11,Low
5480-HPRRX,Female,1,No,No,3,Month-to-month,DSL,25.3,77.75,Electronic check,84.66,84.66,High
8792-AOROI,Female,0,Yes,No,8,Two year,DSL,65.5,564.35,Mailed check,2.4,2.4,Low
0295-PPHDO,Male,0,No,No,1,Month-to-month,Fiber optic,95.45,95.45,Electronic check,91.87,91.87,High
5146-YYFRZ,Male,0,No,No,67,Two year,No,19.95,1311.75,Bank transfer (automatic),3.68,3.68,Low
1195-OIYEJ,Male,0,No,No,13,Month-to-month,Fiber optic,91.1,1135.7,Electronic check,84.98,84.98,High
5906-CVLHP,Female,0,Yes,Yes,45,One year,DSL,54.15,2319.8,Credit card (automatic),19.47,19.47,Low
3452-SRFEG,Male,0,No,No,49,Month-to-month,Fiber optic,74.6,3720.35,Bank transfer (automatic),43.65,43.65,Medium
4070-OKWVH,Female,0,Yes,No,52,Month-to-month,Fiber optic,94.6,5025.8,Bank transfer (automatic),45.15,45.15,Medium
5297-MDOIR,Female,0,Yes,No,63,One year,Fiber optic,81.15,5224.5,Credit card (automatic),14.64,14.64,Low
6369-MCAKO,Female,0,Yes,Yes,68,Two year,DSL,89.05,6185.8,Bank transfer (automatic),2.85,2.85,Low
4926-UMJZD,Female,0,Yes,No,31,Month-to-month,DSL,49.2,1498.55,Mailed check,29.77,29.77,Low
6848-HJTXY,Female,0,Yes,No,64,Two year,No,19.45,1208.6,Credit card (automatic),1.99,1.99,Low
6341-AEVKX,Female,0,Yes,No,62,One year,Fiber optic,104.3,6613.65,Electronic check,22.27,22.27,Low
4501-EQDRN,Female,0,No,No,1,Month-to-month,Fiber optic,69.7,69.7,Bank transfer (automatic),73.07,73.07,High
2990-HWIML,Female,0,No,No,6,Month-to-month,Fiber optic,89.5,573.3,Electronic check,87.98,87.98,High
0682-USIXD,Female,0,Yes,No,21,Month-to-month,Fiber optic,86.05,1818.9,Electronic check,72.55,72.55,High
6976-BWGLQ,Female,0,Yes,Yes,72,Two year,No,25.2,1787.35,Bank transfer (automatic),1.9,1.9,Low
7078-NVFAM,Female,0,Yes,Yes,32,Month-to-month,DSL,35.15,1051.05,Electronic check,48.34,48.34,Medium
8065-QBYTO,Female,1,No,No,71,One year,Fiber optic,99.65,7181.25,Credit card (automatic),23.86,23.86,Low
2133-TSRRM,Female,0,No,Yes,34,Month-to-month,Fiber optic,105.35,3688.6,Bank transfer (automatic),41.4,41.4,Medium
7384-GHBPI,Male,0,Yes,No,3,Month-to-month,DSL,35.15,99.75,Electronic check,85.87,85.87,High
7603-USHJS,Male,0,No,Yes,12,Month-to-month,Fiber optic,73.75,871.4,Credit card (automatic),71.66,71.66,High
7234-FECYN,Female,1,No,No,8,Month-to-month,Fiber optic,101.35,780.5,Electronic check,91.36,91.36,High
2511-ALLCS,Female,0,Yes,Yes,35,Two year,No,24.3,821.6,Bank transfer (automatic),1.89,1.89,Low
3191-CSNMG,Female,0,Yes,Yes,3,Month-to-month,Fiber optic,80.7,239.45,Electronic check,82.31,82.31,High
7952-OBOYL,Male,0,No,No,3,Month-to-month,Fiber optic,89.85,244.45,Mailed check,77.7,77.7,High
7470-DYNOE,Male,0,No,No,53,One year,DSL,61.1,3357.9,Electronic check,21.19,21.19,Low
7853-OETYL,Female,0,Yes,No,4,Month-to-month,DSL,29.05,129.6,Electronic check,70.14,70.14,High
1545-ACTAS,Female,0,Yes,Yes,48,One year,Fiber optic,99.7,4977.2,Bank transfer (automatic),23.04,23.04,Low
5876-HZVZM,Female,0,Yes,Yes,6,Month-to-month,DSL,55.9,365.35,Credit card (automatic),53.39,53.39,Medium
1400-MMYXY,Male,1,Yes,No,3,Month-to-month,Fiber optic,105.9,334.65,Electronic check,93.08,93.08,High
5126-RCXYW,Male,0,Yes,Yes,54,Two year,DSL,46.0,2424.05,Credit card (automatic),7.47,7.47,Low
3085-QUOZK,Female,0,No,No,1,Month-to-month,DSL,43.95,43.95,Mailed check,64.9,64.9,High
2363-BJLSL,Male,0,No,No,62,Month-to-month,DSL,80.4,4981.15,Bank transfer (automatic),32.54,32.54,Medium
1956-YIFGE,Male,0,Yes,Yes,22,One year,Fiber optic,100.05,2090.25,Mailed check,58.61,58.61,Medium
3926-CUQZX,Male,0,No,No,1,Month-to-month,DSL,45.1,45.1,Bank transfer (automatic),63.37,63.37,High
7921-LMDFQ,Male,1,No,No,51,One year,Fiber optic,94.0,4905.75,Bank transfer (automatic),36.46,36.46,Medium
2925-MXLSX,Female,0,No,No,30,One year,DSL,68.95,2038.7,Credit card (automatic),24.58,24.58,Low
5820-PTRYM,Female,1,Yes,No,56,One year,DSL,68.45,4014.0,Credit card (automatic),9.7,9.7,Low
9609-BENEA,Male,0,Yes,No,35,One year,DSL,69.0,2441.7,Electronic check,11.08,11.08,Low
6211-WHMYA,Female,1,No,No,64,Month-to-month,DSL,43.85,2751.0,Electronic check,29.17,29.17,Low
4459-BBGHE,Male,0,No,Yes,30,Month-to-month,DSL,44.5,1307.8,Electronic check,69.07,69.07,High
9945-PSVIP,Female,0,Yes,Yes,25,Two year,No,18.7,383.65,Mailed check,3.47,3.47,Low
1041-RXHRA,Female,0,No,No,41,Month-to-month,Fiber optic,70.25,2868.05,Bank transfer (automatic),37.33,37.33,Medium
1750-CSKKM,Male,0,No,Yes,9,Month-to-month,DSL,55.35,449.75,Electronic check,60.77,60.77,High
9108-EJFJP,Female,0,Yes,No,1,Month-to-month,DSL,53.55,53.55,Mailed check,52.84,52.84,Medium
0530-IJVDB,Male,0,No,Yes,70,Two year,Fiber optic,114.6,7882.5,Electronic check,8.72,8.72,Low
0508-SQWPL,Female,0,Yes,Yes,57,Two year,No,20.1,1087.7,Bank transfer (automatic),3.26,3.26,Low
2215-ZAFGX,Male,0,No,No,9,Month-to-month,Fiber optic,85.5,791.7,Electronic check,84.75,84.75,High
8213-TAZPM,Female,0,Yes,Yes,69,One year,Fiber optic,108.75,7493.05,Bank transfer (automatic),30.27,30.27,Medium
7142-HVGBG,Male,1,Yes,No,43,Month-to-month,Fiber optic,103.0,4414.3,Electronic check,73.75,73.75,High
1304-SEGFY,Female,0,Yes,No,72,Two year,Fiber optic,97.85,6841.3,Electronic check,30.46,30.46,Medium
7242-EDTYC,Male,0,No,Yes,44,Two year,No,19.55,819.95,Bank transfer (automatic),3.72,3.72,Low
2904-GGUAZ,Female,0,Yes,No,72,Two year,Fiber optic,84.05,6052.25,Bank transfer (automatic),2.15,2.15,Low
8267-ZNYVZ,Female,0,Yes,No,33,One year,Fiber optic,103.75,3361.05,Electronic check,52.07,52.07,Medium
5136-GFPMB,Male,0,No,No,54,Month-to-month,Fiber optic,89.4,4869.5,Credit card (automatic),43.47,43.47,Medium
2595-KIWPV,Male,0,No,Yes,27,Two year,No,19.7,509.3,Credit card (automatic),4.05,4.05,Low
5243-SAOTC,Male,0,No,No,54,Month-to-month,Fiber optic,79.85,4308.25,Bank transfer (automatic),47.19,47.19,Medium
9398-MMQTO,Male,0,No,No,3,Month-to-month,Fiber optic,74.45,221.1,Credit card (automatic),63.95,63.95,High
7619-PLRLP,Female,0,Yes,No,53,One year,DSL,74.1,3833.95,Bank transfer (automatic),8.12,8.12,Low
6457-GIRWB,Male,0,No,No,1,Month-to-month,Fiber optic,69.35,69.35,Electronic check,79.7,79.7,High
6508-NJYRO,Male,0,Yes,No,15,One year,No,18.8,294.95,Mailed check,9.03,9.03,Low
1450-SKCVI,Female,0,No,No,56,Month-to-month,Fiber optic,73.85,4092.85,Electronic check,46.13,46.13,Medium
4710-NKCAW,Male,0,Yes,Yes,5,Month-to-month,DSL,64.4,316.9,Credit card (automatic),51.45,51.45,Medium
5306-BVTKJ,Male,0,Yes,Yes,48,One year,DSL,55.8,2651.2,Credit card (automatic),15.39,15.39,Low
0357-NVCRI,Female,0,No,Yes,25,Month-to-month,No,20.05,471.7,Credit card (automatic),31.23,31.23,Medium
5570-PTWEH,Female,0,Yes,No,3,Month-to-month,Fiber optic,75.15,216.75,Credit card (automatic),77.76,77.76,High
2371-KFUOG,Male,0,No,No,58,One year,Fiber optic,99.15,5720.95,Bank transfer (automatic),26.03,26.03,Low
0463-ZSDNT,Male,0,No,No,10,Month-to-month,DSL,56.75,503.25,Bank transfer (automatic),55.85,55.85,Medium
6502-MJQAE,Male,0,No,No,1,Month-to-month,Fiber optic,69.6,69.6,Electronic check,79.72,79.72,High
6257-DTAYD,Male,0,Yes,No,71,Two year,Fiber optic,104.15,7365.3,Credit card (automatic),14.83,14.83,Low
4616-ULAOA,Female,0,Yes,Yes,65,Two year,Fiber optic,110.8,7245.9,Credit card (automatic),15.06,15.06,Low
7693-LCKZL,Male,0,Yes,Yes,5,Month-to-month,Fiber optic,80.15,385.0,Electronic check,82.08,82.08,High
7746-AWNQW,Female,0,No,No,28,Month-to-month,DSL,35.75,961.4,Mailed check,31.04,31.04,Medium
5996-EBTKM,Female,0,Yes,Yes,67,Two year,DSL,69.9,4615.9,Bank transfer (automatic),7.24,7.24,Low
2758-RNWXS,Male,0,No,No,35,One year,Fiber optic,89.2,3251.3,Electronic check,25.77,25.77,Low
2314-TNDJQ,Female,0,Yes,Yes,72,Two year,DSL,55.65,3880.05,Credit card (automatic),5.25,5.25,Low
2405-LBMUW,Female,0,Yes,Yes,61,One year,DSL,50.7,3088.75,Bank transfer (automatic),4.8,4.8,Low
3454-JFUBC,Male,1,No,No,68,Two year,No,20.0,1396.0,Credit card (automatic),5.64,5.64,Low
0032-PGELS,Female,0,Yes,Yes,1,Month-to-month,DSL,30.5,30.5,Bank transfer (automatic),53.88,53.88,Medium
9039-ZVJDC,Male,0,No,No,3,Month-to-month,No,19.1,53.05,Mailed check,51.78,51.78,Medium
6797-LNAQX,Male,0,Yes,Yes,70,Two year,Fiber optic,98.3,6859.5,Bank transfer (automatic),14.62,14.62,Low
9013-AQORL,Female,0,No,Yes,48,Month-to-month,DSL,45.55,2108.35,Credit card (automatic),41.66,41.66,Medium
2898-MRKPI,Male,0,Yes,Yes,68,One year,Fiber optic,101.05,6770.5,Credit card (automatic),43.7,43.7,Medium
2750-BJLSB,Female,0,No,No,47,One year,Fiber optic,103.7,4730.6,Electronic check,37.57,37.57,Medium
3648-GZPHF,Male,0,Yes,Yes,32,One year,DSL,36.25,1151.05,Mailed check,4.91,4.91,Low
2075-RMJIK,Female,0,Yes,Yes,5,Month-to-month,DSL,49.4,232.55,Mailed check,46.34,46.34,Medium
9588-YRFHY,Male,0,No,No,49,Two year,No,19.9,1022.6,Credit card (automatic),5.16,5.16,Low
6394-MFYNG,Female,0,No,No,48,Month-to-month,Fiber optic,107.4,5121.3,Bank transfer (automatic),60.77,60.77,High
1564-NTYXF,Female,1,No,No,13,Month-to-month,Fiber optic,82.0,1127.2,Electronic check,88.0,88.0,High
9364-YKUVW,Male,0,No,No,15,Month-to-month,No,19.8,309.4,Mailed check,50.63,50.63,Medium
5392-AKEMH,Female,0,No,No,12,Month-to-month,DSL,45.05,523.1,Electronic check,62.34,62.34,High
2451-YMUXS,Male,1,No,No,67,Two year,DSL,64.55,4250.1,Bank transfer (automatic),0.41,0.41,Low
3914-FDRHP,Male,0,No,No,9,Month-to-month,Fiber optic,86.25,770.5,Electronic check,64.91,64.91,High
3078-ZKNTS,Female,0,Yes,Yes,13,Two year,No,19.75,246.7,Bank transfer (automatic),5.9,5.9,Low
1024-KPRBB,Female,0,No,No,38,One year,Fiber optic,89.1,3342.0,Mailed check,55.77,55.77,Medium
4690-PKDQG,Female,1,Yes,No,42,Month-to-month,Fiber optic,95.55,3930.6,Electronic check,68.78,68.78,High
8155-IBNHG,Female,0,Yes,No,24,Month-to-month,Fiber optic,75.4,1747.85,Credit card (automatic),65.36,65.36,High
0886-QGENL,Female,1,Yes,No,27,Month-to-month,Fiber optic,101.25,2754.45,Electronic check,72.31,72.31,High
9547-ITEFG,Male,0,Yes,Yes,9,Month-to-month,Fiber optic,102.6,897.75,Credit card (automatic),80.56,80.56,High
1264-FUHCX,Female,0,Yes,No,49,One year,DSL,56.3,2780.6,Credit card (automatic),25.59,25.59,Low
7789-CRUVC,Female,1,Yes,No,61,Month-to-month,Fiber optic,94.2,5895.45,Credit card (automatic),33.64,33.64,Medium
6598-KELSS,Male,0,No,Yes,50,One year,DSL,43.05,2208.05,Bank transfer (automatic),8.03,8.03,Low
8739-WWKDU,Male,1,No,No,25,Month-to-month,Fiber optic,89.5,2196.15,Electronic check,75.98,75.98,High
8685-WHQPW,Female,1,No,No,22,Month-to-month,Fiber optic,74.4,1692.6,Bank transfer (automatic),75.75,75.75,High
4745-LSPLO,Male,0,No,No,1,Month-to-month,No,20.5,20.5,Mailed check,46.26,46.26,Medium
8083-YTZES,Male,0,No,No,4,Month-to-month,Fiber optic,74.35,265.35,Electronic check,82.44,82.44,High
7240-FQLHE,Female,1,Yes,No,18,Month-to-month,Fiber optic,99.75,1836.25,Bank transfer (automatic),72.69,72.69,High
6664-FPDAC,Female,1,No,No,56,One year,Fiber optic,111.95,6418.9,Electronic check,40.8,40.8,Medium
9972-VAFJJ,Female,1,Yes,No,53,One year,Fiber optic,94.0,4871.45,Electronic check,33.43,33.43,Medium
0422-UXFAP,Female,0,Yes,No,51,One year,Fiber optic,98.85,4947.55,Electronic check,54.74,54.74,Medium
1904-WAJAA,Female,0,Yes,Yes,24,Two year,DSL,64.35,1558.65,Electronic check,3.93,3.93,Low
5130-YPIRV,Female,0,Yes,No,62,Two year,DSL,72.0,4284.2,Credit card (automatic),5.92,5.92,Low
2843-CQMEG,Male,0,No,No,24,Month-to-month,DSL,49.7,1218.25,Mailed check,48.78,48.78,Medium
6439-PKTRR,Female,0,Yes,Yes,70,Two year,DSL,80.7,5617.95,Electronic check,1.99,1.99,Low
5351-QESIO,Male,0,No,Yes,1,Month-to-month,DSL,24.2,24.2,Mailed check,68.06,68.06,High
0786-VSSUD,Male,1,No,No,16,Month-to-month,DSL,39.0,679.85,Mailed check,77.32,77.32,High
5568-DMXZS,Female,0,No,No,8,Month-to-month,DSL,65.45,554.45,Electronic check,54.08,54.08,Medium
8468-FZTOE,Female,0,Yes,Yes,72,Two year,DSL,74.35,5237.4,Electronic check,3.03,3.03,Low
6633-SYEUS,Female,0,No,No,23,Month-to-month,Fiber optic,83.2,2032.3,Bank transfer (automatic),39.81,39.81,Medium
6447-GORXK,Male,0,No,Yes,31,Month-to-month,DSL,25.0,789.2,Credit card (automatic),38.23,38.23,Medium
6967-PEJLL,Male,0,Yes,Yes,37,One year,DSL,40.2,1525.35,Electronic check,5.47,5.47,Low
3976-BWUCK,Female,0,Yes,No,30,Month-to-month,Fiber optic,94.1,2804.45,Credit card (automatic),61.8,61.8,High
5981-ZVXOT,Female,1,No,No,35,One year,Fiber optic,108.35,3726.15,Electronic check,57.0,57.0,Medium
1684-FLBGS,Female,0,Yes,Yes,23,Month-to-month,DSL,69.5,1652.1,Credit card (automatic),48.79,48.79,Medium
1389-WNUIB,Female,0,Yes,Yes,20,One year,DSL,76.0,1588.75,Bank transfer (automatic),15.78,15.78,Low
0376-OIWME,Male,0,Yes,No,36,Month-to-month,Fiber optic,93.6,3366.05,Electronic check,62.9,62.9,High
3585-ISXZP,Female,0,No,No,8,Month-to-month,Fiber optic,95.65,778.1,Bank transfer (automatic),85.81,85.81,High
0218-QNVAS,Male,0,Yes,Yes,71,One year,Fiber optic,100.55,7113.75,Bank transfer (automatic),39.17,39.17,Medium
6583-QGCSI,Female,1,Yes,No,50,Month-to-month,Fiber optic,88.05,4367.35,Electronic check,63.42,63.42,High
0804-YGEQV,Female,0,Yes,Yes,43,One year,No,24.45,993.15,Bank transfer (automatic),4.86,4.86,Low
7164-BPTUT,Male,0,No,Yes,57,Two year,DSL,89.55,5012.35,Mailed check,2.11,2.11,Low
4174-LPGTI,Female,0,Yes,Yes,41,One year,DSL,66.5,2728.6,Bank transfer (automatic),21.67,21.67,Low
2523-EWWZL,Female,0,Yes,No,27,Month-to-month,Fiber optic,76.1,2093.4,Electronic check,64.37,64.37,High
0928-XUTSN,Female,0,No,No,13,Month-to-month,Fiber optic,80.5,1011.8,Electronic check,78.92,78.92,High
2108-XWMPY,Male,0,No,No,3,Month-to-month,DSL,35.45,106.85,Mailed check,62.88,62.88,High
0052-YNYOT,Female,0,No,No,67,One year,No,20.55,1343.4,Electronic check,6.26,6.26,Low
6304-IJFSQ,Male,0,No,No,3,Month-to-month,DSL,49.9,130.1,Mailed check,59.6,59.6,Medium
9586-JGQKH,Female,0,Yes,No,64,Two year,Fiber optic,105.4,6794.75,Bank transfer (automatic),11.12,11.12,Low
4501-VCPFK,Male,0,No,No,26,Month-to-month,DSL,35.75,1022.5,Electronic check,48.16,48.16,Medium
6075-SLNIL,Male,0,No,No,38,Month-to-month,Fiber optic,95.1,3691.2,Credit card (automatic),58.88,58.88,Medium
9347-AERRL,Male,0,Yes,No,23,One year,No,19.3,486.2,Credit card (automatic),9.97,9.97,Low
0093-XWZFY,Male,0,No,No,40,Month-to-month,Fiber optic,104.5,4036.85,Credit card (automatic),66.21,66.21,High
2274-XUATA,Male,1,Yes,No,72,Two year,DSL,63.1,4685.55,Bank transfer (automatic),1.2,1.2,Low
1980-KXVPM,Female,1,No,No,3,Month-to-month,Fiber optic,75.05,256.25,Credit card (automatic),80.65,80.65,High
7703-ZEKEF,Male,0,No,No,23,Month-to-month,Fiber optic,81.0,1917.1,Electronic check,72.84,72.84,High
0723-DRCLG,Female,1,Yes,No,1,Month-to-month,Fiber optic,74.45,74.45,Electronic check,89.31,89.31,High
5482-NUPNA,Female,0,No,No,4,Month-to-month,DSL,60.4,272.15,Mailed check,49.8,49.8,Medium
6691-CCIHA,Female,0,Yes,No,62,Two year,DSL,84.95,5150.55,Electronic check,3.7,3.7,Low
1685-BQULA,Female,0,No,No,40,Month-to-month,Fiber optic,93.4,3756.4,Bank transfer (automatic),63.77,63.77,High
9053-EJUNL,Male,0,No,No,41,Month-to-month,Fiber optic,89.2,3645.75,Electronic check,67.79,67.79,High
0666-UXTJO,Male,1,Yes,No,34,Month-to-month,Fiber optic,85.2,2874.45,Credit card (automatic),51.71,51.71,Medium
1471-GIQKQ,Female,0,No,No,1,Month-to-month,DSL,49.95,49.95,Electronic check,59.8,59.8,Medium
4807-IZYOZ,Female,0,No,No,51,Two year,No,20.65,1020.75,Bank transfer (automatic),4.68,4.68,Low
1122-JWTJW,Male,0,Yes,Yes,1,Month-to-month,Fiber optic,70.65,70.65,Mailed check,83.16,83.16,High
9710-NJERN,Female,0,No,No,39,Two year,No,20.15,826.0,Mailed check,4.58,4.58,Low
9837-FWLCH,Male,0,Yes,Yes,12,Month-to-month,No,19.2,239.0,Electronic check,51.3,51.3,Medium
1699-HPSBG,Male,0,No,No,12,One year,DSL,59.8,727.8,Electronic check,45.49,45.49,Medium
7203-OYKCT,Male,0,No,No,72,One year,Fiber optic,104.95,7544.3,Electronic check,56.3,56.3,Medium
1035-IPQPU,Female,1,Yes,No,63,Month-to-month,Fiber optic,103.5,6479.4,Electronic check,53.06,53.06,Medium
7398-LXGYX,Male,0,Yes,No,44,Month-to-month,Fiber optic,84.8,3626.35,Credit card (automatic),43.67,43.67,Medium
2823-LKABH,Female,0,No,No,18,Month-to-month,Fiber optic,95.05,1679.4,Bank transfer (automatic),69.06,69.06,High
8775-CEBBJ,Female,0,No,No,9,Month-to-month,DSL,44.2,403.35,Bank transfer (automatic),59.11,59.11,Medium
0550-DCXLH,Male,0,No,No,13,Month-to-month,DSL,73.35,931.55,Mailed check,40.32,40.32,Medium
9281-CEDRU,Female,0,Yes,No,68,Two year,DSL,64.1,4326.25,Bank transfer (automatic),2.81,2.81,Low
2235-DWLJU,Female,1,No,No,6,Month-to-month,DSL,44.4,263.05,Electronic check,89.24,89.24,High
0871-OPBXW,Female,0,No,No,2,Month-to-month,No,20.05,39.25,Mailed check,53.32,53.32,Medium
3605-JISKB,Male,1,Yes,No,55,One year,DSL,60.0,3316.1,Credit card (automatic),13.17,13.17,Low
6894-LFHLY,Male,1,No,No,1,Month-to-month,Fiber optic,75.75,75.75,Electronic check,86.15,86.15,High
9767-FFLEM,Male,0,No,No,38,Month-to-month,Fiber optic,69.5,2625.25,Credit card (automatic),48.54,48.54,Medium
0639-TSIQW,Female,0,No,No,67,Month-to-month,Fiber optic,102.95,6886.25,Credit card (automatic),40.27,40.27,Medium
8456-QDAVC,Male,0,No,No,19,Month-to-month,Fiber optic,78.7,1495.1,Bank transfer (automatic),71.65,71.65,High
7750-EYXWZ,Female,0,No,No,12,One year,DSL,60.65,743.3,Electronic check,35.68,35.68,Medium
2569-WGERO,Female,0,No,No,72,Two year,No,21.15,1419.4,Bank transfer (automatic),4.3,4.3,Low
6840-RESVB,Male,0,Yes,Yes,24,One year,DSL,84.8,1990.5,Mailed check,9.66,9.66,Low
2234-XADUH,Female,0,Yes,Yes,72,One year,Fiber optic,103.2,7362.9,Credit card (automatic),36.14,36.14,Medium
4801-JZAZL,Female,0,Yes,Yes,11,Month-to-month,DSL,29.6,346.45,Electronic check,52.6,52.6,Medium
8361-LTMKD,Male,1,Yes,No,4,Month-to-month,Fiber optic,74.4,306.6,Mailed check,86.18,86.18,High
3186-AJIEK,Male,0,No,No,66,Two year,Fiber optic,105.65,6844.5,Bank transfer (automatic),10.09,10.09,Low
